semestre,predio,sala,capacidade_sala,tipo_sala,vagas_turma,codigo_disciplina,turma,nome_disciplina,docente,curso,dia_semana,hora_inicio,hora_fim,numero_periodos,vagas_oferecidas,vagas_totais_compartilhadas,turmas_compartilhando_sala,etapa,creditos,encontro_id,solucao,alterado,turno_original,turno_alvo,turno_proposto,motivo_alteracao,excecao_turno,tipo_mudanca,status_solver
2026/2,Faculdade de Arquitetura - 12103,Sala 103,62,Sala de aula,16,ARQ01045,C,MAQUETES,Prof01,ARQU,SEGUNDA-FEIRA,09:30,12:30,3,18,36,C/D,1,3,EV-ad400c60c579416f,A,nao,Manhã,Manhã/Noite,Manhã,,,sem_alteracao,OPTIMAL
2026/2,Faculdade de Arquitetura - 12103,Sala 103,62,Sala de aula,16,ARQ01045,D,MAQUETES,Prof05,ARQU,SEGUNDA-FEIRA,09:30,12:30,3,18,36,C/D,1,3,EV-ad400c60c579416f,A,nao,Manhã,Manhã/Noite,Manhã,,,sem_alteracao,OPTIMAL
2026/2,Faculdade de Arquitetura - 12103,Sala 103,62,Sala de aula,16,ARQ01045,A,MAQUETES,Prof01,ARQU,QUARTA-FEIRA,09:30,12:30,3,18,36,A/B,1,3,EV-283177d05ce877fd,A,nao,Manhã,Manhã/Noite,Manhã,,,sem_alteracao,OPTIMAL
2026/2,Faculdade de Arquitetura - 12103,Sala 103,62,Sala de aula,16,ARQ01045,B,MAQUETES,Prof05,ARQU,QUARTA-FEIRA,09:30,12:30,3,18,36,A/B,1,3,EV-283177d05ce877fd,A,nao,Manhã,Manhã/Noite,Manhã,,,sem_alteracao,OPTIMAL
2026/2,Faculdade de Arquitetura - 12103,Sala 103,62,Sala de aula,16,ARQ03067,A,PRÁTICA INTEGRADA DE CRIAÇÃO II,Prof04,DVIS,TERÇA-FEIRA,19:30,21:30,2,20,40,A/AA,2,4,EV-ffdec6771729059d,A,sim,Manhã,Tarde/Noite,Noite,Ajuste global por restrições invioláveis; nível de preservação 3.,,horario,OPTIMAL
2026/2,Faculdade de Arquitetura - 12103,Sala 103,62,Sala de aula,16,ARQ03067,A,PRÁTICA INTEGRADA DE CRIAÇÃO II,Prof04,DPRO,TERÇA-FEIRA,19:30,21:30,2,20,40,A/AA,2,4,EV-ffdec6771729059d,A,sim,Manhã,Tarde/Noite,Noite,Ajuste global por restrições invioláveis; nível de preservação 3.,,horario,OPTIMAL
2026/2,Faculdade de Arquitetura - 12103,Sala 103,62,Sala de aula,16,ARQ03067,AA,PRÁTICA INTEGRADA DE CRIAÇÃO II,Prof06,DVIS,TERÇA-FEIRA,19:30,21:30,2,20,40,A/AA,2,4,EV-ffdec6771729059d,A,sim,Manhã,Tarde/Noite,Noite,Ajuste global por restrições invioláveis; nível de preservação 3.,,horario,OPTIMAL
2026/2,Faculdade de Arquitetura - 12103,Sala 103,62,Sala de aula,16,ARQ03067,AA,PRÁTICA INTEGRADA DE CRIAÇÃO II,Prof06,DPRO,TERÇA-FEIRA,19:30,21:30,2,20,40,A/AA,2,4,EV-ffdec6771729059d,A,sim,Manhã,Tarde/Noite,Noite,Ajuste global por restrições invioláveis; nível de preservação 3.,,horario,OPTIMAL
2026/2,Faculdade de Arquitetura - 12103,Sala 103,62,Sala de aula,16,ARQ03067,A,PRÁTICA INTEGRADA DE CRIAÇÃO II,Prof04,DVIS,QUINTA-FEIRA,17:30,19:30,2,20,40,A/AA,2,4,EV-3640e1e402a958fb,A,sim,Manhã,Tarde/Noite,Tarde/Noite,Ajuste global por restrições invioláveis; nível de preservação 3.,,horario,OPTIMAL
2026/2,Faculdade de Arquitetura - 12103,Sala 103,62,Sala de aula,16,ARQ03067,A,PRÁTICA INTEGRADA DE CRIAÇÃO II,Prof04,DPRO,QUINTA-FEIRA,17:30,19:30,2,20,40,A/AA,2,4,EV-3640e1e402a958fb,A,sim,Manhã,Tarde/Noite,Tarde/Noite,Ajuste global por restrições invioláveis; nível de preservação 3.,,horario,OPTIMAL
2026/2,Faculdade de Arquitetura - 12103,Sala 103,62,Sala de aula,16,ARQ03067,AA,PRÁTICA INTEGRADA DE CRIAÇÃO II,Prof06,DVIS,QUINTA-FEIRA,17:30,19:30,2,20,40,A/AA,2,4,EV-3640e1e402a958fb,A,sim,Manhã,Tarde/Noite,Tarde/Noite,Ajuste global por restrições invioláveis; nível de preservação 3.,,horario,OPTIMAL
2026/2,Faculdade de Arquitetura - 12103,Sala 103,62,Sala de aula,16,ARQ03067,AA,PRÁTICA INTEGRADA DE CRIAÇÃO II,Prof06,DPRO,QUINTA-FEIRA,17:30,19:30,2,20,40,A/AA,2,4,EV-3640e1e402a958fb,A,sim,Manhã,Tarde/Noite,Tarde/Noite,Ajuste global por restrições invioláveis; nível de preservação 3.,,horario,OPTIMAL
2026/2,Faculdade de Arquitetura - 12103,Sala 103,62,Sala de aula,16,ARQ03066,A,OFICINA DE MODELOS E PROTÓTIPOS,Prof02,DVIS,SEGUNDA-FEIRA,13:30,17:30,4,12,24,A/AA,1,4,EV-b1b416e8704f7959,A,nao,Tarde,Tarde/Noite,Tarde,,,sem_alteracao,OPTIMAL
2026/2,Faculdade de Arquitetura - 12103,Sala 103,62,Sala de aula,16,ARQ03066,A,OFICINA DE MODELOS E PROTÓTIPOS,Prof02,DPRO,SEGUNDA-FEIRA,13:30,17:30,4,12,24,A/AA,1,4,EV-b1b416e8704f7959,A,nao,Tarde,Tarde/Noite,Tarde,,,sem_alteracao,OPTIMAL
2026/2,Faculdade de Arquitetura - 12103,Sala 103,62,Sala de aula,16,ARQ03066,AA,OFICINA DE MODELOS E PROTÓTIPOS,Prof03,DVIS,SEGUNDA-FEIRA,13:30,17:30,4,12,24,A/AA,1,4,EV-b1b416e8704f7959,A,nao,Tarde,Tarde/Noite,Tarde,,,sem_alteracao,OPTIMAL
2026/2,Faculdade de Arquitetura - 12103,Sala 103,62,Sala de aula,16,ARQ03066,AA,OFICINA DE MODELOS E PROTÓTIPOS,Prof03,DPRO,SEGUNDA-FEIRA,13:30,17:30,4,12,24,A/AA,1,4,EV-b1b416e8704f7959,A,nao,Tarde,Tarde/Noite,Tarde,,,sem_alteracao,OPTIMAL
2026/2,Faculdade de Arquitetura - 12103,Sala 103,62,Sala de aula,16,ARQ03066,B,OFICINA DE MODELOS E PROTÓTIPOS,Prof03,DVIS,SEXTA-FEIRA,13:30,17:30,4,12,24,B/BB,1,4,EV-89b897810a973637,A,nao,Tarde,Tarde/Noite,Tarde,,,sem_alteracao,OPTIMAL
2026/2,Faculdade de Arquitetura - 12103,Sala 103,62,Sala de aula,16,ARQ03066,B,OFICINA DE MODELOS E PROTÓTIPOS,Prof03,DPRO,SEXTA-FEIRA,13:30,17:30,4,12,24,B/BB,1,4,EV-89b897810a973637,A,nao,Tarde,Tarde/Noite,Tarde,,,sem_alteracao,OPTIMAL
2026/2,Faculdade de Arquitetura - 12103,Sala 103,62,Sala de aula,16,ARQ03066,BB,OFICINA DE MODELOS E PROTÓTIPOS,Prof02,DVIS,SEXTA-FEIRA,13:30,17:30,4,12,24,B/BB,1,4,EV-89b897810a973637,A,nao,Tarde,Tarde/Noite,Tarde,,,sem_alteracao,OPTIMAL
2026/2,Faculdade de Arquitetura - 12103,Sala 103,62,Sala de aula,16,ARQ03066,BB,OFICINA DE MODELOS E PROTÓTIPOS,Prof02,DPRO,SEXTA-FEIRA,13:30,17:30,4,12,24,B/BB,1,4,EV-89b897810a973637,A,nao,Tarde,Tarde/Noite,Tarde,,,sem_alteracao,OPTIMAL
2026/2,Faculdade de Arquitetura - 12103,Sala 103,62,Sala de aula,16,ARQ03110,A,OFICINA DE MODELOS E PROTÓTIPOS II,Prof03,DVIS,QUARTA-FEIRA,18:30,22:30,4,15,15,A,0,4,EV-bb6dbc07dace1582,A,nao,Noite,Tarde/Noite,Noite,,,sem_alteracao,OPTIMAL
2026/2,Faculdade de Arquitetura - 12103,Sala 103,62,Sala de aula,16,ARQ03110,A,OFICINA DE MODELOS E PROTÓTIPOS II,Prof03,DPRO,QUARTA-FEIRA,18:30,22:30,4,15,15,A,0,4,EV-bb6dbc07dace1582,A,nao,Noite,Tarde/Noite,Noite,,,sem_alteracao,OPTIMAL
2026/2,Faculdade de Arquitetura - 12103,Sala 301A,20,Laboratório de Informática,20,ARQ03071,A,COMPUTAÇÃO GRÁFICA I,Prof10,DVIS,SEGUNDA-FEIRA,17:30,19:30,2,15,15,A,3,4,EV-651606854a844f7b,A,sim,Manhã,Tarde/Noite,Tarde/Noite,Ajuste global por restrições invioláveis; nível de preservação 3.,,horario,OPTIMAL
2026/2,Faculdade de Arquitetura - 12103,Sala 301A,20,Laboratório de Informática,20,ARQ03071,A,COMPUTAÇÃO GRÁFICA I,Prof10,DPRO,SEGUNDA-FEIRA,17:30,19:30,2,15,15,A,3,4,EV-651606854a844f7b,A,sim,Manhã,Tarde/Noite,Tarde/Noite,Ajuste global por restrições invioláveis; nível de preservação 3.,,horario,OPTIMAL
2026/2,Faculdade de Arquitetura - 12103,Sala 301A,20,Laboratório de Informática,20,ARQ03071,A,COMPUTAÇÃO GRÁFICA I,Prof10,DVIS,QUARTA-FEIRA,17:30,19:30,2,15,15,A,3,4,EV-6fdd9b047de74760,A,sim,Manhã,Tarde/Noite,Tarde/Noite,Ajuste global por restrições invioláveis; nível de preservação 3.,,horario,OPTIMAL
2026/2,Faculdade de Arquitetura - 12103,Sala 301A,20,Laboratório de Informática,20,ARQ03071,A,COMPUTAÇÃO GRÁFICA I,Prof10,DPRO,QUARTA-FEIRA,17:30,19:30,2,15,15,A,3,4,EV-6fdd9b047de74760,A,sim,Manhã,Tarde/Noite,Tarde/Noite,Ajuste global por restrições invioláveis; nível de preservação 3.,,horario,OPTIMAL
2026/2,Faculdade de Arquitetura - 12103,Sala 301A,20,Laboratório de Informática,20,ARQ03071,B,COMPUTAÇÃO GRÁFICA I,Prof10,DVIS,SEGUNDA-FEIRA,15:30,17:30,2,20,20,B,3,4,EV-c799ee6ce44c101e,A,sim,Manhã,Tarde/Noite,Tarde,Ajuste global por restrições invioláveis; nível de preservação 3.,,horario,OPTIMAL
2026/2,Faculdade de Arquitetura - 12103,Sala 301A,20,Laboratório de Informática,20,ARQ03071,B,COMPUTAÇÃO GRÁFICA I,Prof10,DPRO,SEGUNDA-FEIRA,15:30,17:30,2,20,20,B,3,4,EV-c799ee6ce44c101e,A,sim,Manhã,Tarde/Noite,Tarde,Ajuste global por restrições invioláveis; nível de preservação 3.,,horario,OPTIMAL
2026/2,Faculdade de Arquitetura - 12103,Sala 301B,20,Laboratório de Informática,20,ARQ03071,B,COMPUTAÇÃO GRÁFICA I,Prof10,DVIS,QUARTA-FEIRA,20:30,22:30,2,20,20,B,3,4,EV-be761c4eb3c75d10,A,sim,Manhã,Tarde/Noite,Noite,Ajuste global por restrições invioláveis; nível de preservação 3.,,sala+horario,OPTIMAL
2026/2,Faculdade de Arquitetura - 12103,Sala 301B,20,Laboratório de Informática,20,ARQ03071,B,COMPUTAÇÃO GRÁFICA I,Prof10,DPRO,QUARTA-FEIRA,20:30,22:30,2,20,20,B,3,4,EV-be761c4eb3c75d10,A,sim,Manhã,Tarde/Noite,Noite,Ajuste global por restrições invioláveis; nível de preservação 3.,,sala+horario,OPTIMAL
2026/2,Faculdade de Arquitetura - 12103,Sala 301A,20,Laboratório de Informática,20,ARQ01009,D,PROJETO ARQUITETÔNICO III,Prof07,ARQU,QUINTA-FEIRA,09:30,12:30,3,15,15,D,5,10,EV-6fc976504553a0dc,A,nao,Manhã,Manhã/Noite,Manhã,,,sem_alteracao,OPTIMAL
2026/2,Faculdade de Arquitetura - 12103,Sala 301A,20,Laboratório de Informática,20,ARQ01009,D,PROJETO ARQUITETÔNICO III,Prof07,ARQU,SEXTA-FEIRA,09:30,12:30,3,15,15,D,5,10,EV-ab6cfbb9b7d1a82d,A,nao,Manhã,Manhã/Noite,Manhã,,,sem_alteracao,OPTIMAL
2026/2,Faculdade de Arquitetura - 12103,Sala 301A,20,Laboratório de Informática,20,ENG03040,U,SISTEMAS ESTRUTURAIS APLICADOS,Prof12,DPRO,TERÇA-FEIRA,13:30,15:30,2,16,16,U,7,4,EV-efbadc0c9ac4075a,A,sim,Manhã,Tarde/Noite,Tarde,Ajuste global por restrições invioláveis; nível de preservação 3.,,horario,OPTIMAL
2026/2,Faculdade de Arquitetura - 12103,Sala 301A,20,Laboratório de Informática,20,ARQ03138,A,COMPUTAÇÃO GRÁFICA II: DESIGN DE PRODUTO,Prof10,DVIS,SEGUNDA-FEIRA,13:30,15:30,2,20,20,A,0,4,EV-4a2b85b018082647,A,nao,Tarde,Tarde/Noite,Tarde,,,sem_alteracao,OPTIMAL
2026/2,Faculdade de Arquitetura - 12103,Sala 301A,20,Laboratório de Informática,20,ARQ03138,A,COMPUTAÇÃO GRÁFICA II: DESIGN DE PRODUTO,Prof10,DPRO,SEGUNDA-FEIRA,13:30,15:30,2,20,20,A,5,4,EV-4a2b85b018082647,A,nao,Tarde,Tarde/Noite,Tarde,,,sem_alteracao,OPTIMAL
2026/2,Faculdade de Arquitetura - 12103,Sala 301A,20,Laboratório de Informática,20,ARQ03138,A,COMPUTAÇÃO GRÁFICA II: DESIGN DE PRODUTO,Prof10,DVIS,QUARTA-FEIRA,13:30,15:30,2,20,20,A,0,4,EV-fbb02f06f6828713,A,nao,Tarde,Tarde/Noite,Tarde,,,sem_alteracao,OPTIMAL
2026/2,Faculdade de Arquitetura - 12103,Sala 301A,20,Laboratório de Informática,20,ARQ03138,A,COMPUTAÇÃO GRÁFICA II: DESIGN DE PRODUTO,Prof10,DPRO,QUARTA-FEIRA,13:30,15:30,2,20,20,A,5,4,EV-fbb02f06f6828713,A,nao,Tarde,Tarde/Noite,Tarde,,,sem_alteracao,OPTIMAL
2026/2,Faculdade de Arquitetura - 12103,Sala 301A,20,Laboratório de Informática,20,ARQ01075,C1,REPRESENTAÇÃO GRÁFICA I,Prof08,ARQU,SEXTA-FEIRA,19:30,22:30,3,12,12,C1,2,6,EV-d894a77d65ed1ed5,A,sim,Tarde,Manhã/Noite,Noite,Ajuste global por restrições invioláveis; nível de preservação 3.,,horario,OPTIMAL
2026/2,Faculdade de Arquitetura - 12103,Sala 301A,20,Laboratório de Informática,20,ARQ02027,A,SISTEMAS DE INFORMAÇÕES GEOGRÁFICAS EM URBANISMO,Prof09,ARQU,TERÇA-FEIRA,08:30,12:30,4,20,20,A,0,4,EV-8cd8f07b600f9f9b,A,sim,Tarde,Manhã/Noite,Manhã,Ajuste global por restrições invioláveis; nível de preservação 3.,,horario,OPTIMAL
2026/2,Faculdade de Arquitetura - 12103,Sala 301A,20,Laboratório de Informática,20,ARQ01009,D,PROJETO ARQUITETÔNICO III,Prof07,ARQU,TERÇA-FEIRA,18:30,22:30,4,15,15,D,5,10,EV-24cb984c2c1dc965,A,nao,Noite,Manhã/Noite,Noite,,,sem_alteracao,OPTIMAL
2026/2,Faculdade de Arquitetura - 12103,Sala 301A,20,Laboratório de Informática,20,ARQ01075,C1,REPRESENTAÇÃO GRÁFICA I,Prof08,ARQU,QUINTA-FEIRA,18:30,21:30,3,12,12,C1,2,6,EV-11bb4409d9029e28,A,nao,Noite,Manhã/Noite,Noite,,,sem_alteracao,OPTIMAL
2026/2,Faculdade de Arquitetura - 12103,Sala 301A,20,Laboratório de Informática,20,ARQ03078,A,PROJETO VISUAL II,Prof11,DVIS,SEGUNDA-FEIRA,19:30,22:30,3,18,18,A,5,6,EV-e6e2e1cd49d946b8,A,nao,Noite,Tarde/Noite,Noite,,,sem_alteracao,OPTIMAL
2026/2,Faculdade de Arquitetura - 12103,Sala 301A,20,Laboratório de Informática,20,ARQ03078,A,PROJETO VISUAL II,Prof11,DVIS,QUARTA-FEIRA,19:30,22:30,3,18,18,A,5,6,EV-7160fc9821cfef94,A,nao,Noite,Tarde/Noite,Noite,,,sem_alteracao,OPTIMAL
2026/2,Faculdade de Arquitetura - 12103,Sala 301B,28,Laboratório de Informática,20,ARQ03073,A,PROJETO VISUAL I,Prof15,DVIS,TERÇA-FEIRA,16:30,19:30,3,16,16,A,4,6,EV-0ae557b20d28883b,A,sim,Manhã,Tarde/Noite,Tarde/Noite,Ajuste global por restrições invioláveis; nível de preservação 3.,,horario,OPTIMAL
2026/2,Faculdade de Arquitetura - 12103,Sala 301B,28,Laboratório de Informática,20,ARQ01008,C,PROJETO ARQUITETÔNICO II,Prof13,ARQU,QUARTA-FEIRA,09:30,12:30,3,15,15,C,4,10,EV-44eb880e0551502b,A,nao,Manhã,Manhã/Noite,Manhã,,,sem_alteracao,OPTIMAL
2026/2,Faculdade de Arquitetura - 12103,Sala 301B,28,Laboratório de Informática,20,ARQ03073,A,PROJETO VISUAL I,Prof15,DVIS,QUINTA-FEIRA,16:30,19:30,3,16,16,A,4,6,EV-48954290e8d4e262,A,sim,Manhã,Tarde/Noite,Tarde/Noite,Ajuste global por restrições invioláveis; nível de preservação 3.,,horario,OPTIMAL
2026/2,Faculdade de Arquitetura - 12103,Sala 301B,28,Laboratório de Informática,20,ARQ01008,C,PROJETO ARQUITETÔNICO II,Prof13,ARQU,SEXTA-FEIRA,09:30,12:30,3,15,15,C,4,10,EV-16dee92f4a29495a,A,nao,Manhã,Manhã/Noite,Manhã,,,sem_alteracao,OPTIMAL
2026/2,Faculdade de Arquitetura - 12103,Sala 301B,28,Laboratório de Informática,20,ARQ03130,A,COMPUTAÇÃO GRÁFICA II: DESIGN VISUAL,Prof16,DVIS,SEGUNDA-FEIRA,13:30,15:30,2,20,20,A,5,4,EV-a0566be5653dfb5f,A,nao,Tarde,Tarde/Noite,Tarde,,,sem_alteracao,OPTIMAL
2026/2,Faculdade de Arquitetura - 12103,Sala 301B,28,Laboratório de Informática,20,ARQ03130,A,COMPUTAÇÃO GRÁFICA II: DESIGN VISUAL,Prof16,DPRO,SEGUNDA-FEIRA,13:30,15:30,2,20,20,A,0,4,EV-a0566be5653dfb5f,A,nao,Tarde,Tarde/Noite,Tarde,,,sem_alteracao,OPTIMAL
2026/2,Faculdade de Arquitetura - 12103,Sala 301B,28,Laboratório de Informática,20,ARQ03084,A,PROJETO VISUAL III,Prof17,DVIS,TERÇA-FEIRA,13:30,16:30,3,19,19,A,7,6,EV-40445b3691aa2601,A,nao,Tarde,Tarde/Noite,Tarde,,,sem_alteracao,OPTIMAL
2026/2,Faculdade de Arquitetura - 12103,Sala 301B,28,Laboratório de Informática,20,ARQ03130,A,COMPUTAÇÃO GRÁFICA II: DESIGN VISUAL,Prof16,DVIS,QUARTA-FEIRA,13:30,15:30,2,20,20,A,5,4,EV-9fdaaa3b27ff1e45,A,nao,Tarde,Tarde/Noite,Tarde,,,sem_alteracao,OPTIMAL
2026/2,Faculdade de Arquitetura - 12103,Sala 301B,28,Laboratório de Informática,20,ARQ03130,A,COMPUTAÇÃO GRÁFICA II: DESIGN VISUAL,Prof16,DPRO,QUARTA-FEIRA,13:30,15:30,2,20,20,A,0,4,EV-9fdaaa3b27ff1e45,A,nao,Tarde,Tarde/Noite,Tarde,,,sem_alteracao,OPTIMAL
2026/2,Faculdade de Arquitetura - 12103,Sala 301B,28,Laboratório de Informática,20,ARQ03084,A,PROJETO VISUAL III,Prof17,DVIS,QUINTA-FEIRA,13:30,16:30,3,19,19,A,7,6,EV-884f67d790f45a98,A,nao,Tarde,Tarde/Noite,Tarde,,,sem_alteracao,OPTIMAL
2026/2,Faculdade de Arquitetura - 12103,Sala 301B,28,Laboratório de Informática,20,ARQ03075,A,SISTEMAS GRÁFICO-DIGITAIS II,Prof16,DVIS,SEGUNDA-FEIRA,15:30,17:30,2,25,25,A,4,4,EV-5523eb384afae1cc,A,nao,Tarde,Tarde/Noite,Tarde,,,sem_alteracao,OPTIMAL
2026/2,Faculdade de Arquitetura - 12103,Sala 301B,28,Laboratório de Informática,20,ARQ03075,A,SISTEMAS GRÁFICO-DIGITAIS II,Prof16,DPRO,SEGUNDA-FEIRA,15:30,17:30,2,25,25,A,0,4,EV-5523eb384afae1cc,A,nao,Tarde,Tarde/Noite,Tarde,,,sem_alteracao,OPTIMAL
2026/2,Faculdade de Arquitetura - 12103,Sala 301B,28,Laboratório de Informática,20,ARQ03075,A,SISTEMAS GRÁFICO-DIGITAIS II,Prof16,DVIS,QUARTA-FEIRA,15:30,17:30,2,25,25,A,4,4,EV-c85d32d36649fa87,A,nao,Tarde,Tarde/Noite,Tarde,,,sem_alteracao,OPTIMAL
2026/2,Faculdade de Arquitetura - 12103,Sala 301B,28,Laboratório de Informática,20,ARQ03075,A,SISTEMAS GRÁFICO-DIGITAIS II,Prof16,DPRO,QUARTA-FEIRA,15:30,17:30,2,25,25,A,0,4,EV-c85d32d36649fa87,A,nao,Tarde,Tarde/Noite,Tarde,,,sem_alteracao,OPTIMAL
2026/2,Faculdade de Arquitetura - 12103,Sala 301B,28,Laboratório de Informática,20,ARQ03070,B,SISTEMAS GRÁFICO-DIGITAIS I,Prof14,DVIS,SEGUNDA-FEIRA,18:30,20:30,2,25,25,B,3,4,EV-54bf507ec9ef8a11,A,nao,Noite,Tarde/Noite,Noite,,,sem_alteracao,OPTIMAL
2026/2,Faculdade de Arquitetura - 12103,Sala 301B,28,Laboratório de Informática,20,ARQ03070,B,SISTEMAS GRÁFICO-DIGITAIS I,Prof14,DPRO,SEGUNDA-FEIRA,18:30,20:30,2,25,25,B,0,4,EV-54bf507ec9ef8a11,A,nao,Noite,Tarde/Noite,Noite,,,sem_alteracao,OPTIMAL
2026/2,Faculdade de Arquitetura - 12103,Sala 301B,28,Laboratório de Informática,20,ARQ03070,B,SISTEMAS GRÁFICO-DIGITAIS I,Prof14,DVIS,QUARTA-FEIRA,18:30,20:30,2,25,25,B,3,4,EV-6cd11af03f827831,A,nao,Noite,Tarde/Noite,Noite,,,sem_alteracao,OPTIMAL
2026/2,Faculdade de Arquitetura - 12103,Sala 301B,28,Laboratório de Informática,20,ARQ03070,B,SISTEMAS GRÁFICO-DIGITAIS I,Prof14,DPRO,QUARTA-FEIRA,18:30,20:30,2,25,25,B,0,4,EV-6cd11af03f827831,A,nao,Noite,Tarde/Noite,Noite,,,sem_alteracao,OPTIMAL
2026/2,Faculdade de Arquitetura - 12103,Sala 302,32,Laboratório de Informática,26,ARQ01076,A,REPRESENTAÇÃO GRÁFICA II,Prof21,ARQU,SEGUNDA-FEIRA,09:30,12:30,3,12,24,A/B,3,6,EV-602f2f121e87a822,A,nao,Manhã,Manhã/Noite,Manhã,,,sem_alteracao,OPTIMAL
2026/2,Faculdade de Arquitetura - 12103,Sala 302,32,Laboratório de Informática,26,ARQ01076,B,REPRESENTAÇÃO GRÁFICA II,Prof08,ARQU,SEGUNDA-FEIRA,09:30,12:30,3,12,24,A/B,3,6,EV-602f2f121e87a822,A,nao,Manhã,Manhã/Noite,Manhã,,,sem_alteracao,OPTIMAL
2026/2,Faculdade de Arquitetura - 12103,Sala 302,32,Laboratório de Informática,26,ARQ01075,A,REPRESENTAÇÃO GRÁFICA I,Prof20,ARQU,TERÇA-FEIRA,09:30,12:30,3,12,23,A/E,2,6,EV-8a82d85d493676e8,A,nao,Manhã,Manhã/Noite,Manhã,,,sem_alteracao,OPTIMAL
2026/2,Faculdade de Arquitetura - 12103,Sala 302,32,Laboratório de Informática,26,ARQ01075,E,REPRESENTAÇÃO GRÁFICA I,Prof01,ARQU,TERÇA-FEIRA,09:30,12:30,3,11,23,A/E,2,6,EV-8a82d85d493676e8,A,nao,Manhã,Manhã/Noite,Manhã,,,sem_alteracao,OPTIMAL
2026/2,Faculdade de Arquitetura - 12103,Sala 302,32,Laboratório de Informática,26,ARQ01076,A,REPRESENTAÇÃO GRÁFICA II,Prof21,ARQU,QUARTA-FEIRA,09:30,12:30,3,12,24,A/B,3,6,EV-2efabe6a93b3d620,A,nao,Manhã,Manhã/Noite,Manhã,,,sem_alteracao,OPTIMAL
2026/2,Faculdade de Arquitetura - 12103,Sala 302,32,Laboratório de Informática,26,ARQ01076,B,REPRESENTAÇÃO GRÁFICA II,Prof08,ARQU,QUARTA-FEIRA,09:30,12:30,3,12,24,A/B,3,6,EV-2efabe6a93b3d620,A,nao,Manhã,Manhã/Noite,Manhã,,,sem_alteracao,OPTIMAL
2026/2,Faculdade de Arquitetura - 12103,Sala 302,32,Laboratório de Informática,26,ARQ01075,B,REPRESENTAÇÃO GRÁFICA I,Prof20,ARQU,QUINTA-FEIRA,09:30,12:30,3,12,23,B/D,2,6,EV-eb3caf07ac77261a,A,nao,Manhã,Manhã/Noite,Manhã,,,sem_alteracao,OPTIMAL
2026/2,Faculdade de Arquitetura - 12103,Sala 302,32,Laboratório de Informática,26,ARQ01075,D,REPRESENTAÇÃO GRÁFICA I,Prof01,ARQU,QUINTA-FEIRA,09:30,12:30,3,11,23,B/D,2,6,EV-eb3caf07ac77261a,A,nao,Manhã,Manhã/Noite,Manhã,,,sem_alteracao,OPTIMAL
2026/2,Faculdade de Arquitetura - 12103,Sala 302,32,Laboratório de Informática,26,ARQ01008,A,PROJETO ARQUITETÔNICO II,Prof18,ARQU,SEXTA-FEIRA,09:30,12:30,3,15,15,A,4,10,EV-5d6386d387e7f199,A,nao,Manhã,Manhã/Noite,Manhã,,,sem_alteracao,OPTIMAL
2026/2,Faculdade de Arquitetura - 12103,Sala 301B,32,Laboratório de Informática,26,ARQ01076,D,REPRESENTAÇÃO GRÁFICA II,Prof08,ARQU,TERÇA-FEIRA,09:30,12:30,3,12,24,D/E,3,6,EV-9b5198461809810a,A,sim,Tarde,Manhã/Noite,Manhã,Ajuste global por restrições invioláveis; nível de preservação 5.,,sala+dia+horario,OPTIMAL
2026/2,Faculdade de Arquitetura - 12103,Sala 301B,32,Laboratório de Informática,26,ARQ01076,E,REPRESENTAÇÃO GRÁFICA II,Prof19,ARQU,TERÇA-FEIRA,09:30,12:30,3,12,24,D/E,3,6,EV-9b5198461809810a,A,sim,Tarde,Manhã/Noite,Manhã,Ajuste global por restrições invioláveis; nível de preservação 5.,,sala+dia+horario,OPTIMAL
2026/2,Faculdade de Arquitetura - 12103,Sala 301B,32,Laboratório de Informática,26,ARQ01075,B,REPRESENTAÇÃO GRÁFICA I,Prof20,ARQU,TERÇA-FEIRA,19:30,22:30,3,12,23,B/D,2,6,EV-d494b2e95a1f368a,A,sim,Tarde,Manhã/Noite,Noite,Ajuste global por restrições invioláveis; nível de preservação 3.,,sala+horario,OPTIMAL
2026/2,Faculdade de Arquitetura - 12103,Sala 301B,32,Laboratório de Informática,26,ARQ01075,D,REPRESENTAÇÃO GRÁFICA I,Prof01,ARQU,TERÇA-FEIRA,19:30,22:30,3,11,23,B/D,2,6,EV-d494b2e95a1f368a,A,sim,Tarde,Manhã/Noite,Noite,Ajuste global por restrições invioláveis; nível de preservação 3.,,sala+horario,OPTIMAL
2026/2,Faculdade de Arquitetura - 12103,Sala 302,32,Laboratório de Informática,26,ARQ01076,D,REPRESENTAÇÃO GRÁFICA II,Prof08,ARQU,QUARTA-FEIRA,19:30,22:30,3,12,24,D/E,3,6,EV-afba449db6c05669,A,sim,Tarde,Manhã/Noite,Noite,Ajuste global por restrições invioláveis; nível de preservação 3.,,horario,OPTIMAL
2026/2,Faculdade de Arquitetura - 12103,Sala 302,32,Laboratório de Informática,26,ARQ01076,E,REPRESENTAÇÃO GRÁFICA II,Prof19,ARQU,QUARTA-FEIRA,19:30,22:30,3,12,24,D/E,3,6,EV-afba449db6c05669,A,sim,Tarde,Manhã/Noite,Noite,Ajuste global por restrições invioláveis; nível de preservação 3.,,horario,OPTIMAL
2026/2,Faculdade de Arquitetura - 12103,Sala 301B,32,Laboratório de Informática,26,ARQ01075,A,REPRESENTAÇÃO GRÁFICA I,Prof20,ARQU,QUINTA-FEIRA,19:30,22:30,3,12,23,A/E,2,6,EV-0449477aec1ca0a2,A,sim,Tarde,Manhã/Noite,Noite,Ajuste global por restrições invioláveis; nível de preservação 3.,,sala+horario,OPTIMAL
2026/2,Faculdade de Arquitetura - 12103,Sala 301B,32,Laboratório de Informática,26,ARQ01075,E,REPRESENTAÇÃO GRÁFICA I,Prof01,ARQU,QUINTA-FEIRA,19:30,22:30,3,11,23,A/E,2,6,EV-0449477aec1ca0a2,A,sim,Tarde,Manhã/Noite,Noite,Ajuste global por restrições invioláveis; nível de preservação 3.,,sala+horario,OPTIMAL
2026/2,Faculdade de Arquitetura - 12103,Sala 302,32,Laboratório de Informática,26,ARQ03095,AA,ESTUDOS TIPOGRÁFICOS,Prof17,DVIS,SEXTA-FEIRA,13:30,15:30,2,25,25,AA,2,2,EV-b214be5c2ac78dfe,A,nao,Tarde,Tarde/Noite,Tarde,,,sem_alteracao,OPTIMAL
2026/2,Faculdade de Arquitetura - 12103,Sala 302,32,Laboratório de Informática,26,ARQ03095,AA,ESTUDOS TIPOGRÁFICOS,Prof17,DPRO,SEXTA-FEIRA,13:30,15:30,2,25,25,AA,0,2,EV-b214be5c2ac78dfe,A,nao,Tarde,Tarde/Noite,Tarde,,,sem_alteracao,OPTIMAL
2026/2,Faculdade de Arquitetura - 12103,Sala 302,32,Laboratório de Informática,26,ARQ03148,A,DESIGN TIPOGRÁFICO,Prof17,DVIS,SEXTA-FEIRA,15:30,17:30,2,21,21,A,3,2,EV-4d2669be6404eaf1,A,nao,Tarde,Tarde/Noite,Tarde,,,sem_alteracao,OPTIMAL
2026/2,Faculdade de Arquitetura - 12103,Sala 302,32,Laboratório de Informática,26,ARQ03148,A,DESIGN TIPOGRÁFICO,Prof17,DPRO,SEXTA-FEIRA,15:30,17:30,2,21,21,A,0,2,EV-4d2669be6404eaf1,A,nao,Tarde,Tarde/Noite,Tarde,,,sem_alteracao,OPTIMAL
2026/2,Faculdade de Arquitetura - 12103,Sala 302,32,Laboratório de Informática,26,ARQ03129,A,GESTÃO DE DESENVOLVIMENTO DE PROJETOS,Prof23,DVIS,TERÇA-FEIRA,16:30,18:30,2,30,30,A,7,4,EV-6d69ccea22179bc1,A,nao,Tarde,Tarde/Noite,Tarde,,,sem_alteracao,OPTIMAL
2026/2,Faculdade de Arquitetura - 12103,Sala 302,32,Laboratório de Informática,26,ARQ03129,A,GESTÃO DE DESENVOLVIMENTO DE PROJETOS,Prof23,DPRO,TERÇA-FEIRA,16:30,18:30,2,30,30,A,7,4,EV-6d69ccea22179bc1,A,nao,Tarde,Tarde/Noite,Tarde,,,sem_alteracao,OPTIMAL
2026/2,Faculdade de Arquitetura - 12103,Sala 302,32,Laboratório de Informática,26,ARQ03129,A,GESTÃO DE DESENVOLVIMENTO DE PROJETOS,Prof23,DVIS,QUINTA-FEIRA,16:30,18:30,2,30,30,A,7,4,EV-60f50b38f7a339a4,A,nao,Tarde,Tarde/Noite,Tarde,,,sem_alteracao,OPTIMAL
2026/2,Faculdade de Arquitetura - 12103,Sala 302,32,Laboratório de Informática,26,ARQ03129,A,GESTÃO DE DESENVOLVIMENTO DE PROJETOS,Prof23,DPRO,QUINTA-FEIRA,16:30,18:30,2,30,30,A,7,4,EV-60f50b38f7a339a4,A,nao,Tarde,Tarde/Noite,Tarde,,,sem_alteracao,OPTIMAL
2026/2,Faculdade de Arquitetura - 12103,Sala 302,32,Laboratório de Informática,26,ARQ01008,C,PROJETO ARQUITETÔNICO II,Prof13,ARQU,SEGUNDA-FEIRA,18:30,22:30,4,15,15,C,4,10,EV-38d1888947ba5c8c,A,nao,Noite,Manhã/Noite,Noite,,,sem_alteracao,OPTIMAL
2026/2,Faculdade de Arquitetura - 12103,Sala 302,32,Laboratório de Informática,26,ARQ03087,A,PROJETO VISUAL IV,Prof22,DVIS,TERÇA-FEIRA,18:30,21:30,3,18,18,A,8,6,EV-3b0a1502ba8f4505,A,nao,Noite,Tarde/Noite,Noite,,,sem_alteracao,OPTIMAL
2026/2,Faculdade de Arquitetura - 12103,Sala 302,32,Laboratório de Informática,26,ARQ03087,A,PROJETO VISUAL IV,Prof22,DVIS,QUINTA-FEIRA,18:30,21:30,3,18,18,A,8,6,EV-b617a8510b1b30fd,A,nao,Noite,Tarde/Noite,Noite,,,sem_alteracao,OPTIMAL
2026/2,Faculdade de Arquitetura - 12103,Sala 303,50,Atelier,42,ARQ02004,A,URBANISMO III,Prof27,ARQU,TERÇA-FEIRA,08:30,12:30,4,15,30,A/B,8,7,EV-a81f3552712bf131,A,nao,Manhã,Manhã/Noite,Manhã,,,sem_alteracao,OPTIMAL
2026/2,Faculdade de Arquitetura - 12103,Sala 303,50,Atelier,42,ARQ02004,B,URBANISMO III,Prof32,ARQU,TERÇA-FEIRA,08:30,12:30,4,15,30,A/B,8,7,EV-a81f3552712bf131,A,nao,Manhã,Manhã/Noite,Manhã,,,sem_alteracao,OPTIMAL
2026/2,Faculdade de Arquitetura - 12103,Sala 303,50,Atelier,42,ARQ01013,C,PROJETO ARQUITETÔNICO V,Prof24,ARQU,SEGUNDA-FEIRA,09:30,12:30,3,15,30,C/D,7,10,EV-4d9844691dea14f3,A,nao,Manhã,Manhã/Noite,Manhã,,,sem_alteracao,OPTIMAL
2026/2,Faculdade de Arquitetura - 12103,Sala 303,50,Atelier,42,ARQ01013,D,PROJETO ARQUITETÔNICO V,Prof29,ARQU,SEGUNDA-FEIRA,09:30,12:30,3,15,30,C/D,7,10,EV-4d9844691dea14f3,A,nao,Manhã,Manhã/Noite,Manhã,,,sem_alteracao,OPTIMAL
2026/2,Faculdade de Arquitetura - 12103,Sala 303,50,Atelier,42,ARQ01016,A,PROJETO ARQUITETÔNICO VI,Prof25,ARQU,QUARTA-FEIRA,09:30,12:30,3,16,48,A/B/C,8,10,EV-07f22a32771ab205,A,nao,Manhã,Manhã/Noite,Manhã,,,sem_alteracao,OPTIMAL
2026/2,Faculdade de Arquitetura - 12103,Sala 303,50,Atelier,42,ARQ01016,B,PROJETO ARQUITETÔNICO VI,Prof30,ARQU,QUARTA-FEIRA,09:30,12:30,3,16,48,A/B/C,8,10,EV-07f22a32771ab205,A,nao,Manhã,Manhã/Noite,Manhã,,,sem_alteracao,OPTIMAL
2026/2,Faculdade de Arquitetura - 12103,Sala 303,50,Atelier,42,ARQ01016,C,PROJETO ARQUITETÔNICO VI,Prof26,ARQU,QUARTA-FEIRA,09:30,12:30,3,16,48,A/B/C,8,10,EV-07f22a32771ab205,A,nao,Manhã,Manhã/Noite,Manhã,,,sem_alteracao,OPTIMAL
2026/2,Faculdade de Arquitetura - 12103,Sala 303,50,Atelier,42,ARQ02004,A,URBANISMO III,Prof27,ARQU,QUINTA-FEIRA,09:30,12:30,3,15,30,A/B,8,7,EV-136c2622d21bd812,A,nao,Manhã,Manhã/Noite,Manhã,,,sem_alteracao,OPTIMAL
2026/2,Faculdade de Arquitetura - 12103,Sala 303,50,Atelier,42,ARQ02004,B,URBANISMO III,Prof32,ARQU,QUINTA-FEIRA,09:30,12:30,3,15,30,A/B,8,7,EV-136c2622d21bd812,A,nao,Manhã,Manhã/Noite,Manhã,,,sem_alteracao,OPTIMAL
2026/2,Faculdade de Arquitetura - 12103,Sala 303,50,Atelier,42,ARQ01016,A,PROJETO ARQUITETÔNICO VI,Prof25,ARQU,SEXTA-FEIRA,09:30,12:30,3,16,48,A/B/C,8,10,EV-fc4c84fe69d3c0e6,A,nao,Manhã,Manhã/Noite,Manhã,,,sem_alteracao,OPTIMAL
2026/2,Faculdade de Arquitetura - 12103,Sala 303,50,Atelier,42,ARQ01016,B,PROJETO ARQUITETÔNICO VI,Prof30,ARQU,SEXTA-FEIRA,09:30,12:30,3,16,48,A/B/C,8,10,EV-fc4c84fe69d3c0e6,A,nao,Manhã,Manhã/Noite,Manhã,,,sem_alteracao,OPTIMAL
2026/2,Faculdade de Arquitetura - 12103,Sala 303,50,Atelier,42,ARQ01016,C,PROJETO ARQUITETÔNICO VI,Prof26,ARQU,SEXTA-FEIRA,09:30,12:30,3,16,48,A/B/C,8,10,EV-fc4c84fe69d3c0e6,A,nao,Manhã,Manhã/Noite,Manhã,,,sem_alteracao,OPTIMAL
2026/2,Faculdade de Arquitetura - 12103,Sala 303,50,Atelier,42,ARQ03142,A,DESIGN DE INTERFACES DIGITAIS,Prof28,DVIS,TERÇA-FEIRA,13:30,17:30,4,19,19,A,6,4,EV-a4ea5fff648729db,A,nao,Tarde,Tarde/Noite,Tarde,,,sem_alteracao,OPTIMAL
2026/2,Faculdade de Arquitetura - 12103,Sala 303,50,Atelier,42,ARQ03142,A,DESIGN DE INTERFACES DIGITAIS,Prof28,DPRO,TERÇA-FEIRA,13:30,17:30,4,19,19,A,0,4,EV-a4ea5fff648729db,A,nao,Tarde,Tarde/Noite,Tarde,,,sem_alteracao,OPTIMAL
2026/2,Faculdade de Arquitetura - 12103,Sala 401,50,Atelier,42,ARQ01098,A,SEMINÁRIO DE TCC - PROJETO ARQUITETÔNICO,Prof26,ARQU,SEGUNDA-FEIRA,09:30,12:30,3,14,54,A/B/C/D,0,6,EV-a516e20b0b7ddcff,A,sim,Tarde,Manhã/Noite,Manhã,Ajuste global por restrições invioláveis; nível de preservação 3.,,sala+horario,OPTIMAL
2026/2,Faculdade de Arquitetura - 12103,Sala 401,50,Atelier,42,ARQ01098,B,SEMINÁRIO DE TCC - PROJETO ARQUITETÔNICO,Prof31,ARQU,SEGUNDA-FEIRA,09:30,12:30,3,14,54,A/B/C/D,0,6,EV-a516e20b0b7ddcff,A,sim,Tarde,Manhã/Noite,Manhã,Ajuste global por restrições invioláveis; nível de preservação 3.,,sala+horario,OPTIMAL
2026/2,Faculdade de Arquitetura - 12103,Sala 401,50,Atelier,42,ARQ01098,C,SEMINÁRIO DE TCC - PROJETO ARQUITETÔNICO,Prof33,ARQU,SEGUNDA-FEIRA,09:30,12:30,3,13,54,A/B/C/D,0,6,EV-a516e20b0b7ddcff,A,sim,Tarde,Manhã/Noite,Manhã,Ajuste global por restrições invioláveis; nível de preservação 3.,,sala+horario,OPTIMAL
2026/2,Faculdade de Arquitetura - 12103,Sala 401,50,Atelier,42,ARQ01098,D,SEMINÁRIO DE TCC - PROJETO ARQUITETÔNICO,Prof34,ARQU,SEGUNDA-FEIRA,09:30,12:30,3,13,54,A/B/C/D,0,6,EV-a516e20b0b7ddcff,A,sim,Tarde,Manhã/Noite,Manhã,Ajuste global por restrições invioláveis; nível de preservação 3.,,sala+horario,OPTIMAL
2026/2,Faculdade de Arquitetura - 12103,Sala 303,50,Atelier,42,ARQ01098,A,SEMINÁRIO DE TCC - PROJETO ARQUITETÔNICO,Prof26,ARQU,QUARTA-FEIRA,19:30,22:30,3,14,54,A/B/C/D,0,6,EV-c87941b03ed122b3,A,sim,Tarde,Manhã/Noite,Noite,Ajuste global por restrições invioláveis; nível de preservação 3.,,horario,OPTIMAL
2026/2,Faculdade de Arquitetura - 12103,Sala 303,50,Atelier,42,ARQ01098,B,SEMINÁRIO DE TCC - PROJETO ARQUITETÔNICO,Prof31,ARQU,QUARTA-FEIRA,19:30,22:30,3,14,54,A/B/C/D,0,6,EV-c87941b03ed122b3,A,sim,Tarde,Manhã/Noite,Noite,Ajuste global por restrições invioláveis; nível de preservação 3.,,horario,OPTIMAL
2026/2,Faculdade de Arquitetura - 12103,Sala 303,50,Atelier,42,ARQ01098,C,SEMINÁRIO DE TCC - PROJETO ARQUITETÔNICO,Prof33,ARQU,QUARTA-FEIRA,19:30,22:30,3,13,54,A/B/C/D,0,6,EV-c87941b03ed122b3,A,sim,Tarde,Manhã/Noite,Noite,Ajuste global por restrições invioláveis; nível de preservação 3.,,horario,OPTIMAL
2026/2,Faculdade de Arquitetura - 12103,Sala 303,50,Atelier,42,ARQ01098,D,SEMINÁRIO DE TCC - PROJETO ARQUITETÔNICO,Prof34,ARQU,QUARTA-FEIRA,19:30,22:30,3,13,54,A/B/C/D,0,6,EV-c87941b03ed122b3,A,sim,Tarde,Manhã/Noite,Noite,Ajuste global por restrições invioláveis; nível de preservação 3.,,horario,OPTIMAL
2026/2,Faculdade de Arquitetura - 12103,Sala 303,50,Atelier,42,ARQ01013,C,PROJETO ARQUITETÔNICO V,Prof24,ARQU,QUINTA-FEIRA,19:30,22:30,3,15,30,C/D,7,10,EV-38c2fff0b5b6ae23,A,sim,Tarde/Noite,Manhã/Noite,Noite,Ajuste global por restrições invioláveis; nível de preservação 3.,,horario,OPTIMAL
2026/2,Faculdade de Arquitetura - 12103,Sala 303,50,Atelier,42,ARQ01013,D,PROJETO ARQUITETÔNICO V,Prof29,ARQU,QUINTA-FEIRA,19:30,22:30,3,15,30,C/D,7,10,EV-38c2fff0b5b6ae23,A,sim,Tarde/Noite,Manhã/Noite,Noite,Ajuste global por restrições invioláveis; nível de preservação 3.,,horario,OPTIMAL
2026/2,Faculdade de Arquitetura - 12103,Sala 303,50,Atelier,42,ARQ01013,C,PROJETO ARQUITETÔNICO V,Prof24,ARQU,TERÇA-FEIRA,18:30,22:30,4,15,30,C/D,7,10,EV-abd3d3cab2ad96ba,A,nao,Noite,Manhã/Noite,Noite,,,sem_alteracao,OPTIMAL
2026/2,Faculdade de Arquitetura - 12103,Sala 303,50,Atelier,42,ARQ01013,D,PROJETO ARQUITETÔNICO V,Prof29,ARQU,TERÇA-FEIRA,18:30,22:30,4,15,30,C/D,7,10,EV-abd3d3cab2ad96ba,A,nao,Noite,Manhã/Noite,Noite,,,sem_alteracao,OPTIMAL
2026/2,Faculdade de Arquitetura - 12103,Sala 303,50,Atelier,42,ARQ03147,A,INTRODUÇÃO AO TCC - DESIGN,Prof11,DVIS,QUARTA-FEIRA,17:30,19:30,2,25,25,A,0,2,EV-35f999a7f73283ed,A,nao,Tarde/Noite,Tarde/Noite,Tarde/Noite,,,sem_alteracao,OPTIMAL
2026/2,Faculdade de Arquitetura - 12103,Sala 303,50,Atelier,42,ARQ03147,A,INTRODUÇÃO AO TCC - DESIGN,Prof11,DPRO,QUARTA-FEIRA,17:30,19:30,2,25,25,A,0,2,EV-35f999a7f73283ed,A,nao,Tarde/Noite,Tarde/Noite,Tarde/Noite,,,sem_alteracao,OPTIMAL
2026/2,Faculdade de Arquitetura - 12103,Sala 303,50,Atelier,42,ARQ01016,A,PROJETO ARQUITETÔNICO VI,Prof25,ARQU,SEGUNDA-FEIRA,18:30,22:30,4,16,48,A/B/C,8,10,EV-64d607db745d98b1,A,nao,Noite,Manhã/Noite,Noite,,,sem_alteracao,OPTIMAL
2026/2,Faculdade de Arquitetura - 12103,Sala 303,50,Atelier,42,ARQ01016,B,PROJETO ARQUITETÔNICO VI,Prof30,ARQU,SEGUNDA-FEIRA,18:30,22:30,4,16,48,A/B/C,8,10,EV-64d607db745d98b1,A,nao,Noite,Manhã/Noite,Noite,,,sem_alteracao,OPTIMAL
2026/2,Faculdade de Arquitetura - 12103,Sala 303,50,Atelier,42,ARQ01016,C,PROJETO ARQUITETÔNICO VI,Prof26,ARQU,SEGUNDA-FEIRA,18:30,22:30,4,16,48,A/B/C,8,10,EV-64d607db745d98b1,A,nao,Noite,Manhã/Noite,Noite,,,sem_alteracao,OPTIMAL
2026/2,Faculdade de Arquitetura - 12103,Sala 304,60,Atelier,64,ARQ01011,A,PROJETO ARQUITETÔNICO IV,Prof35,ARQU,SEGUNDA-FEIRA,09:30,12:30,3,16,32,A/D,6,10,EV-9b0d2ff877782c6d,A,nao,Manhã,Manhã/Noite,Manhã,,,sem_alteracao,OPTIMAL
2026/2,Faculdade de Arquitetura - 12103,Sala 304,60,Atelier,64,ARQ01011,D,PROJETO ARQUITETÔNICO IV,Prof36,ARQU,SEGUNDA-FEIRA,09:30,12:30,3,16,32,A/D,6,10,EV-9b0d2ff877782c6d,A,nao,Manhã,Manhã/Noite,Manhã,,,sem_alteracao,OPTIMAL
2026/2,Faculdade de Arquitetura - 12103,Sala 304,60,Atelier,64,ARQ01044,A,INTRODUÇÃO AO PROJETO ARQUITETÔNICO I,Prof37,ARQU,TERÇA-FEIRA,09:30,12:30,3,18,70,A/B/C/D,1,9,EV-365980fadd8011f4,A,nao,Manhã,Manhã/Noite,Manhã,,,sem_alteracao,OPTIMAL
2026/2,Faculdade de Arquitetura - 12103,Sala 304,60,Atelier,64,ARQ01044,B,INTRODUÇÃO AO PROJETO ARQUITETÔNICO I,Prof38,ARQU,TERÇA-FEIRA,09:30,12:30,3,18,70,A/B/C/D,1,9,EV-365980fadd8011f4,A,nao,Manhã,Manhã/Noite,Manhã,,,sem_alteracao,OPTIMAL
2026/2,Faculdade de Arquitetura - 12103,Sala 304,60,Atelier,64,ARQ01044,C,INTRODUÇÃO AO PROJETO ARQUITETÔNICO I,Prof41,ARQU,TERÇA-FEIRA,09:30,12:30,3,17,70,A/B/C/D,1,9,EV-365980fadd8011f4,A,nao,Manhã,Manhã/Noite,Manhã,,,sem_alteracao,OPTIMAL
2026/2,Faculdade de Arquitetura - 12103,Sala 304,60,Atelier,64,ARQ01044,D,INTRODUÇÃO AO PROJETO ARQUITETÔNICO I,Prof39,ARQU,TERÇA-FEIRA,09:30,12:30,3,17,70,A/B/C/D,1,9,EV-365980fadd8011f4,A,nao,Manhã,Manhã/Noite,Manhã,,,sem_alteracao,OPTIMAL
2026/2,Faculdade de Arquitetura - 12103,Sala 304,60,Atelier,64,ARQ01046,C,DESENHO DE CONCEPÇÃO I,Prof42,ARQU,QUARTA-FEIRA,09:30,12:30,3,19,38,C/D,1,3,EV-4fcd9acf89b12d42,A,nao,Manhã,Manhã/Noite,Manhã,,,sem_alteracao,OPTIMAL
2026/2,Faculdade de Arquitetura - 12103,Sala 304,60,Atelier,64,ARQ01046,D,DESENHO DE CONCEPÇÃO I,Prof39,ARQU,QUARTA-FEIRA,09:30,12:30,3,19,38,C/D,1,3,EV-4fcd9acf89b12d42,A,nao,Manhã,Manhã/Noite,Manhã,,,sem_alteracao,OPTIMAL
2026/2,Faculdade de Arquitetura - 12103,Sala 304,60,Atelier,64,ARQ01044,A,INTRODUÇÃO AO PROJETO ARQUITETÔNICO I,Prof37,ARQU,QUINTA-FEIRA,09:30,12:30,3,18,70,A/B/C/D,1,9,EV-108442588b688a9c,A,nao,Manhã,Manhã/Noite,Manhã,,,sem_alteracao,OPTIMAL
2026/2,Faculdade de Arquitetura - 12103,Sala 409,60,Atelier,64,ARQ01044,A,INTRODUÇÃO AO PROJETO ARQUITETÔNICO I,Prof37,ARQU,QUINTA-FEIRA,19:30,22:30,3,18,70,A/B/C/D,1,9,EV-1030cdb9a6e88d96,A,sim,Tarde,Manhã/Noite,Noite,Ajuste global por restrições invioláveis; nível de preservação 3.,,sala+horario,OPTIMAL
2026/2,Faculdade de Arquitetura - 12103,Sala 304,60,Atelier,64,ARQ01044,B,INTRODUÇÃO AO PROJETO ARQUITETÔNICO I,Prof38,ARQU,QUINTA-FEIRA,09:30,12:30,3,18,70,A/B/C/D,1,9,EV-108442588b688a9c,A,nao,Manhã,Manhã/Noite,Manhã,,,sem_alteracao,OPTIMAL
2026/2,Faculdade de Arquitetura - 12103,Sala 409,60,Atelier,64,ARQ01044,B,INTRODUÇÃO AO PROJETO ARQUITETÔNICO I,Prof38,ARQU,QUINTA-FEIRA,19:30,22:30,3,18,70,A/B/C/D,1,9,EV-1030cdb9a6e88d96,A,sim,Tarde,Manhã/Noite,Noite,Ajuste global por restrições invioláveis; nível de preservação 3.,,sala+horario,OPTIMAL
2026/2,Faculdade de Arquitetura - 12103,Sala 304,60,Atelier,64,ARQ01044,C,INTRODUÇÃO AO PROJETO ARQUITETÔNICO I,Prof41,ARQU,QUINTA-FEIRA,09:30,12:30,3,17,70,A/B/C/D,1,9,EV-108442588b688a9c,A,nao,Manhã,Manhã/Noite,Manhã,,,sem_alteracao,OPTIMAL
2026/2,Faculdade de Arquitetura - 12103,Sala 409,60,Atelier,64,ARQ01044,C,INTRODUÇÃO AO PROJETO ARQUITETÔNICO I,Prof41,ARQU,QUINTA-FEIRA,19:30,22:30,3,17,70,A/B/C/D,1,9,EV-1030cdb9a6e88d96,A,sim,Tarde,Manhã/Noite,Noite,Ajuste global por restrições invioláveis; nível de preservação 3.,,sala+horario,OPTIMAL
2026/2,Faculdade de Arquitetura - 12103,Sala 304,60,Atelier,64,ARQ01044,D,INTRODUÇÃO AO PROJETO ARQUITETÔNICO I,Prof39,ARQU,QUINTA-FEIRA,09:30,12:30,3,17,70,A/B/C/D,1,9,EV-108442588b688a9c,A,nao,Manhã,Manhã/Noite,Manhã,,,sem_alteracao,OPTIMAL
2026/2,Faculdade de Arquitetura - 12103,Sala 409,60,Atelier,64,ARQ01044,D,INTRODUÇÃO AO PROJETO ARQUITETÔNICO I,Prof39,ARQU,QUINTA-FEIRA,19:30,22:30,3,17,70,A/B/C/D,1,9,EV-1030cdb9a6e88d96,A,sim,Tarde,Manhã/Noite,Noite,Ajuste global por restrições invioláveis; nível de preservação 3.,,sala+horario,OPTIMAL
2026/2,Faculdade de Arquitetura - 12103,Sala 304,60,Atelier,64,ARQ01046,B,DESENHO DE CONCEPÇÃO I,Prof39,ARQU,SEXTA-FEIRA,09:30,12:30,3,20,39,B/A,1,3,EV-3ee098190ccd6c04,A,nao,Manhã,Manhã/Noite,Manhã,,,sem_alteracao,OPTIMAL
2026/2,Faculdade de Arquitetura - 12103,Sala 304,60,Atelier,64,ARQ01046,A,DESENHO DE CONCEPÇÃO I,Prof40,ARQU,SEXTA-FEIRA,09:30,12:30,3,19,39,B/A,1,3,EV-3ee098190ccd6c04,A,nao,Manhã,Manhã/Noite,Manhã,,,sem_alteracao,OPTIMAL
2026/2,Faculdade de Arquitetura - 12103,Sala 304,60,Atelier,64,ARQ03150,B,ANÁLISE E REPRESENTAÇÃO DA FORMA II: DESIGN VISUAL,Prof28,DVIS,SEGUNDA-FEIRA,13:30,17:30,4,21,21,B,2,4,EV-2d5d66817fd600e9,A,nao,Tarde,Tarde/Noite,Tarde,,,sem_alteracao,OPTIMAL
2026/2,Faculdade de Arquitetura - 12103,Sala 304,60,Atelier,64,ARQ01011,A,PROJETO ARQUITETÔNICO IV,Prof35,ARQU,TERÇA-FEIRA,18:30,22:30,4,16,32,A/D,6,10,EV-9b77b0dadb98f033,A,nao,Noite,Manhã/Noite,Noite,,,sem_alteracao,OPTIMAL
2026/2,Faculdade de Arquitetura - 12103,Sala 304,60,Atelier,64,ARQ01011,D,PROJETO ARQUITETÔNICO IV,Prof36,ARQU,TERÇA-FEIRA,18:30,22:30,4,16,32,A/D,6,10,EV-9b77b0dadb98f033,A,nao,Noite,Manhã/Noite,Noite,,,sem_alteracao,OPTIMAL
2026/2,Faculdade de Arquitetura - 12103,Sala 304,60,Atelier,64,ARQ01011,A,PROJETO ARQUITETÔNICO IV,Prof35,ARQU,QUINTA-FEIRA,18:30,21:30,3,16,32,A/D,6,10,EV-13448541363f99a3,A,nao,Noite,Manhã/Noite,Noite,,,sem_alteracao,OPTIMAL
2026/2,Faculdade de Arquitetura - 12103,Sala 304,60,Atelier,64,ARQ01011,D,PROJETO ARQUITETÔNICO IV,Prof36,ARQU,QUINTA-FEIRA,18:30,21:30,3,16,32,A/D,6,10,EV-13448541363f99a3,A,nao,Noite,Manhã/Noite,Noite,,,sem_alteracao,OPTIMAL
2026/2,Faculdade de Arquitetura - 12103,Sala 312,56,Sala de aula,33,IPH02046,B,INSTALAÇÕES HIDRÁULICAS PREDIAIS B,Prof53,ARQU,SEGUNDA-FEIRA,07:30,09:30,2,25,25,B,4,2,EV-37f3ae256ffa7c90,A,nao,Manhã,Manhã/Noite,Manhã,,,sem_alteracao,OPTIMAL
2026/2,Faculdade de Arquitetura - 12103,Sala 312,56,Sala de aula,33,ENG03015,A,ACÚSTICA APLICADA,Prof50,ARQU,TERÇA-FEIRA,07:30,09:30,2,30,30,A,7,2,EV-904717fbc8a0286c,A,nao,Manhã,Manhã/Noite,Manhã,,,sem_alteracao,OPTIMAL
2026/2,Faculdade de Arquitetura - 12103,Sala 312,56,Sala de aula,33,ENG01139,A,MECÂNICA PARA ARQUITETOS,Prof49,ARQU,QUARTA-FEIRA,07:30,09:30,2,40,40,A,2,4,EV-4163e324466e8d30,A,nao,Manhã,Manhã/Noite,Manhã,,,sem_alteracao,OPTIMAL
2026/2,Faculdade de Arquitetura - 12103,Sala 312,56,Sala de aula,33,ARQ02020,B,PRÁTICAS SOCIAIS NA ARQUITETURA E NO URBANISMO,Prof47,ARQU,QUINTA-FEIRA,07:30,09:30,2,30,30,B,2,2,EV-361c308d9c193af7,A,nao,Manhã,Manhã/Noite,Manhã,,,sem_alteracao,OPTIMAL
2026/2,Faculdade de Arquitetura - 12103,Sala 312,56,Sala de aula,33,ENG01139,A,MECÂNICA PARA ARQUITETOS,Prof49,ARQU,SEXTA-FEIRA,07:30,09:30,2,40,40,A,2,4,EV-475ccfa9cb52a1dc,A,nao,Manhã,Manhã/Noite,Manhã,,,sem_alteracao,OPTIMAL
2026/2,Faculdade de Arquitetura - 12103,Sala 312,56,Sala de aula,33,IPH02046,A,INSTALAÇÕES HIDRÁULICAS PREDIAIS B,Prof53,ARQU,SEGUNDA-FEIRA,09:30,11:30,2,25,25,A,4,2,EV-3ed4d94be4952ae8,A,nao,Manhã,Manhã/Noite,Manhã,,,sem_alteracao,OPTIMAL
2026/2,Faculdade de Arquitetura - 12103,Sala 312,56,Sala de aula,33,ARQ02201,A,EVOLUÇÃO URBANA,Prof48,ARQU,TERÇA-FEIRA,09:30,12:30,3,27,27,A,4,6,EV-3429bff61fdc745b,A,nao,Manhã,Manhã/Noite,Manhã,,,sem_alteracao,OPTIMAL
2026/2,Faculdade de Arquitetura - 12103,Sala 312,56,Sala de aula,33,ARQ02201,A,EVOLUÇÃO URBANA,Prof48,ARQU,QUINTA-FEIRA,09:30,12:30,3,27,27,A,4,6,EV-1e588af610057a37,A,nao,Manhã,Manhã/Noite,Manhã,,,sem_alteracao,OPTIMAL
2026/2,Faculdade de Arquitetura - 12103,Sala 312,56,Sala de aula,33,ARQ01099,A,HABITABILIDADE DAS EDIFICAÇÕES IV,Prof46,ARQU,SEXTA-FEIRA,09:30,11:30,2,40,40,A,9,2,EV-39b506fa42dafc26,A,nao,Manhã,Manhã/Noite,Manhã,,,sem_alteracao,OPTIMAL
2026/2,Faculdade de Arquitetura - 12103,Sala 415,56,Sala de aula,33,ARQ01001,B,HISTÓRIA DA ARQUITETURA E DA ARTE I,Prof43,ARQU,SEGUNDA-FEIRA,18:30,20:30,2,37,37,B,1,2,EV-d892ccf5275994b7,A,sim,Tarde,Manhã/Noite,Noite,Ajuste global por restrições invioláveis; nível de preservação 3.,,sala+horario,OPTIMAL
2026/2,Faculdade de Arquitetura - 12103,Sala 103,56,Sala de aula,33,ARQ01003,A,HISTÓRIA DA ARQUITETURA E DA ARTE II,Prof43,ARQU,TERÇA-FEIRA,07:30,09:30,2,25,25,A,2,2,EV-1043e9daf09f5d56,A,sim,Tarde,Manhã/Noite,Manhã,Ajuste global por restrições invioláveis; nível de preservação 3.,,sala+horario,OPTIMAL
2026/2,Faculdade de Arquitetura - 12103,Sala 312,56,Sala de aula,33,ENG03015,B,ACÚSTICA APLICADA,Prof51,ARQU,QUINTA-FEIRA,18:30,20:30,2,30,30,B,7,2,EV-a2cf9038d61d1ac3,A,sim,Tarde,Manhã/Noite,Noite,Ajuste global por restrições invioláveis; nível de preservação 3.,,horario,OPTIMAL
2026/2,Faculdade de Arquitetura - 12103,Sala 312,56,Sala de aula,33,ARQ03080,A,SEMIÓTICA,Prof04,DVIS,SEGUNDA-FEIRA,15:30,17:30,2,38,38,A,5,2,EV-3aedd68c7df1b8b3,A,nao,Tarde,Tarde/Noite,Tarde,,,sem_alteracao,OPTIMAL
2026/2,Faculdade de Arquitetura - 12103,Sala 312,56,Sala de aula,33,ARQ03080,A,SEMIÓTICA,Prof04,DPRO,SEGUNDA-FEIRA,15:30,17:30,2,38,38,A,5,2,EV-3aedd68c7df1b8b3,A,nao,Tarde,Tarde/Noite,Tarde,,,sem_alteracao,OPTIMAL
2026/2,Faculdade de Arquitetura - 12103,Sala 312,56,Sala de aula,33,ARQ01001,A,HISTÓRIA DA ARQUITETURA E DA ARTE I,Prof43,ARQU,TERÇA-FEIRA,20:30,22:30,2,37,37,A,1,2,EV-17ae881fe637ac80,A,sim,Tarde,Manhã/Noite,Noite,Ajuste global por restrições invioláveis; nível de preservação 3.,,horario,OPTIMAL
2026/2,Faculdade de Arquitetura - 12103,Sala 312,56,Sala de aula,33,ARQ03112,A,TEORIA E HISTÓRIA DO DESIGN II,Prof04,DVIS,QUARTA-FEIRA,16:30,18:30,2,40,40,A,3,2,EV-f5262af882669ebd,A,nao,Tarde,Tarde/Noite,Tarde,,,sem_alteracao,OPTIMAL
2026/2,Faculdade de Arquitetura - 12103,Sala 312,56,Sala de aula,33,ARQ03112,A,TEORIA E HISTÓRIA DO DESIGN II,Prof04,DPRO,QUARTA-FEIRA,16:30,18:30,2,40,40,A,3,2,EV-f5262af882669ebd,A,nao,Tarde,Tarde/Noite,Tarde,,,sem_alteracao,OPTIMAL
2026/2,Faculdade de Arquitetura - 12103,Sala 312,56,Sala de aula,33,ARQ01087,B,HABITABILIDADE DAS EDIFICAÇÕES II,Prof45,ARQU,QUINTA-FEIRA,20:30,22:30,2,30,30,B,3,2,EV-6e3e601fbf03a899,A,sim,Tarde,Manhã/Noite,Noite,Ajuste global por restrições invioláveis; nível de preservação 3.,,horario,OPTIMAL
2026/2,Faculdade de Arquitetura - 12103,Sala 312,56,Sala de aula,33,ARQ01073,A,ECONOMIA E GESTÃO DA EDIFICAÇÃO,Prof44,ARQU,SEGUNDA-FEIRA,18:30,20:30,2,35,35,A,7,4,EV-8de72e64f02965ce,A,nao,Noite,Manhã/Noite,Noite,,,sem_alteracao,OPTIMAL
2026/2,Faculdade de Arquitetura - 12103,Sala 312,56,Sala de aula,33,ARQ01004,B,HISTÓRIA DA ARQUITETURA E DA ARTE III,Prof43,ARQU,TERÇA-FEIRA,18:30,20:30,2,23,23,B,3,2,EV-9f12575043cd081d,A,nao,Noite,Manhã/Noite,Noite,,,sem_alteracao,OPTIMAL
2026/2,Faculdade de Arquitetura - 12103,Sala 312,56,Sala de aula,33,ARQ01073,A,ECONOMIA E GESTÃO DA EDIFICAÇÃO,Prof44,ARQU,QUARTA-FEIRA,18:30,20:30,2,35,35,A,7,4,EV-6ff2f43fab70c473,A,nao,Noite,Manhã/Noite,Noite,,,sem_alteracao,OPTIMAL
2026/2,Faculdade de Arquitetura - 12103,Sala 312,56,Sala de aula,33,IPH01005,U,HIDRÁULICA DE CONDUTOS FORÇADOS,Prof52,ARQU,SEGUNDA-FEIRA,20:30,22:30,2,15,15,U,0,4,EV-3c4ff458aa61690e,A,nao,Noite,Manhã/Noite,Noite,,,sem_alteracao,OPTIMAL
2026/2,Faculdade de Arquitetura - 12103,Sala 312,56,Sala de aula,33,IPH01005,U,HIDRÁULICA DE CONDUTOS FORÇADOS,Prof52,ARQU,QUARTA-FEIRA,20:30,22:30,2,15,15,U,0,4,EV-bed3f1d842e319b6,A,nao,Noite,Manhã/Noite,Noite,,,sem_alteracao,OPTIMAL
2026/2,Faculdade de Arquitetura - 12103,Sala 313,56,Sala de aula,46,IPH02045,B,INSTALAÇÕES HIDRÁULICAS PREDIAIS A,Prof60,ARQU,SEGUNDA-FEIRA,07:30,09:30,2,25,25,B,4,2,EV-bb62fb447550bc62,A,nao,Manhã,Manhã/Noite,Manhã,,,sem_alteracao,OPTIMAL
2026/2,Faculdade de Arquitetura - 12103,Sala 313,56,Sala de aula,46,ARQ01090,D1,PRÁTICAS EM OBRAS I,Prof55,ARQU,QUARTA-FEIRA,07:30,08:30,1,5,5,D1,8,1,EV-7297f6c5d68ebd65,A,nao,Manhã,Manhã/Noite,Manhã,,,sem_alteracao,OPTIMAL
2026/2,Faculdade de Arquitetura - 12103,Sala 313,56,Sala de aula,46,ARQ01018,A,TÉCNICAS RETROSPECTIVAS,Prof54,ARQU,TERÇA-FEIRA,08:30,12:30,4,25,25,A,9,4,EV-a81507b173691394,A,nao,Manhã,Manhã/Noite,Manhã,,,sem_alteracao,OPTIMAL
2026/2,Faculdade de Arquitetura - 12103,Sala 313,56,Sala de aula,46,ARQ01090,E1,PRÁTICAS EM OBRAS I,Prof55,ARQU,QUARTA-FEIRA,08:30,09:30,1,5,5,E1,8,1,EV-c331a1edfc7dbe31,A,nao,Manhã,Manhã/Noite,Manhã,,,sem_alteracao,OPTIMAL
2026/2,Faculdade de Arquitetura - 12103,Sala 313,56,Sala de aula,46,ARQ03111,A,TEORIA E HISTÓRIA DO DESIGN I,Prof04,DVIS,QUINTA-FEIRA,15:30,17:30,2,40,40,A,2,2,EV-c93db3eb7229cefe,A,sim,Manhã,Tarde/Noite,Tarde,Ajuste global por restrições invioláveis; nível de preservação 3.,,horario,OPTIMAL
2026/2,Faculdade de Arquitetura - 12103,Sala 313,56,Sala de aula,46,ARQ03111,A,TEORIA E HISTÓRIA DO DESIGN I,Prof04,DPRO,QUINTA-FEIRA,15:30,17:30,2,40,40,A,2,2,EV-c93db3eb7229cefe,A,sim,Manhã,Tarde/Noite,Tarde,Ajuste global por restrições invioláveis; nível de preservação 3.,,horario,OPTIMAL
2026/2,Faculdade de Arquitetura - 12103,Sala 313,56,Sala de aula,46,ENG01174,U,ESTRUTURA DE CONCRETO ARMADO A,Prof59,ARQU,SEXTA-FEIRA,08:30,12:30,4,45,45,U,7,4,EV-b0f77ec7c71c740a,A,nao,Manhã,Manhã/Noite,Manhã,,,sem_alteracao,OPTIMAL
2026/2,Faculdade de Arquitetura - 12103,Sala 313,56,Sala de aula,46,IPH02045,A,INSTALAÇÕES HIDRÁULICAS PREDIAIS A,Prof60,ARQU,SEGUNDA-FEIRA,09:30,11:30,2,30,30,A,4,2,EV-91e156b03da23fc8,A,nao,Manhã,Manhã/Noite,Manhã,,,sem_alteracao,OPTIMAL
2026/2,Faculdade de Arquitetura - 12103,Sala 313,56,Sala de aula,46,ARQ01091,D2,PRÁTICAS EM OBRAS II,Prof55,ARQU,QUARTA-FEIRA,09:30,10:30,1,5,5,D2,9,1,EV-5cf388e4942848f3,A,nao,Manhã,Manhã/Noite,Manhã,,,sem_alteracao,OPTIMAL
2026/2,Faculdade de Arquitetura - 12103,Sala 313,56,Sala de aula,46,ARQ01091,E2,PRÁTICAS EM OBRAS II,Prof55,ARQU,QUARTA-FEIRA,10:30,11:30,1,5,5,E2,9,1,EV-a6a5fada14ef243c,A,nao,Manhã,Manhã/Noite,Manhã,,,sem_alteracao,OPTIMAL
2026/2,Faculdade de Arquitetura - 12103,Sala 314,56,Sala de aula,46,ARQ02020,A,PRÁTICAS SOCIAIS NA ARQUITETURA E NO URBANISMO,Prof56,ARQU,QUARTA-FEIRA,10:30,12:30,2,30,30,A,2,2,EV-0cf6371e978c979c,A,sim,Tarde,Manhã/Noite,Manhã,Ajuste global por restrições invioláveis; nível de preservação 3.,,sala+horario,OPTIMAL
2026/2,Faculdade de Arquitetura - 12103,Sala 103,56,Sala de aula,46,ARQ02201,B,EVOLUÇÃO URBANA,Prof62,ARQU,QUINTA-FEIRA,19:30,22:30,3,25,25,B,4,6,EV-a794dda0ac19cd35,A,sim,Tarde,Manhã/Noite,Noite,Ajuste global por restrições invioláveis; nível de preservação 3.,,sala+horario,OPTIMAL
2026/2,Faculdade de Arquitetura - 12103,Sala 313,56,Sala de aula,46,ARQ02201,B,EVOLUÇÃO URBANA,Prof62,ARQU,SEXTA-FEIRA,19:30,22:30,3,25,25,B,4,6,EV-021bebb126472257,A,sim,Tarde,Manhã/Noite,Noite,Ajuste global por restrições invioláveis; nível de preservação 3.,,horario,OPTIMAL
2026/2,Faculdade de Arquitetura - 12103,Sala 103,56,Sala de aula,46,ARQ01095,U,ARQUITETURA MODERNA NA AMÉRICA LATINA,Prof61,ARQU,TERÇA-FEIRA,10:30,12:30,2,25,25,U,0,2,EV-3147d3f1619e79fe,A,sim,Tarde,Manhã/Noite,Manhã,Ajuste global por restrições invioláveis; nível de preservação 3.,,sala+horario,OPTIMAL
2026/2,Faculdade de Arquitetura - 12103,Sala 313,56,Sala de aula,46,DIR01014,U,ELEMENTOS DE DIREITO AMBIENTAL,Prof57,ARQU,SEGUNDA-FEIRA,18:30,21:30,3,30,30,U,0,3,EV-9bb2261157db5862,A,nao,Noite,Manhã/Noite,Noite,,,sem_alteracao,OPTIMAL
2026/2,Faculdade de Arquitetura - 12103,Sala 313,56,Sala de aula,46,ENG01139,B,MECÂNICA PARA ARQUITETOS,Prof58,ARQU,TERÇA-FEIRA,18:30,20:30,2,40,40,B,2,4,EV-c71ee83b9e45bd7e,A,nao,Noite,Manhã/Noite,Noite,,,sem_alteracao,OPTIMAL
2026/2,Faculdade de Arquitetura - 12103,Sala 313,56,Sala de aula,46,ARQ02001,B,TEORIAS SOBRE O ESPAÇO URBANO,Prof47,ARQU,QUARTA-FEIRA,18:30,20:30,2,22,22,B,5,4,EV-730566545466985e,A,nao,Noite,Manhã/Noite,Noite,,,sem_alteracao,OPTIMAL
2026/2,Faculdade de Arquitetura - 12103,Sala 313,56,Sala de aula,46,ARQ02001,B,TEORIAS SOBRE O ESPAÇO URBANO,Prof47,ARQU,QUINTA-FEIRA,18:30,20:30,2,22,22,B,5,4,EV-07d07ac7ee470f92,A,nao,Noite,Manhã/Noite,Noite,,,sem_alteracao,OPTIMAL
2026/2,Faculdade de Arquitetura - 12103,Sala 314,64,Sala de aula,60,ARQ01005,A,ARQUITETURA NO BRASIL,Prof54,ARQU,SEGUNDA-FEIRA,07:30,09:30,2,30,30,A,3,4,EV-786f98a05a31cdf1,A,nao,Manhã,Manhã/Noite,Manhã,,,sem_alteracao,OPTIMAL
2026/2,Faculdade de Arquitetura - 12103,Sala 314,64,Sala de aula,60,ARQ01018,B,TÉCNICAS RETROSPECTIVAS,Prof55,ARQU,TERÇA-FEIRA,08:30,12:30,4,25,25,B,9,4,EV-3fe52a7e544f4183,A,nao,Manhã,Manhã/Noite,Manhã,,,sem_alteracao,OPTIMAL
2026/2,Faculdade de Arquitetura - 12103,Sala 314,64,Sala de aula,60,ENG01176,A,TÉCNICAS DE EDIFICAÇÃO C,Prof66,ARQU,QUARTA-FEIRA,08:30,10:30,2,45,45,A,6,4,EV-41fb432abe7d5c2e,A,nao,Manhã,Manhã/Noite,Manhã,,,sem_alteracao,OPTIMAL
2026/2,Faculdade de Arquitetura - 12103,Sala 314,64,Sala de aula,60,ENG01176,A,TÉCNICAS DE EDIFICAÇÃO C,Prof66,ARQU,SEXTA-FEIRA,08:30,10:30,2,45,45,A,6,4,EV-19b3aa72e73d996e,A,nao,Manhã,Manhã/Noite,Manhã,,,sem_alteracao,OPTIMAL
2026/2,Faculdade de Arquitetura - 12103,Sala 314,64,Sala de aula,60,ARQ01085,A,HABITABILIDADE DAS EDIFICAÇÕES I,Prof55,ARQU,SEGUNDA-FEIRA,09:30,11:30,2,30,30,A,3,2,EV-af458b1d1445cf38,A,nao,Manhã,Manhã/Noite,Manhã,,,sem_alteracao,OPTIMAL
2026/2,Faculdade de Arquitetura - 12103,Sala 314,64,Sala de aula,60,ENG03019,D,CONTROLE DIMENSIONAL B,Prof67,DPRO,QUINTA-FEIRA,15:30,18:30,3,15,15,D,5,3,EV-ce3eda40307f0a18,A,sim,Manhã,Tarde/Noite,Tarde,Ajuste global por restrições invioláveis; nível de preservação 3.,,horario,OPTIMAL
2026/2,Faculdade de Arquitetura - 12103,Sala 314,64,Sala de aula,60,ARQ03118,C,DESENHO TÉCNICO PARA CIÊNCIAS AGRÁRIAS,Prof64,CAGR,TERÇA-FEIRA,13:30,16:30,3,30,30,C,1,3,EV-7bfc2ac839d1db21,A,nao,Tarde,,Tarde,,,sem_alteracao,OPTIMAL
2026/2,Faculdade de Arquitetura - 12103,Sala 314,64,Sala de aula,60,ARQ03118,A,DESENHO TÉCNICO PARA CIÊNCIAS AGRÁRIAS,Prof63,CAGR,QUARTA-FEIRA,13:30,16:30,3,26,52,A/B,1,3,EV-215addad1e6b6427,A,nao,Tarde,,Tarde,,,sem_alteracao,OPTIMAL
2026/2,Faculdade de Arquitetura - 12103,Sala 314,64,Sala de aula,60,ARQ03118,B,DESENHO TÉCNICO PARA CIÊNCIAS AGRÁRIAS,Prof64,CAGR,QUARTA-FEIRA,13:30,16:30,3,26,52,A/B,1,3,EV-215addad1e6b6427,A,nao,Tarde,,Tarde,,,sem_alteracao,OPTIMAL
2026/2,Faculdade de Arquitetura - 12103,Sala 314,64,Sala de aula,60,IPH01014,U,GERENCIAMENTO DA DRENAGEM URBANA,Prof68,ARQU,SEXTA-FEIRA,18:30,22:30,4,25,25,U,0,4,EV-297b8a1a31688ccd,A,sim,Tarde,Manhã/Noite,Noite,Ajuste global por restrições invioláveis; nível de preservação 3.,,horario,OPTIMAL
2026/2,Faculdade de Arquitetura - 12103,Sala 103,64,Sala de aula,60,IPH02050,B,TRATAMENTO DE ÁGUA E ESGOTOS,Prof69,ARQU,SEGUNDA-FEIRA,07:30,09:30,2,45,45,B,0,2,EV-99e5386dc4ccbe1b,A,sim,Tarde,Manhã/Noite,Manhã,Ajuste global por restrições invioláveis; nível de preservação 3.,,sala+horario,OPTIMAL
2026/2,Faculdade de Arquitetura - 12103,Sala 314,64,Sala de aula,60,ARQ01094,B,HABITABILIDADE DAS EDIFICAÇÕES III,Prof21,ARQU,SEGUNDA-FEIRA,18:30,20:30,2,30,30,B,5,2,EV-a000c4344e9cb263,A,nao,Noite,Manhã/Noite,Noite,,,sem_alteracao,OPTIMAL
2026/2,Faculdade de Arquitetura - 12103,Sala 314,64,Sala de aula,60,ENG01139,B,MECÂNICA PARA ARQUITETOS,Prof65,ARQU,QUINTA-FEIRA,18:30,20:30,2,40,40,B,2,4,EV-e0955a52904f1672,A,nao,Noite,Manhã/Noite,Noite,,,sem_alteracao,OPTIMAL
2026/2,Faculdade de Arquitetura - 12103,Sala 414,56,Atelier,20,ARQ03090,A,PROJETO INTEGRADO II,Prof72,DVIS,SEGUNDA-FEIRA,19:30,22:30,3,14,28,A/B,9,6,EV-4ac7f018128ef7e0,A,sim,Manhã,Tarde/Noite,Noite,Ajuste global por restrições invioláveis; nível de preservação 3.,,sala+horario,OPTIMAL
2026/2,Faculdade de Arquitetura - 12103,Sala 414,56,Atelier,20,ARQ03090,A,PROJETO INTEGRADO II,Prof72,DPRO,SEGUNDA-FEIRA,19:30,22:30,3,14,28,A/B,9,6,EV-4ac7f018128ef7e0,A,sim,Manhã,Tarde/Noite,Noite,Ajuste global por restrições invioláveis; nível de preservação 3.,,sala+horario,OPTIMAL
2026/2,Faculdade de Arquitetura - 12103,Sala 414,56,Atelier,20,ARQ03090,B,PROJETO INTEGRADO II,Prof77,DVIS,SEGUNDA-FEIRA,19:30,22:30,3,14,28,A/B,9,6,EV-4ac7f018128ef7e0,A,sim,Manhã,Tarde/Noite,Noite,Ajuste global por restrições invioláveis; nível de preservação 3.,,sala+horario,OPTIMAL
2026/2,Faculdade de Arquitetura - 12103,Sala 414,56,Atelier,20,ARQ03090,B,PROJETO INTEGRADO II,Prof77,DPRO,SEGUNDA-FEIRA,19:30,22:30,3,14,28,A/B,9,6,EV-4ac7f018128ef7e0,A,sim,Manhã,Tarde/Noite,Noite,Ajuste global por restrições invioláveis; nível de preservação 3.,,sala+horario,OPTIMAL
2026/2,Faculdade de Arquitetura - 12103,Sala 401,56,Atelier,20,ARQ02002,C,URBANISMO I,Prof62,ARQU,TERÇA-FEIRA,09:30,12:30,3,15,45,C/B/A,6,6,EV-2e70c37e302c3e85,A,nao,Manhã,Manhã/Noite,Manhã,,,sem_alteracao,OPTIMAL
2026/2,Faculdade de Arquitetura - 12103,Sala 401,56,Atelier,20,ARQ02002,B,URBANISMO I,Prof75,ARQU,TERÇA-FEIRA,09:30,12:30,3,15,45,C/B/A,6,6,EV-2e70c37e302c3e85,A,nao,Manhã,Manhã/Noite,Manhã,,,sem_alteracao,OPTIMAL
2026/2,Faculdade de Arquitetura - 12103,Sala 401,56,Atelier,20,ARQ02002,A,URBANISMO I,Prof76,ARQU,TERÇA-FEIRA,09:30,12:30,3,15,45,C/B/A,6,6,EV-2e70c37e302c3e85,A,nao,Manhã,Manhã/Noite,Manhã,,,sem_alteracao,OPTIMAL
2026/2,Faculdade de Arquitetura - 12103,Sala 401,56,Atelier,20,ARQ03090,A,PROJETO INTEGRADO II,Prof72,DVIS,SEXTA-FEIRA,13:30,16:30,3,14,28,A/B,9,6,EV-2b0da82f918bfb6e,A,sim,Manhã,Tarde/Noite,Tarde,Ajuste global por restrições invioláveis; nível de preservação 5.,,dia+horario,OPTIMAL
2026/2,Faculdade de Arquitetura - 12103,Sala 401,56,Atelier,20,ARQ03090,A,PROJETO INTEGRADO II,Prof72,DPRO,SEXTA-FEIRA,13:30,16:30,3,14,28,A/B,9,6,EV-2b0da82f918bfb6e,A,sim,Manhã,Tarde/Noite,Tarde,Ajuste global por restrições invioláveis; nível de preservação 5.,,dia+horario,OPTIMAL
2026/2,Faculdade de Arquitetura - 12103,Sala 401,56,Atelier,20,ARQ03090,B,PROJETO INTEGRADO II,Prof77,DVIS,SEXTA-FEIRA,13:30,16:30,3,14,28,A/B,9,6,EV-2b0da82f918bfb6e,A,sim,Manhã,Tarde/Noite,Tarde,Ajuste global por restrições invioláveis; nível de preservação 5.,,dia+horario,OPTIMAL
2026/2,Faculdade de Arquitetura - 12103,Sala 401,56,Atelier,20,ARQ03090,B,PROJETO INTEGRADO II,Prof77,DPRO,SEXTA-FEIRA,13:30,16:30,3,14,28,A/B,9,6,EV-2b0da82f918bfb6e,A,sim,Manhã,Tarde/Noite,Tarde,Ajuste global por restrições invioláveis; nível de preservação 5.,,dia+horario,OPTIMAL
2026/2,Faculdade de Arquitetura - 12103,Sala 401,56,Atelier,20,ARQ02002,C,URBANISMO I,Prof62,ARQU,QUINTA-FEIRA,09:30,12:30,3,15,45,C/B/A,6,6,EV-0dc8360acc1cca47,A,nao,Manhã,Manhã/Noite,Manhã,,,sem_alteracao,OPTIMAL
2026/2,Faculdade de Arquitetura - 12103,Sala 401,56,Atelier,20,ARQ02002,B,URBANISMO I,Prof75,ARQU,QUINTA-FEIRA,09:30,12:30,3,15,45,C/B/A,6,6,EV-0dc8360acc1cca47,A,nao,Manhã,Manhã/Noite,Manhã,,,sem_alteracao,OPTIMAL
2026/2,Faculdade de Arquitetura - 12103,Sala 401,56,Atelier,20,ARQ02002,A,URBANISMO I,Prof76,ARQU,QUINTA-FEIRA,09:30,12:30,3,15,45,C/B/A,6,6,EV-0dc8360acc1cca47,A,nao,Manhã,Manhã/Noite,Manhã,,,sem_alteracao,OPTIMAL
2026/2,Faculdade de Arquitetura - 12103,Sala 401,56,Atelier,20,ARQ01007,A,PROJETO ARQUITETÔNICO I,Prof70,ARQU,SEXTA-FEIRA,09:30,12:30,3,15,30,A/C,3,10,EV-8d8c437962614d5f,A,nao,Manhã,Manhã/Noite,Manhã,,,sem_alteracao,OPTIMAL
2026/2,Faculdade de Arquitetura - 12103,Sala 401,56,Atelier,20,ARQ01007,C,PROJETO ARQUITETÔNICO I,Prof74,ARQU,SEXTA-FEIRA,09:30,12:30,3,15,30,A/C,3,10,EV-8d8c437962614d5f,A,nao,Manhã,Manhã/Noite,Manhã,,,sem_alteracao,OPTIMAL
2026/2,Faculdade de Arquitetura - 12103,Sala 401,56,Atelier,20,ARQ03062,A,PRÁTICA INTEGRADA DE CRIAÇÃO I,Prof71,DVIS,TERÇA-FEIRA,14:30,18:30,4,22,22,A,1,4,EV-fa8a13ea8f7a004e,A,nao,Tarde,Tarde/Noite,Tarde,,,sem_alteracao,OPTIMAL
2026/2,Faculdade de Arquitetura - 12103,Sala 401,56,Atelier,20,ARQ03062,A,PRÁTICA INTEGRADA DE CRIAÇÃO I,Prof71,DPRO,TERÇA-FEIRA,14:30,18:30,4,22,22,A,1,4,EV-fa8a13ea8f7a004e,A,nao,Tarde,Tarde/Noite,Tarde,,,sem_alteracao,OPTIMAL
2026/2,Faculdade de Arquitetura - 12103,Sala 401,56,Atelier,20,ARQ03062,B,PRÁTICA INTEGRADA DE CRIAÇÃO I,Prof71,DVIS,QUINTA-FEIRA,14:30,18:30,4,22,22,B,1,4,EV-e5a6b4d9cc25489a,A,nao,Tarde,Tarde/Noite,Tarde,,,sem_alteracao,OPTIMAL
2026/2,Faculdade de Arquitetura - 12103,Sala 401,56,Atelier,20,ARQ03062,B,PRÁTICA INTEGRADA DE CRIAÇÃO I,Prof71,DPRO,QUINTA-FEIRA,14:30,18:30,4,22,22,B,1,4,EV-e5a6b4d9cc25489a,A,nao,Tarde,Tarde/Noite,Tarde,,,sem_alteracao,OPTIMAL
2026/2,Faculdade de Arquitetura - 12103,Sala 401,56,Atelier,20,ARQ01007,A,PROJETO ARQUITETÔNICO I,Prof70,ARQU,SEGUNDA-FEIRA,18:30,22:30,4,15,30,A/C,3,10,EV-8371321b16bca952,A,nao,Noite,Manhã/Noite,Noite,,,sem_alteracao,OPTIMAL
2026/2,Faculdade de Arquitetura - 12103,Sala 401,56,Atelier,20,ARQ01007,C,PROJETO ARQUITETÔNICO I,Prof74,ARQU,SEGUNDA-FEIRA,18:30,22:30,4,15,30,A/C,3,10,EV-8371321b16bca952,A,nao,Noite,Manhã/Noite,Noite,,,sem_alteracao,OPTIMAL
2026/2,Faculdade de Arquitetura - 12103,Sala 401,56,Atelier,20,DIR04401,B,INTRODUÇÃO AO DIREITO DO TRABALHO,Prof73,ARQU,TERÇA-FEIRA,18:30,20:30,2,43,43,B,0,4,EV-d0ae84b71c8e02dd,A,nao,Noite,Manhã/Noite,Noite,,,sem_alteracao,OPTIMAL
2026/2,Faculdade de Arquitetura - 12103,Sala 401,56,Atelier,20,ARQ01007,A,PROJETO ARQUITETÔNICO I,Prof70,ARQU,QUARTA-FEIRA,18:30,21:30,3,15,30,A/C,3,10,EV-80c005c98e79809e,A,nao,Noite,Manhã/Noite,Noite,,,sem_alteracao,OPTIMAL
2026/2,Faculdade de Arquitetura - 12103,Sala 401,56,Atelier,20,ARQ01007,C,PROJETO ARQUITETÔNICO I,Prof74,ARQU,QUARTA-FEIRA,18:30,21:30,3,15,30,A/C,3,10,EV-80c005c98e79809e,A,nao,Noite,Manhã/Noite,Noite,,,sem_alteracao,OPTIMAL
2026/2,Faculdade de Arquitetura - 12103,Sala 401,56,Atelier,20,DIR04401,B,INTRODUÇÃO AO DIREITO DO TRABALHO,Prof73,ARQU,QUINTA-FEIRA,18:30,20:30,2,43,43,B,0,4,EV-b407c843b8a50b1e,A,nao,Noite,Manhã/Noite,Noite,,,sem_alteracao,OPTIMAL
2026/2,Faculdade de Arquitetura - 12103,Sala 401,56,Atelier,20,DIR04401,C,INTRODUÇÃO AO DIREITO DO TRABALHO,Prof73,ARQU,TERÇA-FEIRA,20:30,22:30,2,54,54,C,0,4,EV-95ed337a73f6dec7,A,nao,Noite,Manhã/Noite,Noite,,,sem_alteracao,OPTIMAL
2026/2,Faculdade de Arquitetura - 12103,Sala 401,56,Atelier,20,DIR04401,C,INTRODUÇÃO AO DIREITO DO TRABALHO,Prof73,ARQU,QUINTA-FEIRA,20:30,22:30,2,54,54,C,0,4,EV-ab1e1970fbee3ac6,A,nao,Noite,Manhã/Noite,Noite,,,sem_alteracao,OPTIMAL
2026/2,Faculdade de Arquitetura - 12103,Sala 405,30,Atelier,27,ARQ03083,A,PROJETO DE PRODUTO III,Prof80,DPRO,TERÇA-FEIRA,19:30,22:30,3,14,14,A,7,6,EV-293bd616dcd629ae,A,sim,Manhã,Tarde/Noite,Noite,Ajuste global por restrições invioláveis; nível de preservação 3.,,sala+horario,OPTIMAL
2026/2,Faculdade de Arquitetura - 12103,Sala 414,30,Atelier,27,ARQ03083,A,PROJETO DE PRODUTO III,Prof80,DPRO,QUINTA-FEIRA,19:30,22:30,3,14,14,A,7,6,EV-433ab36486d2764f,A,sim,Manhã,Tarde/Noite,Noite,Ajuste global por restrições invioláveis; nível de preservação 3.,,sala+horario,OPTIMAL
2026/2,Faculdade de Arquitetura - 12103,Sala 402,30,Atelier,27,ARQ01049,C,INTRODUÇÃO AO PROJETO ARQUITETÔNICO II,Prof79,ARQU,SEGUNDA-FEIRA,09:30,12:30,3,15,15,C,2,9,EV-ae1860280cca984e,A,nao,Manhã,Manhã/Noite,Manhã,,,sem_alteracao,OPTIMAL
2026/2,Faculdade de Arquitetura - 12103,Sala 402,30,Atelier,27,ARQ01049,C,INTRODUÇÃO AO PROJETO ARQUITETÔNICO II,Prof79,ARQU,QUARTA-FEIRA,09:30,12:30,3,15,15,C,2,9,EV-96ca5081d49e28b7,A,nao,Manhã,Manhã/Noite,Manhã,,,sem_alteracao,OPTIMAL
2026/2,Faculdade de Arquitetura - 12103,Sala 402,30,Atelier,27,ARQ01049,C,INTRODUÇÃO AO PROJETO ARQUITETÔNICO II,Prof79,ARQU,SEXTA-FEIRA,09:30,12:30,3,15,15,C,2,9,EV-126d22efd0c8026b,A,nao,Manhã,Manhã/Noite,Manhã,,,sem_alteracao,OPTIMAL
2026/2,Faculdade de Arquitetura - 12103,Sala 504,30,Atelier,27,ARQ03099,A,DESIGN INSTRUCIONAL,Prof80,DVIS,TERÇA-FEIRA,16:30,18:30,2,18,18,A,8,4,EV-d264fd8c96a86aa3,A,sim,Manhã,Tarde/Noite,Tarde,Ajuste global por restrições invioláveis; nível de preservação 3.,,sala+horario,OPTIMAL
2026/2,Faculdade de Arquitetura - 12103,Sala 504,30,Atelier,27,ARQ03099,A,DESIGN INSTRUCIONAL,Prof80,DPRO,TERÇA-FEIRA,16:30,18:30,2,18,18,A,0,4,EV-d264fd8c96a86aa3,A,sim,Manhã,Tarde/Noite,Tarde,Ajuste global por restrições invioláveis; nível de preservação 3.,,sala+horario,OPTIMAL
2026/2,Faculdade de Arquitetura - 12103,Sala 414,30,Atelier,27,ARQ03099,A,DESIGN INSTRUCIONAL,Prof80,DVIS,QUINTA-FEIRA,16:30,18:30,2,18,18,A,8,4,EV-eb29d599791807c5,A,sim,Manhã,Tarde/Noite,Tarde,Ajuste global por restrições invioláveis; nível de preservação 3.,,sala+horario,OPTIMAL
2026/2,Faculdade de Arquitetura - 12103,Sala 414,30,Atelier,27,ARQ03099,A,DESIGN INSTRUCIONAL,Prof80,DPRO,QUINTA-FEIRA,16:30,18:30,2,18,18,A,0,4,EV-eb29d599791807c5,A,sim,Manhã,Tarde/Noite,Tarde,Ajuste global por restrições invioláveis; nível de preservação 3.,,sala+horario,OPTIMAL
2026/2,Faculdade de Arquitetura - 12103,Sala 304,30,Atelier,27,ARQ01030,B,TÓPICOS ESPECIAIS EM PROJETO ARQUITETÔNICO II-A,Prof75,ARQU,SEGUNDA-FEIRA,19:30,22:30,3,10,20,B/A,0,6,EV-e66dd2990c32bc82,A,sim,Tarde,Manhã/Noite,Noite,Ajuste global por restrições invioláveis; nível de preservação 3.,,sala+horario,OPTIMAL
2026/2,Faculdade de Arquitetura - 12103,Sala 304,30,Atelier,27,ARQ01030,A,TÓPICOS ESPECIAIS EM PROJETO ARQUITETÔNICO II-A,Prof01,ARQU,SEGUNDA-FEIRA,19:30,22:30,3,10,20,B/A,0,6,EV-e66dd2990c32bc82,A,sim,Tarde,Manhã/Noite,Noite,Ajuste global por restrições invioláveis; nível de preservação 3.,,sala+horario,OPTIMAL
2026/2,Faculdade de Arquitetura - 12103,Sala 402,30,Atelier,27,ARQ01030,B,TÓPICOS ESPECIAIS EM PROJETO ARQUITETÔNICO II-A,Prof75,ARQU,SEXTA-FEIRA,19:30,22:30,3,10,20,B/A,0,6,EV-f4dfaa5fffe740ca,A,sim,Tarde,Manhã/Noite,Noite,Ajuste global por restrições invioláveis; nível de preservação 3.,,horario,OPTIMAL
2026/2,Faculdade de Arquitetura - 12103,Sala 402,30,Atelier,27,ARQ01030,A,TÓPICOS ESPECIAIS EM PROJETO ARQUITETÔNICO II-A,Prof01,ARQU,SEXTA-FEIRA,19:30,22:30,3,10,20,B/A,0,6,EV-f4dfaa5fffe740ca,A,sim,Tarde,Manhã/Noite,Noite,Ajuste global por restrições invioláveis; nível de preservação 3.,,horario,OPTIMAL
2026/2,Faculdade de Arquitetura - 12103,Sala 402,30,Atelier,27,ARQ03077,A,PROJETO DE PRODUTO II,Prof02,DPRO,TERÇA-FEIRA,14:30,17:30,3,15,15,A,5,6,EV-2b0e319976339ca0,A,nao,Tarde,Tarde/Noite,Tarde,,,sem_alteracao,OPTIMAL
2026/2,Faculdade de Arquitetura - 12103,Sala 401,30,Atelier,27,BIO02224,T1,ESTUDO DA VEGETAÇÃO,Prof81,ARQU,QUARTA-FEIRA,07:30,10:30,3,24,24,T1,0,3,EV-9a0db8f85665d3ed,A,sim,Tarde,Manhã/Noite,Manhã,Ajuste global por restrições invioláveis; nível de preservação 3.,,sala+horario,OPTIMAL
2026/2,Faculdade de Arquitetura - 12103,Sala 402,30,Atelier,27,ARQ03077,A,PROJETO DE PRODUTO II,Prof02,DPRO,QUINTA-FEIRA,14:30,17:30,3,15,15,A,5,6,EV-af63f1c9cd4c1080,A,nao,Tarde,Tarde/Noite,Tarde,,,sem_alteracao,OPTIMAL
2026/2,Faculdade de Arquitetura - 12103,Sala 402,30,Atelier,27,ARQ02006,C,URBANISMO IV,Prof34,ARQU,SEGUNDA-FEIRA,18:30,22:30,4,17,17,C,9,7,EV-3b3624112c7808bb,A,nao,Noite,Manhã/Noite,Noite,,,sem_alteracao,OPTIMAL
2026/2,Faculdade de Arquitetura - 12103,Sala 402,30,Atelier,27,ARQ01009,B,PROJETO ARQUITETÔNICO III,Prof78,ARQU,TERÇA-FEIRA,18:30,22:30,4,15,15,B,5,10,EV-0c43eac822e49bcc,A,nao,Noite,Manhã/Noite,Noite,,,sem_alteracao,OPTIMAL
2026/2,Faculdade de Arquitetura - 12103,Sala 402,30,Atelier,27,HUM04815,U,ESTUDOS DE SOCIOLOGIA URBANA,Prof82,ARQU,QUARTA-FEIRA,18:30,22:30,4,30,30,U,0,4,EV-71d99781f4bea6e6,A,nao,Noite,Manhã/Noite,Noite,,,sem_alteracao,OPTIMAL
2026/2,Faculdade de Arquitetura - 12103,Sala 402,30,Atelier,27,ARQ02006,C,URBANISMO IV,Prof34,ARQU,QUINTA-FEIRA,18:30,21:30,3,17,17,C,9,7,EV-2ac9000dc20b8164,A,nao,Noite,Manhã/Noite,Noite,,,sem_alteracao,OPTIMAL
2026/2,Faculdade de Arquitetura - 12103,Sala 403,30,Atelier,21,ARQ02003,B,URBANISMO II,Prof83,ARQU,QUINTA-FEIRA,08:30,12:30,4,17,17,B,7,7,EV-f5c87436e69051b3,A,nao,Manhã,Manhã/Noite,Manhã,,,sem_alteracao,OPTIMAL
2026/2,Faculdade de Arquitetura - 12103,Sala 403,30,Atelier,21,ARQ01013,A,PROJETO ARQUITETÔNICO V,Prof30,ARQU,SEGUNDA-FEIRA,09:30,12:30,3,15,15,A,7,10,EV-843b5417071667a8,A,nao,Manhã,Manhã/Noite,Manhã,,,sem_alteracao,OPTIMAL
2026/2,Faculdade de Arquitetura - 12103,Sala 403,30,Atelier,21,ARQ02003,B,URBANISMO II,Prof83,ARQU,TERÇA-FEIRA,09:30,12:30,3,17,17,B,7,7,EV-13b3327e185d87b4,A,nao,Manhã,Manhã/Noite,Manhã,,,sem_alteracao,OPTIMAL
2026/2,Faculdade de Arquitetura - 12103,Sala 403,30,Atelier,21,ARQ01008,A,PROJETO ARQUITETÔNICO II,Prof18,ARQU,QUARTA-FEIRA,09:30,12:30,3,15,15,A,4,10,EV-7dac7f1ffecdc2bb,A,nao,Manhã,Manhã/Noite,Manhã,,,sem_alteracao,OPTIMAL
2026/2,Faculdade de Arquitetura - 12103,Sala 504,30,Atelier,21,ARQ01084,U,FOTOGRAFIA DE ARQUITETURA E CIDADE,Prof18,ARQU,SEGUNDA-FEIRA,08:30,12:30,4,15,15,U,0,4,EV-22c8f9835eb20f3e,A,sim,Tarde,Manhã/Noite,Manhã,Ajuste global por restrições invioláveis; nível de preservação 3.,,sala+horario,OPTIMAL
2026/2,Faculdade de Arquitetura - 12103,Sala 403,30,Atelier,21,ARQ03098,A,METODOLOGIA DE PROJETO,Prof84,DVIS,TERÇA-FEIRA,13:30,15:30,2,22,22,A,3,4,EV-4173e5746aaff868,A,nao,Tarde,Tarde/Noite,Tarde,,,sem_alteracao,OPTIMAL
2026/2,Faculdade de Arquitetura - 12103,Sala 403,30,Atelier,21,ARQ03098,A,METODOLOGIA DE PROJETO,Prof84,DPRO,TERÇA-FEIRA,13:30,15:30,2,22,22,A,3,4,EV-4173e5746aaff868,A,nao,Tarde,Tarde/Noite,Tarde,,,sem_alteracao,OPTIMAL
2026/2,Faculdade de Arquitetura - 12103,Sala 403,30,Atelier,21,ARQ03098,A,METODOLOGIA DE PROJETO,Prof84,DVIS,QUINTA-FEIRA,13:30,15:30,2,22,22,A,3,4,EV-bdf30cf11a74cce5,A,nao,Tarde,Tarde/Noite,Tarde,,,sem_alteracao,OPTIMAL
2026/2,Faculdade de Arquitetura - 12103,Sala 403,30,Atelier,21,ARQ03098,A,METODOLOGIA DE PROJETO,Prof84,DPRO,QUINTA-FEIRA,13:30,15:30,2,22,22,A,3,4,EV-bdf30cf11a74cce5,A,nao,Tarde,Tarde/Noite,Tarde,,,sem_alteracao,OPTIMAL
2026/2,Faculdade de Arquitetura - 12103,Sala 403,30,Atelier,21,ARQ01013,A,PROJETO ARQUITETÔNICO V,Prof30,ARQU,QUINTA-FEIRA,19:30,22:30,3,15,15,A,7,10,EV-5692f3158c566783,A,sim,Tarde/Noite,Manhã/Noite,Noite,Ajuste global por restrições invioláveis; nível de preservação 3.,,horario,OPTIMAL
2026/2,Faculdade de Arquitetura - 12103,Sala 403,30,Atelier,21,ARQ01008,A,PROJETO ARQUITETÔNICO II,Prof18,ARQU,SEGUNDA-FEIRA,18:30,22:30,4,15,15,A,4,10,EV-e7d238562b663cc7,A,nao,Noite,Manhã/Noite,Noite,,,sem_alteracao,OPTIMAL
2026/2,Faculdade de Arquitetura - 12103,Sala 403,30,Atelier,21,ARQ01013,A,PROJETO ARQUITETÔNICO V,Prof30,ARQU,TERÇA-FEIRA,18:30,22:30,4,15,15,A,7,10,EV-83548703f081d7f1,A,nao,Noite,Manhã/Noite,Noite,,,sem_alteracao,OPTIMAL
2026/2,Faculdade de Arquitetura - 12103,Sala 404,30,Atelier,24,ARQ02004,C,URBANISMO III,Prof87,ARQU,TERÇA-FEIRA,08:30,12:30,4,15,15,C,8,7,EV-bbbe32e4a943d737,A,nao,Manhã,Manhã/Noite,Manhã,,,sem_alteracao,OPTIMAL
2026/2,Faculdade de Arquitetura - 12103,Sala 404,30,Atelier,24,ARQ01011,B,PROJETO ARQUITETÔNICO IV,Prof86,ARQU,SEGUNDA-FEIRA,09:30,12:30,3,16,16,B,6,10,EV-8f8fd8f31d240e90,A,nao,Manhã,Manhã/Noite,Manhã,,,sem_alteracao,OPTIMAL
2026/2,Faculdade de Arquitetura - 12103,Sala 403,30,Atelier,24,ARQ03113,A,PROCESSOS DE PRODUÇÃO GRÁFICA,Prof87,DVIS,QUARTA-FEIRA,19:30,22:30,3,27,27,A,2,3,EV-c762f88f70b1d4a8,A,sim,Manhã,Tarde/Noite,Noite,Ajuste global por restrições invioláveis; nível de preservação 3.,,sala+horario,OPTIMAL
2026/2,Faculdade de Arquitetura - 12103,Sala 404,30,Atelier,24,ARQ02004,C,URBANISMO III,Prof87,ARQU,QUINTA-FEIRA,09:30,12:30,3,15,15,C,8,7,EV-ddb811e252a75f45,A,nao,Manhã,Manhã/Noite,Manhã,,,sem_alteracao,OPTIMAL
2026/2,Faculdade de Arquitetura - 12103,Sala 404,30,Atelier,24,ARQ01007,D,PROJETO ARQUITETÔNICO I,Prof85,ARQU,SEXTA-FEIRA,09:30,12:30,3,15,15,D,3,10,EV-275552664244e1ea,A,nao,Manhã,Manhã/Noite,Manhã,,,sem_alteracao,OPTIMAL
2026/2,Faculdade de Arquitetura - 12103,Sala 404,30,Atelier,24,ARQ03098,B,METODOLOGIA DE PROJETO,Prof88,DVIS,TERÇA-FEIRA,13:30,15:30,2,22,22,B,3,4,EV-0d8e8ae8b4728c27,A,nao,Tarde,Tarde/Noite,Tarde,,,sem_alteracao,OPTIMAL
2026/2,Faculdade de Arquitetura - 12103,Sala 404,30,Atelier,24,ARQ03098,B,METODOLOGIA DE PROJETO,Prof88,DPRO,TERÇA-FEIRA,13:30,15:30,2,22,22,B,3,4,EV-0d8e8ae8b4728c27,A,nao,Tarde,Tarde/Noite,Tarde,,,sem_alteracao,OPTIMAL
2026/2,Faculdade de Arquitetura - 12103,Sala 404,30,Atelier,24,ARQ03085,A,DESIGN DE EMBALAGEM II,Prof87,DVIS,QUARTA-FEIRA,13:30,17:30,4,35,35,A,7,4,EV-b4424df95e3c05f7,A,nao,Tarde,Tarde/Noite,Tarde,,,sem_alteracao,OPTIMAL
2026/2,Faculdade de Arquitetura - 12103,Sala 404,30,Atelier,24,ARQ03085,A,DESIGN DE EMBALAGEM II,Prof87,DPRO,QUARTA-FEIRA,13:30,17:30,4,35,35,A,7,4,EV-b4424df95e3c05f7,A,nao,Tarde,Tarde/Noite,Tarde,,,sem_alteracao,OPTIMAL
2026/2,Faculdade de Arquitetura - 12103,Sala 404,30,Atelier,24,ARQ03098,B,METODOLOGIA DE PROJETO,Prof88,DVIS,QUINTA-FEIRA,13:30,15:30,2,22,22,B,3,4,EV-b3d316081a5cb2ef,A,nao,Tarde,Tarde/Noite,Tarde,,,sem_alteracao,OPTIMAL
2026/2,Faculdade de Arquitetura - 12103,Sala 404,30,Atelier,24,ARQ03098,B,METODOLOGIA DE PROJETO,Prof88,DPRO,QUINTA-FEIRA,13:30,15:30,2,22,22,B,3,4,EV-b3d316081a5cb2ef,A,nao,Tarde,Tarde/Noite,Tarde,,,sem_alteracao,OPTIMAL
2026/2,Faculdade de Arquitetura - 12103,Sala 404,30,Atelier,24,ARQ03139,A,ERGONOMIA APLICADA AO DESIGN I,Prof88,DVIS,TERÇA-FEIRA,15:30,17:30,2,25,25,A,3,4,EV-6ead94ba1bbbfc4b,A,nao,Tarde,Tarde/Noite,Tarde,,,sem_alteracao,OPTIMAL
2026/2,Faculdade de Arquitetura - 12103,Sala 404,30,Atelier,24,ARQ03139,A,ERGONOMIA APLICADA AO DESIGN I,Prof88,DPRO,TERÇA-FEIRA,15:30,17:30,2,25,25,A,3,4,EV-6ead94ba1bbbfc4b,A,nao,Tarde,Tarde/Noite,Tarde,,,sem_alteracao,OPTIMAL
2026/2,Faculdade de Arquitetura - 12103,Sala 404,30,Atelier,24,ARQ03139,A,ERGONOMIA APLICADA AO DESIGN I,Prof88,DVIS,QUINTA-FEIRA,15:30,17:30,2,25,25,A,3,4,EV-012c030554394718,A,nao,Tarde,Tarde/Noite,Tarde,,,sem_alteracao,OPTIMAL
2026/2,Faculdade de Arquitetura - 12103,Sala 404,30,Atelier,24,ARQ03139,A,ERGONOMIA APLICADA AO DESIGN I,Prof88,DPRO,QUINTA-FEIRA,15:30,17:30,2,25,25,A,3,4,EV-012c030554394718,A,nao,Tarde,Tarde/Noite,Tarde,,,sem_alteracao,OPTIMAL
2026/2,Faculdade de Arquitetura - 12103,Sala 404,30,Atelier,24,ARQ01007,D,PROJETO ARQUITETÔNICO I,Prof85,ARQU,SEGUNDA-FEIRA,18:30,22:30,4,15,15,D,3,10,EV-9038dcffdd88155a,A,nao,Noite,Manhã/Noite,Noite,,,sem_alteracao,OPTIMAL
2026/2,Faculdade de Arquitetura - 12103,Sala 404,30,Atelier,24,ARQ01011,B,PROJETO ARQUITETÔNICO IV,Prof86,ARQU,TERÇA-FEIRA,18:30,22:30,4,16,16,B,6,10,EV-1ef58236cd30203b,A,nao,Noite,Manhã/Noite,Noite,,,sem_alteracao,OPTIMAL
2026/2,Faculdade de Arquitetura - 12103,Sala 404,30,Atelier,24,ARQ01007,D,PROJETO ARQUITETÔNICO I,Prof85,ARQU,QUARTA-FEIRA,18:30,21:30,3,15,15,D,3,10,EV-fa87fba543650abe,A,nao,Noite,Manhã/Noite,Noite,,,sem_alteracao,OPTIMAL
2026/2,Faculdade de Arquitetura - 12103,Sala 404,30,Atelier,24,ARQ01011,B,PROJETO ARQUITETÔNICO IV,Prof86,ARQU,QUINTA-FEIRA,18:30,21:30,3,16,16,B,6,10,EV-d974cc08b6645d74,A,nao,Noite,Manhã/Noite,Noite,,,sem_alteracao,OPTIMAL
2026/2,Faculdade de Arquitetura - 12103,Sala 405,30,Atelier,24,ENG01169,A,RESISTÊNCIA DOS MATERIAIS PARA ARQUITETOS,Prof92,ARQU,QUARTA-FEIRA,07:30,09:30,2,37,37,A,3,4,EV-836b4818dbe5c0ba,A,nao,Manhã,Manhã/Noite,Manhã,,,sem_alteracao,OPTIMAL
2026/2,Faculdade de Arquitetura - 12103,Sala 405,30,Atelier,24,ENG01169,A,RESISTÊNCIA DOS MATERIAIS PARA ARQUITETOS,Prof92,ARQU,SEXTA-FEIRA,07:30,09:30,2,37,37,A,3,4,EV-22377ba592ff5286,A,nao,Manhã,Manhã/Noite,Manhã,,,sem_alteracao,OPTIMAL
2026/2,Faculdade de Arquitetura - 12103,Sala 405,30,Atelier,24,ARQ01008,D,PROJETO ARQUITETÔNICO II,Prof90,ARQU,QUARTA-FEIRA,09:30,12:30,3,15,30,D/B,4,10,EV-8d2dc4d683bb4a3c,A,nao,Manhã,Manhã/Noite,Manhã,,,sem_alteracao,OPTIMAL
2026/2,Faculdade de Arquitetura - 12103,Sala 405,30,Atelier,24,ARQ01008,B,PROJETO ARQUITETÔNICO II,Prof91,ARQU,QUARTA-FEIRA,09:30,12:30,3,15,30,D/B,4,10,EV-8d2dc4d683bb4a3c,A,nao,Manhã,Manhã/Noite,Manhã,,,sem_alteracao,OPTIMAL
2026/2,Faculdade de Arquitetura - 12103,Sala 405,30,Atelier,24,ARQ01008,D,PROJETO ARQUITETÔNICO II,Prof90,ARQU,SEXTA-FEIRA,09:30,12:30,3,15,30,D/B,4,10,EV-f3cf630034b8240b,A,nao,Manhã,Manhã/Noite,Manhã,,,sem_alteracao,OPTIMAL
2026/2,Faculdade de Arquitetura - 12103,Sala 405,30,Atelier,24,ARQ01008,B,PROJETO ARQUITETÔNICO II,Prof91,ARQU,SEXTA-FEIRA,09:30,12:30,3,15,30,D/B,4,10,EV-f3cf630034b8240b,A,nao,Manhã,Manhã/Noite,Manhã,,,sem_alteracao,OPTIMAL
2026/2,Faculdade de Arquitetura - 12103,Sala 405,30,Atelier,24,AGR06014,B,PAISAGISMO E O AMBIENTE CONSTRUÍDO,Prof89,ARQU,QUINTA-FEIRA,09:30,12:30,3,16,16,B,0,3,EV-25d4940088fd73ea,A,sim,Tarde,Manhã/Noite,Manhã,Ajuste global por restrições invioláveis; nível de preservação 3.,,horario,OPTIMAL
2026/2,Faculdade de Arquitetura - 12103,Sala 405,30,Atelier,24,ARQ01008,D,PROJETO ARQUITETÔNICO II,Prof90,ARQU,SEGUNDA-FEIRA,18:30,22:30,4,15,30,D/B,4,10,EV-3bd6dbfef3fc519e,A,nao,Noite,Manhã/Noite,Noite,,,sem_alteracao,OPTIMAL
2026/2,Faculdade de Arquitetura - 12103,Sala 405,30,Atelier,24,ARQ01008,B,PROJETO ARQUITETÔNICO II,Prof91,ARQU,SEGUNDA-FEIRA,18:30,22:30,4,15,30,D/B,4,10,EV-3bd6dbfef3fc519e,A,nao,Noite,Manhã/Noite,Noite,,,sem_alteracao,OPTIMAL
2026/2,Faculdade de Arquitetura - 12103,Sala 407,15,Sala de aula,15,ARQ01049,A,INTRODUÇÃO AO PROJETO ARQUITETÔNICO II,Prof93,ARQU,SEGUNDA-FEIRA,09:30,12:30,3,15,15,A,2,9,EV-757f68b344c9abed,A,nao,Manhã,Manhã/Noite,Manhã,,,sem_alteracao,OPTIMAL
2026/2,Faculdade de Arquitetura - 12103,Sala 407,15,Sala de aula,15,ARQ01049,A,INTRODUÇÃO AO PROJETO ARQUITETÔNICO II,Prof93,ARQU,QUARTA-FEIRA,09:30,12:30,3,15,15,A,2,9,EV-e0e163807e98abcf,A,nao,Manhã,Manhã/Noite,Manhã,,,sem_alteracao,OPTIMAL
2026/2,Faculdade de Arquitetura - 12103,Sala 407,15,Sala de aula,15,ARQ01049,A,INTRODUÇÃO AO PROJETO ARQUITETÔNICO II,Prof93,ARQU,SEXTA-FEIRA,09:30,12:30,3,15,15,A,2,9,EV-bdd3037126cbbd05,A,nao,Manhã,Manhã/Noite,Manhã,,,sem_alteracao,OPTIMAL
2026/2,Faculdade de Arquitetura - 12103,Sala 407,15,Sala de aula,15,DIR03017,U,DIREITO NOTARIAL,Prof100,ARQU,TERÇA-FEIRA,18:30,22:30,4,16,16,U,0,4,EV-90b9d2530ed0ee51,A,nao,Noite,Manhã/Noite,Noite,,,sem_alteracao,OPTIMAL
2026/2,Faculdade de Arquitetura - 12103,Sala 409,60,Atelier,16,ARQ01088,B,TEORIA DA ARQUITETURA I,Prof31,ARQU,SEGUNDA-FEIRA,07:30,09:30,2,16,16,B,6,2,EV-ba0909922ea0229c,A,nao,Manhã,Manhã/Noite,Manhã,,,sem_alteracao,OPTIMAL
2026/2,Faculdade de Arquitetura - 12103,Sala 409,60,Atelier,16,ARQ01088,A,TEORIA DA ARQUITETURA I,Prof31,ARQU,TERÇA-FEIRA,07:30,09:30,2,19,19,A,6,2,EV-dbc4b3454ad09078,A,nao,Manhã,Manhã/Noite,Manhã,,,sem_alteracao,OPTIMAL
2026/2,Faculdade de Arquitetura - 12103,Sala 409,60,Atelier,16,ARQ01089,B,TEORIA DA ARQUITETURA II,Prof31,ARQU,QUINTA-FEIRA,07:30,09:30,2,24,24,B,8,2,EV-878c1db5237a3f7f,A,nao,Manhã,Manhã/Noite,Manhã,,,sem_alteracao,OPTIMAL
2026/2,Faculdade de Arquitetura - 12103,Sala 409,60,Atelier,16,ARQ01049,D,INTRODUÇÃO AO PROJETO ARQUITETÔNICO II,Prof101,ARQU,SEGUNDA-FEIRA,09:30,12:30,3,15,15,D,2,9,EV-82f32d38bfe5e5c7,A,nao,Manhã,Manhã/Noite,Manhã,,,sem_alteracao,OPTIMAL
2026/2,Faculdade de Arquitetura - 12103,Sala 409,60,Atelier,16,ARQ01049,D,INTRODUÇÃO AO PROJETO ARQUITETÔNICO II,Prof101,ARQU,QUARTA-FEIRA,09:30,12:30,3,15,15,D,2,9,EV-83f1930c0be259eb,A,nao,Manhã,Manhã/Noite,Manhã,,,sem_alteracao,OPTIMAL
2026/2,Faculdade de Arquitetura - 12103,Sala 409,60,Atelier,16,ARQ01049,D,INTRODUÇÃO AO PROJETO ARQUITETÔNICO II,Prof101,ARQU,SEXTA-FEIRA,09:30,12:30,3,15,15,D,2,9,EV-f5d4076d68e11e19,A,nao,Manhã,Manhã/Noite,Manhã,,,sem_alteracao,OPTIMAL
2026/2,Faculdade de Arquitetura - 12103,Sala 409,60,Atelier,16,ENG03040,U,SISTEMAS ESTRUTURAIS APLICADOS,Prof12,DPRO,QUINTA-FEIRA,13:30,15:30,2,16,16,U,7,4,EV-d3369f1d525bd5b7,A,sim,Manhã,Tarde/Noite,Tarde,Ajuste global por restrições invioláveis; nível de preservação 3.,,horario,OPTIMAL
2026/2,Faculdade de Arquitetura - 12103,Sala 409,60,Atelier,16,ENG02009,U,CIÊNCIA DOS MATERIAIS C,Prof102,ARQU,SEGUNDA-FEIRA,18:30,20:30,2,15,15,U,0,4,EV-7963cb195b8a8789,A,nao,Noite,Manhã/Noite,Noite,,,sem_alteracao,OPTIMAL
2026/2,Faculdade de Arquitetura - 12103,Sala 409,60,Atelier,16,ARQ01089,A,TEORIA DA ARQUITETURA II,Prof31,ARQU,TERÇA-FEIRA,18:30,20:30,2,23,23,A,8,2,EV-b16052baed891741,A,nao,Noite,Manhã/Noite,Noite,,,sem_alteracao,OPTIMAL
2026/2,Faculdade de Arquitetura - 12103,Sala 409,60,Atelier,16,ENG02009,U,CIÊNCIA DOS MATERIAIS C,Prof102,ARQU,QUARTA-FEIRA,18:30,20:30,2,15,15,U,0,4,EV-5b7dc458bc02220e,A,nao,Noite,Manhã/Noite,Noite,,,sem_alteracao,OPTIMAL
2026/2,Faculdade de Arquitetura - 12103,Sala 413,48,Sala de aula,61,ARQ01005,B,ARQUITETURA NO BRASIL,Prof36,ARQU,SEGUNDA-FEIRA,07:30,09:30,2,30,30,B,3,4,EV-10d0d2e56377312a,A,nao,Manhã,Manhã/Noite,Manhã,,,sem_alteracao,OPTIMAL
2026/2,Faculdade de Arquitetura - 12103,Sala 413,48,Sala de aula,61,ARQ01086,A,HISTÓRIA DA ARQUITETURA E DA ARTE IV,Prof104,ARQU,TERÇA-FEIRA,07:30,09:30,2,30,30,A,4,2,EV-88bc362ec54481d9,A,nao,Manhã,Manhã/Noite,Manhã,,,sem_alteracao,OPTIMAL
2026/2,Faculdade de Arquitetura - 12103,Sala 413,48,Sala de aula,61,ARQ01086,B,HISTÓRIA DA ARQUITETURA E DA ARTE IV,Prof104,ARQU,QUARTA-FEIRA,07:30,09:30,2,30,30,B,4,2,EV-cc1c1b5b4e68ae0b,A,nao,Manhã,Manhã/Noite,Manhã,,,sem_alteracao,OPTIMAL
2026/2,Faculdade de Arquitetura - 12103,Sala 413,48,Sala de aula,61,ARQ01005,B,ARQUITETURA NO BRASIL,Prof36,ARQU,QUINTA-FEIRA,07:30,09:30,2,30,30,B,3,4,EV-504e1fb8fc34094e,A,nao,Manhã,Manhã/Noite,Manhã,,,sem_alteracao,OPTIMAL
2026/2,Faculdade de Arquitetura - 12103,Sala 413,48,Sala de aula,61,ENG01171,U,TÉCNICAS DE EDIFICAÇÃO A,Prof107,ARQU,SEXTA-FEIRA,07:30,09:30,2,45,45,U,4,4,EV-4fa73dfa1a2727e8,A,nao,Manhã,Manhã/Noite,Manhã,,,sem_alteracao,OPTIMAL
2026/2,Faculdade de Arquitetura - 12103,Sala 413,48,Sala de aula,61,ARQ02005,A,PLANEJAMENTO E GESTÃO URBANA,Prof105,ARQU,SEGUNDA-FEIRA,09:30,13:30,4,55,55,A,8,4,EV-1b9bb21c43eaa816,A,nao,Manhã,Manhã/Noite,Manhã,,"Posição fora do turno-alvo já existente na fonte, mantida pela prioridade de preservação da Solução A.",sem_alteracao,OPTIMAL
2026/2,Faculdade de Arquitetura - 12103,Sala 413,48,Sala de aula,61,ARQ01004,A,HISTÓRIA DA ARQUITETURA E DA ARTE III,Prof104,ARQU,TERÇA-FEIRA,09:30,11:30,2,30,30,A,3,2,EV-3ab498853e4d0cb0,A,nao,Manhã,Manhã/Noite,Manhã,,,sem_alteracao,OPTIMAL
2026/2,Faculdade de Arquitetura - 12103,Sala 413,48,Sala de aula,61,ARQ01009,B,PROJETO ARQUITETÔNICO III,Prof78,ARQU,QUINTA-FEIRA,09:30,12:30,3,15,15,B,5,10,EV-4f5275eb28c19e2c,A,nao,Manhã,Manhã/Noite,Manhã,,,sem_alteracao,OPTIMAL
2026/2,Faculdade de Arquitetura - 12103,Sala 413,48,Sala de aula,61,ENG01173,U,ESTRUTURAS DE AÇO E DE MADEIRA A,Prof108,ARQU,QUARTA-FEIRA,10:30,12:30,2,45,45,U,6,4,EV-7aab6391690bd371,A,nao,Manhã,Manhã/Noite,Manhã,,,sem_alteracao,OPTIMAL
2026/2,Faculdade de Arquitetura - 12103,Sala 413,48,Sala de aula,61,ENG01173,U,ESTRUTURAS DE AÇO E DE MADEIRA A,Prof108,ARQU,SEXTA-FEIRA,10:30,12:30,2,45,45,U,6,4,EV-305a4cf3acc72385,A,nao,Manhã,Manhã/Noite,Manhã,,,sem_alteracao,OPTIMAL
2026/2,Faculdade de Arquitetura - 12103,Sala 415,48,Sala de aula,61,ENG01171,U,TÉCNICAS DE EDIFICAÇÃO A,Prof107,ARQU,QUARTA-FEIRA,18:30,20:30,2,45,45,U,4,4,EV-8a8cbdff16827ad2,A,sim,Tarde,Manhã/Noite,Noite,Ajuste global por restrições invioláveis; nível de preservação 3.,,sala+horario,OPTIMAL
2026/2,Faculdade de Arquitetura - 12103,Sala 103,48,Sala de aula,61,ARQ02007,U,PLANO DIRETOR - CONTEÚDO E TENDÊNCIAS,Prof47,ARQU,SEGUNDA-FEIRA,18:30,22:30,4,25,25,U,0,4,EV-a5b5c8f11f553992,A,sim,Tarde,Manhã/Noite,Noite,Ajuste global por restrições invioláveis; nível de preservação 3.,,sala+horario,OPTIMAL
2026/2,Faculdade de Arquitetura - 12103,Sala 413,48,Sala de aula,61,ARQ03079,A,"DESIGN, IDENTIDADE CULTURAL E ARTESANATO",Prof106,DVIS,SEXTA-FEIRA,14:30,16:30,2,36,36,A,5,2,EV-aac447998a34901a,A,nao,Tarde,Tarde/Noite,Tarde,,,sem_alteracao,OPTIMAL
2026/2,Faculdade de Arquitetura - 12103,Sala 413,48,Sala de aula,61,ARQ03079,A,"DESIGN, IDENTIDADE CULTURAL E ARTESANATO",Prof106,DPRO,SEXTA-FEIRA,14:30,16:30,2,36,36,A,5,2,EV-aac447998a34901a,A,nao,Tarde,Tarde/Noite,Tarde,,,sem_alteracao,OPTIMAL
2026/2,Faculdade de Arquitetura - 12103,Sala 413,48,Sala de aula,61,ARQ02025,A,TÓPICOS ESPECIAIS EM TEORIAS SOBRE O ESPAÇO URBANO I - C,Prof105,ARQU,QUINTA-FEIRA,20:30,22:30,2,9,9,A,0,2,EV-79fbdfa2de31d1a6,A,sim,Tarde,Manhã/Noite,Noite,Ajuste global por restrições invioláveis; nível de preservação 3.,,horario,OPTIMAL
2026/2,Faculdade de Arquitetura - 12103,Sala 413,48,Sala de aula,61,ARQ01003,B,HISTÓRIA DA ARQUITETURA E DA ARTE II,Prof104,ARQU,TERÇA-FEIRA,20:30,22:30,2,26,26,B,2,2,EV-23a8b8d5c65791e1,A,sim,Tarde,Manhã/Noite,Noite,Ajuste global por restrições invioláveis; nível de preservação 3.,,horario,OPTIMAL
2026/2,Faculdade de Arquitetura - 12103,Sala 413,48,Sala de aula,61,ARQ03114,A,DESIGN CONTEMPORÂNEO: TEORIA E HISTÓRIA,Prof106,DVIS,SEXTA-FEIRA,16:30,19:30,3,35,35,A,4,3,EV-ed811cb2144f5f2b,A,nao,Tarde/Noite,Tarde/Noite,Tarde/Noite,,,sem_alteracao,OPTIMAL
2026/2,Faculdade de Arquitetura - 12103,Sala 413,48,Sala de aula,61,ARQ03114,A,DESIGN CONTEMPORÂNEO: TEORIA E HISTÓRIA,Prof106,DPRO,SEXTA-FEIRA,16:30,19:30,3,35,35,A,4,3,EV-ed811cb2144f5f2b,A,nao,Tarde/Noite,Tarde/Noite,Tarde/Noite,,,sem_alteracao,OPTIMAL
2026/2,Faculdade de Arquitetura - 12103,Sala 413,48,Sala de aula,61,ARQ03092,A,SEMINÁRIO EM DESIGN I,Prof88,DVIS,SEGUNDA-FEIRA,18:30,20:30,2,44,44,A,4,2,EV-536d8d1688a3b400,A,nao,Noite,Tarde/Noite,Noite,,,sem_alteracao,OPTIMAL
2026/2,Faculdade de Arquitetura - 12103,Sala 413,48,Sala de aula,61,ARQ03092,A,SEMINÁRIO EM DESIGN I,Prof88,DPRO,SEGUNDA-FEIRA,18:30,20:30,2,44,44,A,4,2,EV-536d8d1688a3b400,A,nao,Noite,Tarde/Noite,Noite,,,sem_alteracao,OPTIMAL
2026/2,Faculdade de Arquitetura - 12103,Sala 413,48,Sala de aula,61,ADM01185,D,TEORIAS ORGANIZACIONAIS I,Prof103,ARQU,TERÇA-FEIRA,18:30,20:30,2,50,50,D,0,4,EV-a41fdfe73238fdc2,A,nao,Noite,Manhã/Noite,Noite,,,sem_alteracao,OPTIMAL
2026/2,Faculdade de Arquitetura - 12103,Sala 413,48,Sala de aula,61,ARQ01017,U,LEGISLAÇÃO E EXERCÍCIO PROFISSIONAL NA ARQUITETURA,Prof05,ARQU,QUARTA-FEIRA,18:30,20:30,2,42,42,U,8,2,EV-31bd967180becc7a,A,nao,Noite,Manhã/Noite,Noite,,,sem_alteracao,OPTIMAL
2026/2,Faculdade de Arquitetura - 12103,Sala 413,48,Sala de aula,61,ADM01185,D,TEORIAS ORGANIZACIONAIS I,Prof103,ARQU,QUINTA-FEIRA,18:30,20:30,2,50,50,D,0,4,EV-54fe9acd95929c42,A,nao,Noite,Manhã/Noite,Noite,,,sem_alteracao,OPTIMAL
2026/2,Faculdade de Arquitetura - 12103,Sala 414,30,Atelier,20,ARQ01090,H1,PRÁTICAS EM OBRAS I,Prof46,ARQU,QUARTA-FEIRA,07:30,08:30,1,5,5,H1,8,1,EV-1b3d850a9da976a9,A,nao,Manhã,Manhã/Noite,Manhã,,,sem_alteracao,OPTIMAL
2026/2,Faculdade de Arquitetura - 12103,Sala 414,30,Atelier,20,ARQ01090,I1,PRÁTICAS EM OBRAS I,Prof46,ARQU,QUARTA-FEIRA,08:30,09:30,1,5,5,I1,8,1,EV-6233b0861fc3abfc,A,nao,Manhã,Manhã/Noite,Manhã,,,sem_alteracao,OPTIMAL
2026/2,Faculdade de Arquitetura - 12103,Sala 414,30,Atelier,20,ENG03019,C,CONTROLE DIMENSIONAL B,Prof67,DPRO,TERÇA-FEIRA,17:30,20:30,3,15,15,C,5,3,EV-810ab87abe6cac00,A,sim,Manhã,Tarde/Noite,Tarde/Noite,Ajuste global por restrições invioláveis; nível de preservação 3.,,horario,OPTIMAL
2026/2,Faculdade de Arquitetura - 12103,Sala 414,30,Atelier,20,ARQ01091,J2,PRÁTICAS EM OBRAS II,Prof46,ARQU,QUARTA-FEIRA,09:30,10:30,1,5,5,J2,9,1,EV-19022c475a0008a1,A,nao,Manhã,Manhã/Noite,Manhã,,,sem_alteracao,OPTIMAL
2026/2,Faculdade de Arquitetura - 12103,Sala 414,30,Atelier,20,ARQ01091,L2,PRÁTICAS EM OBRAS II,Prof46,ARQU,QUARTA-FEIRA,10:30,11:30,1,5,5,L2,9,1,EV-3a250c9367c70ff7,A,nao,Manhã,Manhã/Noite,Manhã,,,sem_alteracao,OPTIMAL
2026/2,Faculdade de Arquitetura - 12103,Sala 414,30,Atelier,20,ENG02042,B,BIÔNICA,Prof110,ARQU,SEGUNDA-FEIRA,08:30,12:30,4,17,17,B,0,4,EV-417818449d9aeafb,A,sim,Tarde,Manhã/Noite,Manhã,Ajuste global por restrições invioláveis; nível de preservação 3.,,horario,OPTIMAL
2026/2,Faculdade de Arquitetura - 12103,Sala 414,30,Atelier,20,ENG02016,U,SELEÇÃO DE MATERIAIS A,Prof109,ARQU,TERÇA-FEIRA,08:30,12:30,4,26,26,U,0,4,EV-133389ab84a7d614,A,sim,Tarde,Manhã/Noite,Manhã,Ajuste global por restrições invioláveis; nível de preservação 3.,,horario,OPTIMAL
2026/2,Faculdade de Arquitetura - 12103,Sala 415,48,Sala de aula,52,ENG01175,U,ESTRUTURA DE CONCRETO ARMADO B,Prof120,ARQU,SEGUNDA-FEIRA,07:30,09:30,2,50,50,U,8,4,EV-0bff37f493a8def6,A,nao,Manhã,Manhã/Noite,Manhã,,,sem_alteracao,OPTIMAL
2026/2,Faculdade de Arquitetura - 12103,Sala 415,48,Sala de aula,52,ENG01172,U,TÉCNICAS DE EDIFICAÇÃO B,Prof119,ARQU,TERÇA-FEIRA,07:30,09:30,2,45,45,U,5,4,EV-eeedf150f7ce0bc6,A,nao,Manhã,Manhã/Noite,Manhã,,,sem_alteracao,OPTIMAL
2026/2,Faculdade de Arquitetura - 12103,Sala 415,48,Sala de aula,52,ENG01172,U,TÉCNICAS DE EDIFICAÇÃO B,Prof119,ARQU,QUINTA-FEIRA,07:30,09:30,2,45,45,U,5,4,EV-b2a451f9412794e4,A,nao,Manhã,Manhã/Noite,Manhã,,,sem_alteracao,OPTIMAL
2026/2,Faculdade de Arquitetura - 12103,Sala 415,48,Sala de aula,52,ENG01175,U,ESTRUTURA DE CONCRETO ARMADO B,Prof120,ARQU,SEXTA-FEIRA,07:30,09:30,2,50,50,U,8,4,EV-240dc9f311caf6a0,A,nao,Manhã,Manhã/Noite,Manhã,,,sem_alteracao,OPTIMAL
2026/2,Faculdade de Arquitetura - 12103,Sala 415,48,Sala de aula,52,HUM04824,U,SOCIOLOGIA DA CULTURA,Prof121,ARQU,QUARTA-FEIRA,08:30,12:30,4,41,41,U,0,4,EV-7fe204603d1fd40a,A,nao,Manhã,Manhã/Noite,Manhã,,,sem_alteracao,OPTIMAL
2026/2,Faculdade de Arquitetura - 12103,Sala 415,48,Sala de aula,52,ARQ03006,A,TÉCNICAS DE REPRESENTAÇÃO ARQUITETÔNICA,Prof112,ARQU,SEGUNDA-FEIRA,09:30,12:30,3,20,40,A/B,1,3,EV-99631bd878901695,A,nao,Manhã,Manhã/Noite,Manhã,,,sem_alteracao,OPTIMAL
2026/2,Faculdade de Arquitetura - 12103,Sala 415,48,Sala de aula,52,ARQ03006,B,TÉCNICAS DE REPRESENTAÇÃO ARQUITETÔNICA,Prof113,ARQU,SEGUNDA-FEIRA,09:30,12:30,3,20,40,A/B,1,3,EV-99631bd878901695,A,nao,Manhã,Manhã/Noite,Manhã,,,sem_alteracao,OPTIMAL
2026/2,Faculdade de Arquitetura - 12103,Sala 415,48,Sala de aula,52,ARQ01085,B,HABITABILIDADE DAS EDIFICAÇÕES I,Prof46,ARQU,QUINTA-FEIRA,09:30,11:30,2,30,30,B,3,2,EV-460142d34c59287f,A,nao,Manhã,Manhã/Noite,Manhã,,,sem_alteracao,OPTIMAL
2026/2,Faculdade de Arquitetura - 12103,Sala 415,48,Sala de aula,52,ARQ03006,D,TÉCNICAS DE REPRESENTAÇÃO ARQUITETÔNICA,Prof112,ARQU,SEXTA-FEIRA,09:30,12:30,3,35,35,D,1,3,EV-fba7c731100bfce9,A,nao,Manhã,Manhã/Noite,Manhã,,,sem_alteracao,OPTIMAL
2026/2,Faculdade de Arquitetura - 12103,Sala 415,48,Sala de aula,52,ARQ01094,A,HABITABILIDADE DAS EDIFICAÇÕES III,Prof21,ARQU,TERÇA-FEIRA,10:30,12:30,2,30,30,A,5,2,EV-6b279518bd43c339,A,nao,Manhã,Manhã/Noite,Manhã,,,sem_alteracao,OPTIMAL
2026/2,Faculdade de Arquitetura - 12103,Sala 415,48,Sala de aula,52,ARQ03065,A,GEOMETRIA DESCRITIVA PARA DESIGNERS,Prof114,DVIS,TERÇA-FEIRA,13:30,15:30,2,17,34,A/B,2,4,EV-bfc01f1486274fd3,A,nao,Tarde,Tarde/Noite,Tarde,,,sem_alteracao,OPTIMAL
2026/2,Faculdade de Arquitetura - 12103,Sala 415,48,Sala de aula,52,ARQ03065,A,GEOMETRIA DESCRITIVA PARA DESIGNERS,Prof114,DPRO,TERÇA-FEIRA,13:30,15:30,2,17,34,A/B,2,4,EV-bfc01f1486274fd3,A,nao,Tarde,Tarde/Noite,Tarde,,,sem_alteracao,OPTIMAL
2026/2,Faculdade de Arquitetura - 12103,Sala 415,48,Sala de aula,52,ARQ03065,B,GEOMETRIA DESCRITIVA PARA DESIGNERS,Prof115,DVIS,TERÇA-FEIRA,13:30,15:30,2,17,34,A/B,2,4,EV-bfc01f1486274fd3,A,nao,Tarde,Tarde/Noite,Tarde,,,sem_alteracao,OPTIMAL
2026/2,Faculdade de Arquitetura - 12103,Sala 415,48,Sala de aula,52,ARQ03065,B,GEOMETRIA DESCRITIVA PARA DESIGNERS,Prof115,DPRO,TERÇA-FEIRA,13:30,15:30,2,17,34,A/B,2,4,EV-bfc01f1486274fd3,A,nao,Tarde,Tarde/Noite,Tarde,,,sem_alteracao,OPTIMAL
2026/2,Faculdade de Arquitetura - 12103,Sala 415,48,Sala de aula,52,ARQ03065,A,GEOMETRIA DESCRITIVA PARA DESIGNERS,Prof114,DVIS,QUINTA-FEIRA,13:30,15:30,2,17,34,A/B,2,4,EV-c2ff25437902c998,A,nao,Tarde,Tarde/Noite,Tarde,,,sem_alteracao,OPTIMAL
2026/2,Faculdade de Arquitetura - 12103,Sala 415,48,Sala de aula,52,ARQ03065,A,GEOMETRIA DESCRITIVA PARA DESIGNERS,Prof114,DPRO,QUINTA-FEIRA,13:30,15:30,2,17,34,A/B,2,4,EV-c2ff25437902c998,A,nao,Tarde,Tarde/Noite,Tarde,,,sem_alteracao,OPTIMAL
2026/2,Faculdade de Arquitetura - 12103,Sala 415,48,Sala de aula,52,ARQ03065,B,GEOMETRIA DESCRITIVA PARA DESIGNERS,Prof115,DVIS,QUINTA-FEIRA,13:30,15:30,2,17,34,A/B,2,4,EV-c2ff25437902c998,A,nao,Tarde,Tarde/Noite,Tarde,,,sem_alteracao,OPTIMAL
2026/2,Faculdade de Arquitetura - 12103,Sala 415,48,Sala de aula,52,ARQ03065,B,GEOMETRIA DESCRITIVA PARA DESIGNERS,Prof115,DPRO,QUINTA-FEIRA,13:30,15:30,2,17,34,A/B,2,4,EV-c2ff25437902c998,A,nao,Tarde,Tarde/Noite,Tarde,,,sem_alteracao,OPTIMAL
2026/2,Faculdade de Arquitetura - 12103,Sala 415,48,Sala de aula,52,ARQ03318,I,DESENHO TÉCNICO I-A,Prof116,DVIS,TERÇA-FEIRA,15:30,17:30,2,17,33,I/II,1,4,EV-ae324b9320ad779c,A,nao,Tarde,Tarde/Noite,Tarde,,,sem_alteracao,OPTIMAL
2026/2,Faculdade de Arquitetura - 12103,Sala 415,48,Sala de aula,52,ARQ03318,I,DESENHO TÉCNICO I-A,Prof116,DPRO,TERÇA-FEIRA,15:30,17:30,2,17,33,I/II,1,4,EV-ae324b9320ad779c,A,nao,Tarde,Tarde/Noite,Tarde,,,sem_alteracao,OPTIMAL
2026/2,Faculdade de Arquitetura - 12103,Sala 415,48,Sala de aula,52,ARQ03318,II,DESENHO TÉCNICO I-A,Prof117,DVIS,TERÇA-FEIRA,15:30,17:30,2,16,33,I/II,1,4,EV-ae324b9320ad779c,A,nao,Tarde,Tarde/Noite,Tarde,,,sem_alteracao,OPTIMAL
2026/2,Faculdade de Arquitetura - 12103,Sala 415,48,Sala de aula,52,ARQ03318,II,DESENHO TÉCNICO I-A,Prof117,DPRO,TERÇA-FEIRA,15:30,17:30,2,16,33,I/II,1,4,EV-ae324b9320ad779c,A,nao,Tarde,Tarde/Noite,Tarde,,,sem_alteracao,OPTIMAL
2026/2,Faculdade de Arquitetura - 12103,Sala 415,48,Sala de aula,52,ARQ03318,I,DESENHO TÉCNICO I-A,Prof116,DVIS,QUINTA-FEIRA,15:30,17:30,2,17,33,I/II,1,4,EV-0df7f99f74153c58,A,nao,Tarde,Tarde/Noite,Tarde,,,sem_alteracao,OPTIMAL
2026/2,Faculdade de Arquitetura - 12103,Sala 415,48,Sala de aula,52,ARQ03318,I,DESENHO TÉCNICO I-A,Prof116,DPRO,QUINTA-FEIRA,15:30,17:30,2,17,33,I/II,1,4,EV-0df7f99f74153c58,A,nao,Tarde,Tarde/Noite,Tarde,,,sem_alteracao,OPTIMAL
2026/2,Faculdade de Arquitetura - 12103,Sala 415,48,Sala de aula,52,ARQ03318,II,DESENHO TÉCNICO I-A,Prof117,DVIS,QUINTA-FEIRA,15:30,17:30,2,16,33,I/II,1,4,EV-0df7f99f74153c58,A,nao,Tarde,Tarde/Noite,Tarde,,,sem_alteracao,OPTIMAL
2026/2,Faculdade de Arquitetura - 12103,Sala 415,48,Sala de aula,52,ARQ03318,II,DESENHO TÉCNICO I-A,Prof117,DPRO,QUINTA-FEIRA,15:30,17:30,2,16,33,I/II,1,4,EV-0df7f99f74153c58,A,nao,Tarde,Tarde/Noite,Tarde,,,sem_alteracao,OPTIMAL
2026/2,Faculdade de Arquitetura - 12103,Sala 415,48,Sala de aula,52,ARQ03318,M,DESENHO TÉCNICO I-A,Prof117,DVIS,TERÇA-FEIRA,18:30,20:30,2,25,49,M/MM,1,4,EV-f090d31919da0f70,A,nao,Noite,Tarde/Noite,Noite,,,sem_alteracao,OPTIMAL
2026/2,Faculdade de Arquitetura - 12103,Sala 415,48,Sala de aula,52,ARQ03318,M,DESENHO TÉCNICO I-A,Prof117,DPRO,TERÇA-FEIRA,18:30,20:30,2,25,49,M/MM,1,4,EV-f090d31919da0f70,A,nao,Noite,Tarde/Noite,Noite,,,sem_alteracao,OPTIMAL
2026/2,Faculdade de Arquitetura - 12103,Sala 415,48,Sala de aula,52,ARQ03318,MM,DESENHO TÉCNICO I-A,Prof118,DVIS,TERÇA-FEIRA,18:30,20:30,2,24,49,M/MM,1,4,EV-f090d31919da0f70,A,nao,Noite,Tarde/Noite,Noite,,,sem_alteracao,OPTIMAL
2026/2,Faculdade de Arquitetura - 12103,Sala 415,48,Sala de aula,52,ARQ03318,MM,DESENHO TÉCNICO I-A,Prof118,DPRO,TERÇA-FEIRA,18:30,20:30,2,24,49,M/MM,1,4,EV-f090d31919da0f70,A,nao,Noite,Tarde/Noite,Noite,,,sem_alteracao,OPTIMAL
2026/2,Faculdade de Arquitetura - 12103,Sala 415,48,Sala de aula,52,ARQ03318,M,DESENHO TÉCNICO I-A,Prof117,DVIS,QUINTA-FEIRA,18:30,20:30,2,25,49,M/MM,1,4,EV-b423766b22f85e61,A,nao,Noite,Tarde/Noite,Noite,,,sem_alteracao,OPTIMAL
2026/2,Faculdade de Arquitetura - 12103,Sala 415,48,Sala de aula,52,ARQ03318,M,DESENHO TÉCNICO I-A,Prof117,DPRO,QUINTA-FEIRA,18:30,20:30,2,25,49,M/MM,1,4,EV-b423766b22f85e61,A,nao,Noite,Tarde/Noite,Noite,,,sem_alteracao,OPTIMAL
2026/2,Faculdade de Arquitetura - 12103,Sala 415,48,Sala de aula,52,ARQ03318,MM,DESENHO TÉCNICO I-A,Prof118,DVIS,QUINTA-FEIRA,18:30,20:30,2,24,49,M/MM,1,4,EV-b423766b22f85e61,A,nao,Noite,Tarde/Noite,Noite,,,sem_alteracao,OPTIMAL
2026/2,Faculdade de Arquitetura - 12103,Sala 415,48,Sala de aula,52,ARQ03318,MM,DESENHO TÉCNICO I-A,Prof118,DPRO,QUINTA-FEIRA,18:30,20:30,2,24,49,M/MM,1,4,EV-b423766b22f85e61,A,nao,Noite,Tarde/Noite,Noite,,,sem_alteracao,OPTIMAL
2026/2,Faculdade de Arquitetura - 12103,Sala 415,48,Sala de aula,52,ADM01030,A,PENSAMENTO SOCIAL BRASILEIRO,Prof111,ARQU,SEGUNDA-FEIRA,20:30,22:30,2,45,45,A,0,4,EV-9e68aa31b824ab50,A,nao,Noite,Manhã/Noite,Noite,,,sem_alteracao,OPTIMAL
2026/2,Faculdade de Arquitetura - 12103,Sala 415,48,Sala de aula,52,ADM01030,A,PENSAMENTO SOCIAL BRASILEIRO,Prof111,ARQU,QUARTA-FEIRA,20:30,22:30,2,45,45,A,0,4,EV-8be6cb958d238c02,A,nao,Noite,Manhã/Noite,Noite,,,sem_alteracao,OPTIMAL
2026/2,Faculdade de Arquitetura - 12103,Sala 501,38,Atelier,36,ARQ03152,B,GEOMETRIA DESCRITIVA APLICADA À ENGENHARIA,Prof124,ENGMEC,TERÇA-FEIRA,07:30,09:30,2,26,26,B,1,4,EV-be6af8960afea7c9,A,nao,Manhã,,Manhã,,,sem_alteracao,OPTIMAL
2026/2,Faculdade de Arquitetura - 12103,Sala 501,38,Atelier,36,ARQ03152,B,GEOMETRIA DESCRITIVA APLICADA À ENGENHARIA,Prof124,ENGMEC,QUINTA-FEIRA,07:30,09:30,2,26,26,B,1,4,EV-01c60ed8ce6204ef,A,nao,Manhã,,Manhã,,,sem_alteracao,OPTIMAL
2026/2,Faculdade de Arquitetura - 12103,Sala 501,38,Atelier,36,ARQ01049,B,INTRODUÇÃO AO PROJETO ARQUITETÔNICO II,Prof122,ARQU,SEGUNDA-FEIRA,09:30,12:30,3,15,15,B,2,9,EV-7fa343c8c9f70207,A,nao,Manhã,Manhã/Noite,Manhã,,,sem_alteracao,OPTIMAL
2026/2,Faculdade de Arquitetura - 12103,Sala 501,38,Atelier,36,ARQ01047,A,DESENHO DE CONCEPÇÃO II,Prof40,ARQU,TERÇA-FEIRA,09:30,12:30,3,16,31,A/B,2,3,EV-e264d08fce3c0753,A,nao,Manhã,Manhã/Noite,Manhã,,,sem_alteracao,OPTIMAL
2026/2,Faculdade de Arquitetura - 12103,Sala 501,38,Atelier,36,ARQ01047,B,DESENHO DE CONCEPÇÃO II,Prof101,ARQU,TERÇA-FEIRA,09:30,12:30,3,15,31,A/B,2,3,EV-e264d08fce3c0753,A,nao,Manhã,Manhã/Noite,Manhã,,,sem_alteracao,OPTIMAL
2026/2,Faculdade de Arquitetura - 12103,Sala 501,38,Atelier,36,ARQ01049,B,INTRODUÇÃO AO PROJETO ARQUITETÔNICO II,Prof122,ARQU,QUARTA-FEIRA,09:30,12:30,3,15,15,B,2,9,EV-b24136486aea0584,A,nao,Manhã,Manhã/Noite,Manhã,,,sem_alteracao,OPTIMAL
2026/2,Faculdade de Arquitetura - 12103,Sala 501,38,Atelier,36,ARQ01047,C,DESENHO DE CONCEPÇÃO II,Prof122,ARQU,QUINTA-FEIRA,09:30,12:30,3,16,31,C/D,2,3,EV-22c6a432b9a9bb18,A,nao,Manhã,Manhã/Noite,Manhã,,,sem_alteracao,OPTIMAL
2026/2,Faculdade de Arquitetura - 12103,Sala 501,38,Atelier,36,ARQ01047,D,DESENHO DE CONCEPÇÃO II,Prof101,ARQU,QUINTA-FEIRA,09:30,12:30,3,15,31,C/D,2,3,EV-22c6a432b9a9bb18,A,nao,Manhã,Manhã/Noite,Manhã,,,sem_alteracao,OPTIMAL
2026/2,Faculdade de Arquitetura - 12103,Sala 501,38,Atelier,36,ARQ01049,B,INTRODUÇÃO AO PROJETO ARQUITETÔNICO II,Prof122,ARQU,SEXTA-FEIRA,09:30,12:30,3,15,15,B,2,9,EV-11ea73b67b3b1bd5,A,nao,Manhã,Manhã/Noite,Manhã,,,sem_alteracao,OPTIMAL
2026/2,Faculdade de Arquitetura - 12103,Sala 501,38,Atelier,36,ARQ03149,A,ANÁLISE E REPRESENTAÇÃO DA FORMA II: DESIGN DE PRODUTO,Prof123,DPRO,SEGUNDA-FEIRA,13:30,17:30,4,23,23,A,2,4,EV-06e09e763b4e465a,A,nao,Tarde,Tarde/Noite,Tarde,,,sem_alteracao,OPTIMAL
2026/2,Faculdade de Arquitetura - 12103,Sala 501,38,Atelier,36,ARQ03063,B,ANÁLISE E REPRESENTAÇÃO DA FORMA I,Prof06,DVIS,TERÇA-FEIRA,13:30,17:30,4,22,22,B,1,4,EV-a0f3541b176cff08,A,nao,Tarde,Tarde/Noite,Tarde,,,sem_alteracao,OPTIMAL
2026/2,Faculdade de Arquitetura - 12103,Sala 501,38,Atelier,36,ARQ03063,B,ANÁLISE E REPRESENTAÇÃO DA FORMA I,Prof06,DPRO,TERÇA-FEIRA,13:30,17:30,4,22,22,B,1,4,EV-a0f3541b176cff08,A,nao,Tarde,Tarde/Noite,Tarde,,,sem_alteracao,OPTIMAL
2026/2,Faculdade de Arquitetura - 12103,Sala 501,38,Atelier,36,ARQ03063,A,ANÁLISE E REPRESENTAÇÃO DA FORMA I,Prof06,DVIS,QUINTA-FEIRA,13:30,17:30,4,22,22,A,1,4,EV-9b5b48135331756d,A,nao,Tarde,Tarde/Noite,Tarde,,,sem_alteracao,OPTIMAL
2026/2,Faculdade de Arquitetura - 12103,Sala 501,38,Atelier,36,ARQ03063,A,ANÁLISE E REPRESENTAÇÃO DA FORMA I,Prof06,DPRO,QUINTA-FEIRA,13:30,17:30,4,22,22,A,1,4,EV-9b5b48135331756d,A,nao,Tarde,Tarde/Noite,Tarde,,,sem_alteracao,OPTIMAL
2026/2,Faculdade de Arquitetura - 12103,Sala 501,38,Atelier,36,ARQ02001,A,TEORIAS SOBRE O ESPAÇO URBANO,Prof56,ARQU,QUARTA-FEIRA,18:30,20:30,2,30,30,A,5,4,EV-3c07ee717b7d73e4,A,nao,Noite,Manhã/Noite,Noite,,,sem_alteracao,OPTIMAL
2026/2,Faculdade de Arquitetura - 12103,Sala 501,38,Atelier,36,ARQ02001,A,TEORIAS SOBRE O ESPAÇO URBANO,Prof56,ARQU,QUINTA-FEIRA,18:30,20:30,2,30,30,A,5,4,EV-bc8d4a3ce3f54f8f,A,nao,Noite,Manhã/Noite,Noite,,,sem_alteracao,OPTIMAL
2026/2,Faculdade de Arquitetura - 12103,Sala 504,36,Atelier,27,ARQ03086,A,PROJETO DE PRODUTO IV,Prof127,DPRO,SEGUNDA-FEIRA,13:30,16:30,3,12,12,A,8,6,EV-4e6d544db3b90e03,A,sim,Manhã,Tarde/Noite,Tarde,Ajuste global por restrições invioláveis; nível de preservação 3.,,sala+horario,OPTIMAL
2026/2,Faculdade de Arquitetura - 12103,Sala 303,36,Atelier,27,ARQ03086,A,PROJETO DE PRODUTO IV,Prof127,DPRO,QUARTA-FEIRA,13:30,16:30,3,12,12,A,8,6,EV-498dbd9c6e977728,A,sim,Manhã,Tarde/Noite,Tarde,Ajuste global por restrições invioláveis; nível de preservação 3.,,sala+horario,OPTIMAL
2026/2,Faculdade de Arquitetura - 12103,Sala 502,36,Atelier,27,ARQ02003,A,URBANISMO II,Prof125,ARQU,QUINTA-FEIRA,08:30,12:30,4,17,34,A/C,7,7,EV-883002dbb8621b55,A,nao,Manhã,Manhã/Noite,Manhã,,,sem_alteracao,OPTIMAL
2026/2,Faculdade de Arquitetura - 12103,Sala 502,36,Atelier,27,ARQ02003,C,URBANISMO II,Prof126,ARQU,QUINTA-FEIRA,08:30,12:30,4,17,34,A/C,7,7,EV-883002dbb8621b55,A,nao,Manhã,Manhã/Noite,Manhã,,,sem_alteracao,OPTIMAL
2026/2,Faculdade de Arquitetura - 12103,Sala 502,36,Atelier,27,ARQ02003,A,URBANISMO II,Prof125,ARQU,TERÇA-FEIRA,09:30,12:30,3,17,34,A/C,7,7,EV-e345062a33afb4aa,A,nao,Manhã,Manhã/Noite,Manhã,,,sem_alteracao,OPTIMAL
2026/2,Faculdade de Arquitetura - 12103,Sala 502,36,Atelier,27,ARQ02003,C,URBANISMO II,Prof126,ARQU,TERÇA-FEIRA,09:30,12:30,3,17,34,A/C,7,7,EV-e345062a33afb4aa,A,nao,Manhã,Manhã/Noite,Manhã,,,sem_alteracao,OPTIMAL
2026/2,Faculdade de Arquitetura - 12103,Sala 502,36,Atelier,27,ARQ01007,B,PROJETO ARQUITETÔNICO I,Prof45,ARQU,SEXTA-FEIRA,09:30,12:30,3,15,15,B,3,10,EV-2c9786e4a6a08968,A,nao,Manhã,Manhã/Noite,Manhã,,,sem_alteracao,OPTIMAL
2026/2,Faculdade de Arquitetura - 12103,Sala 304,36,Atelier,27,ARQ03151,A,DESIGN DE MOLDES PARA TERMOPLÁSTICOS,Prof02,DPRO,SEGUNDA-FEIRA,17:30,19:30,2,8,8,A,0,2,EV-610000f3f4debcf1,A,sim,Manhã,Tarde/Noite,Tarde/Noite,Ajuste global por restrições invioláveis; nível de preservação 3.,,sala+horario,OPTIMAL
2026/2,Faculdade de Arquitetura - 12103,Sala 502,36,Atelier,27,ARQ03081,A,PROJETO INTEGRADO I,Prof72,DVIS,SEGUNDA-FEIRA,13:30,16:30,3,15,30,A/B,6,6,EV-8a71f19e52169df3,A,nao,Tarde,Tarde/Noite,Tarde,,,sem_alteracao,OPTIMAL
2026/2,Faculdade de Arquitetura - 12103,Sala 502,36,Atelier,27,ARQ03081,A,PROJETO INTEGRADO I,Prof72,DPRO,SEGUNDA-FEIRA,13:30,16:30,3,15,30,A/B,6,6,EV-8a71f19e52169df3,A,nao,Tarde,Tarde/Noite,Tarde,,,sem_alteracao,OPTIMAL
2026/2,Faculdade de Arquitetura - 12103,Sala 502,36,Atelier,27,ARQ03081,B,PROJETO INTEGRADO I,Prof77,DVIS,SEGUNDA-FEIRA,13:30,16:30,3,15,30,A/B,6,6,EV-8a71f19e52169df3,A,nao,Tarde,Tarde/Noite,Tarde,,,sem_alteracao,OPTIMAL
2026/2,Faculdade de Arquitetura - 12103,Sala 502,36,Atelier,27,ARQ03081,B,PROJETO INTEGRADO I,Prof77,DPRO,SEGUNDA-FEIRA,13:30,16:30,3,15,30,A/B,6,6,EV-8a71f19e52169df3,A,nao,Tarde,Tarde/Noite,Tarde,,,sem_alteracao,OPTIMAL
2026/2,Faculdade de Arquitetura - 12103,Sala 502,36,Atelier,27,ARQ03081,A,PROJETO INTEGRADO I,Prof72,DVIS,QUARTA-FEIRA,13:30,16:30,3,15,30,A/B,6,6,EV-7d430f46b122ea96,A,nao,Tarde,Tarde/Noite,Tarde,,,sem_alteracao,OPTIMAL
2026/2,Faculdade de Arquitetura - 12103,Sala 502,36,Atelier,27,ARQ03081,A,PROJETO INTEGRADO I,Prof72,DPRO,QUARTA-FEIRA,13:30,16:30,3,15,30,A/B,6,6,EV-7d430f46b122ea96,A,nao,Tarde,Tarde/Noite,Tarde,,,sem_alteracao,OPTIMAL
2026/2,Faculdade de Arquitetura - 12103,Sala 502,36,Atelier,27,ARQ03081,B,PROJETO INTEGRADO I,Prof77,DVIS,QUARTA-FEIRA,13:30,16:30,3,15,30,A/B,6,6,EV-7d430f46b122ea96,A,nao,Tarde,Tarde/Noite,Tarde,,,sem_alteracao,OPTIMAL
2026/2,Faculdade de Arquitetura - 12103,Sala 502,36,Atelier,27,ARQ03081,B,PROJETO INTEGRADO I,Prof77,DPRO,QUARTA-FEIRA,13:30,16:30,3,15,30,A/B,6,6,EV-7d430f46b122ea96,A,nao,Tarde,Tarde/Noite,Tarde,,,sem_alteracao,OPTIMAL
2026/2,Faculdade de Arquitetura - 12103,Sala 502,36,Atelier,27,ARQ03072,A,PROJETO DE PRODUTO I,Prof123,DPRO,TERÇA-FEIRA,14:30,17:30,3,18,18,A,4,6,EV-c8ecf8ef4a57a5cd,A,nao,Tarde,Tarde/Noite,Tarde,,,sem_alteracao,OPTIMAL
2026/2,Faculdade de Arquitetura - 12103,Sala 502,36,Atelier,27,ARQ03072,A,PROJETO DE PRODUTO I,Prof123,DPRO,QUINTA-FEIRA,14:30,17:30,3,18,18,A,4,6,EV-d5ebdd60f746e3e1,A,nao,Tarde,Tarde/Noite,Tarde,,,sem_alteracao,OPTIMAL
2026/2,Faculdade de Arquitetura - 12103,Sala 502,36,Atelier,27,ARQ03140,A,ERGONOMIA APLICADA AO DESIGN II,Prof88,DVIS,TERÇA-FEIRA,17:30,19:30,2,18,18,A,4,2,EV-270a0f4ab381a71d,A,nao,Tarde/Noite,Tarde/Noite,Tarde/Noite,,,sem_alteracao,OPTIMAL
2026/2,Faculdade de Arquitetura - 12103,Sala 502,36,Atelier,27,ARQ03140,A,ERGONOMIA APLICADA AO DESIGN II,Prof88,DPRO,TERÇA-FEIRA,17:30,19:30,2,18,18,A,4,2,EV-270a0f4ab381a71d,A,nao,Tarde/Noite,Tarde/Noite,Tarde/Noite,,,sem_alteracao,OPTIMAL
2026/2,Faculdade de Arquitetura - 12103,Sala 502,36,Atelier,27,ARQ01007,B,PROJETO ARQUITETÔNICO I,Prof45,ARQU,SEGUNDA-FEIRA,18:30,22:30,4,15,15,B,3,10,EV-8f4fb85021039dfb,A,nao,Noite,Manhã/Noite,Noite,,,sem_alteracao,OPTIMAL
2026/2,Faculdade de Arquitetura - 12103,Sala 502,36,Atelier,27,ARQ01007,B,PROJETO ARQUITETÔNICO I,Prof45,ARQU,QUARTA-FEIRA,18:30,21:30,3,15,15,B,3,10,EV-6afc4591ee934227,A,nao,Noite,Manhã/Noite,Noite,,,sem_alteracao,OPTIMAL
2026/2,Faculdade de Arquitetura - 12103,Sala 503,40,Atelier,31,ARQ01005,A,ARQUITETURA NO BRASIL,Prof54,ARQU,QUINTA-FEIRA,07:30,09:30,2,30,30,A,3,4,EV-9bc4b373fac4dd46,A,nao,Manhã,Manhã/Noite,Manhã,,,sem_alteracao,OPTIMAL
2026/2,Faculdade de Arquitetura - 12103,Sala 503,40,Atelier,31,ARQ02213,A,MORFOLOGIA E INFRAESTRUTURA URBANA,Prof126,ARQU,QUARTA-FEIRA,08:30,12:30,4,22,44,A/B,7,4,EV-a5c3b8791cc35741,A,nao,Manhã,Manhã/Noite,Manhã,,,sem_alteracao,OPTIMAL
2026/2,Faculdade de Arquitetura - 12103,Sala 503,40,Atelier,31,ARQ02213,B,MORFOLOGIA E INFRAESTRUTURA URBANA,Prof09,ARQU,QUARTA-FEIRA,08:30,12:30,4,22,44,A/B,7,4,EV-a5c3b8791cc35741,A,nao,Manhã,Manhã/Noite,Manhã,,,sem_alteracao,OPTIMAL
2026/2,Faculdade de Arquitetura - 12103,Sala 503,40,Atelier,31,ARQ01020,A,PROJETO ARQUITETÔNICO VII,Prof40,ARQU,SEGUNDA-FEIRA,09:30,12:30,3,15,45,A/B/C,9,10,EV-980b240b11a6466d,A,nao,Manhã,Manhã/Noite,Manhã,,,sem_alteracao,OPTIMAL
2026/2,Faculdade de Arquitetura - 12103,Sala 503,40,Atelier,31,ARQ01020,B,PROJETO ARQUITETÔNICO VII,Prof128,ARQU,SEGUNDA-FEIRA,09:30,12:30,3,15,45,A/B/C,9,10,EV-980b240b11a6466d,A,nao,Manhã,Manhã/Noite,Manhã,,,sem_alteracao,OPTIMAL
2026/2,Faculdade de Arquitetura - 12103,Sala 503,40,Atelier,31,ARQ01020,C,PROJETO ARQUITETÔNICO VII,Prof129,ARQU,SEGUNDA-FEIRA,09:30,12:30,3,15,45,A/B/C,9,10,EV-980b240b11a6466d,A,nao,Manhã,Manhã/Noite,Manhã,,,sem_alteracao,OPTIMAL
2026/2,Faculdade de Arquitetura - 12103,Sala 503,40,Atelier,31,ARQ01020,A,PROJETO ARQUITETÔNICO VII,Prof40,ARQU,QUINTA-FEIRA,09:30,12:30,3,15,45,A/B/C,9,10,EV-a3412bc8256627b1,A,nao,Manhã,Manhã/Noite,Manhã,,,sem_alteracao,OPTIMAL
2026/2,Faculdade de Arquitetura - 12103,Sala 503,40,Atelier,31,ARQ01020,B,PROJETO ARQUITETÔNICO VII,Prof128,ARQU,QUINTA-FEIRA,09:30,12:30,3,15,45,A/B/C,9,10,EV-a3412bc8256627b1,A,nao,Manhã,Manhã/Noite,Manhã,,,sem_alteracao,OPTIMAL
2026/2,Faculdade de Arquitetura - 12103,Sala 503,40,Atelier,31,ARQ01020,C,PROJETO ARQUITETÔNICO VII,Prof129,ARQU,QUINTA-FEIRA,09:30,12:30,3,15,45,A/B/C,9,10,EV-a3412bc8256627b1,A,nao,Manhã,Manhã/Noite,Manhã,,,sem_alteracao,OPTIMAL
2026/2,Faculdade de Arquitetura - 12103,Sala 503,40,Atelier,31,ARQ01009,B,PROJETO ARQUITETÔNICO III,Prof78,ARQU,SEXTA-FEIRA,09:30,12:30,3,15,15,B,5,10,EV-0e3c6202acf0daef,A,nao,Manhã,Manhã/Noite,Manhã,,,sem_alteracao,OPTIMAL
2026/2,Faculdade de Arquitetura - 12103,Sala 409,40,Atelier,31,ARQ03064,A,INTRODUÇÃO AO DESIGN,Prof106,DVIS,TERÇA-FEIRA,20:30,22:30,2,44,44,A,1,2,EV-bc2a17d270a11dc7,A,sim,Manhã,Tarde/Noite,Noite,Ajuste global por restrições invioláveis; nível de preservação 3.,,sala+horario,OPTIMAL
2026/2,Faculdade de Arquitetura - 12103,Sala 409,40,Atelier,31,ARQ03064,A,INTRODUÇÃO AO DESIGN,Prof106,DPRO,TERÇA-FEIRA,20:30,22:30,2,44,44,A,1,2,EV-bc2a17d270a11dc7,A,sim,Manhã,Tarde/Noite,Noite,Ajuste global por restrições invioláveis; nível de preservação 3.,,sala+horario,OPTIMAL
2026/2,Faculdade de Arquitetura - 12103,Sala 503,40,Atelier,31,ARQ03082,A,DESIGN DE EMBALAGEM I,Prof87,DVIS,QUINTA-FEIRA,13:30,17:30,4,35,35,A,6,4,EV-bd84e642181785e6,A,nao,Tarde,Tarde/Noite,Tarde,,,sem_alteracao,OPTIMAL
2026/2,Faculdade de Arquitetura - 12103,Sala 503,40,Atelier,31,ARQ03082,A,DESIGN DE EMBALAGEM I,Prof87,DPRO,QUINTA-FEIRA,13:30,17:30,4,35,35,A,6,4,EV-bd84e642181785e6,A,nao,Tarde,Tarde/Noite,Tarde,,,sem_alteracao,OPTIMAL
2026/2,Faculdade de Arquitetura - 12103,Sala 503,40,Atelier,31,ARQ01087,A,HABITABILIDADE DAS EDIFICAÇÕES II,Prof128,ARQU,SEGUNDA-FEIRA,07:30,09:30,2,30,30,A,3,2,EV-382d00e98a0a504c,A,sim,Tarde,Manhã/Noite,Manhã,Ajuste global por restrições invioláveis; nível de preservação 3.,,horario,OPTIMAL
2026/2,Faculdade de Arquitetura - 12103,Sala 503,40,Atelier,31,ARQ01020,A,PROJETO ARQUITETÔNICO VII,Prof40,ARQU,TERÇA-FEIRA,18:30,22:30,4,15,45,A/B/C,9,10,EV-f0101705b6a8f51c,A,nao,Noite,Manhã/Noite,Noite,,,sem_alteracao,OPTIMAL
2026/2,Faculdade de Arquitetura - 12103,Sala 503,40,Atelier,31,ARQ01020,B,PROJETO ARQUITETÔNICO VII,Prof128,ARQU,TERÇA-FEIRA,18:30,22:30,4,15,45,A/B/C,9,10,EV-f0101705b6a8f51c,A,nao,Noite,Manhã/Noite,Noite,,,sem_alteracao,OPTIMAL
2026/2,Faculdade de Arquitetura - 12103,Sala 503,40,Atelier,31,ARQ01020,C,PROJETO ARQUITETÔNICO VII,Prof129,ARQU,TERÇA-FEIRA,18:30,22:30,4,15,45,A/B/C,9,10,EV-f0101705b6a8f51c,A,nao,Noite,Manhã/Noite,Noite,,,sem_alteracao,OPTIMAL
2026/2,Faculdade de Arquitetura - 12103,Sala 503,40,Atelier,31,ARQ03091,A,ORGANIZAÇÃO DA PRÁTICA PROFISSIONAL EM DESIGN,Prof15,DVIS,QUARTA-FEIRA,18:30,20:30,2,25,25,A,9,2,EV-6d01eca377647ce7,A,nao,Noite,Tarde/Noite,Noite,,,sem_alteracao,OPTIMAL
2026/2,Faculdade de Arquitetura - 12103,Sala 503,40,Atelier,31,ARQ03091,A,ORGANIZAÇÃO DA PRÁTICA PROFISSIONAL EM DESIGN,Prof15,DPRO,QUARTA-FEIRA,18:30,20:30,2,25,25,A,9,2,EV-6d01eca377647ce7,A,nao,Noite,Tarde/Noite,Noite,,,sem_alteracao,OPTIMAL
2026/2,Faculdade de Arquitetura - 12103,Sala 504,52,Atelier,39,ARQ03004,C,GEOMETRIA DESCRITIVA APLICADA À ARQUITETURA,Prof132,ARQU,TERÇA-FEIRA,07:30,09:30,2,18,36,C/D,1,4,EV-adf4e6218be6c1cc,A,nao,Manhã,Manhã/Noite,Manhã,,,sem_alteracao,OPTIMAL
2026/2,Faculdade de Arquitetura - 12103,Sala 504,52,Atelier,39,ARQ03004,D,GEOMETRIA DESCRITIVA APLICADA À ARQUITETURA,Prof131,ARQU,TERÇA-FEIRA,07:30,09:30,2,18,36,C/D,1,4,EV-adf4e6218be6c1cc,A,nao,Manhã,Manhã/Noite,Manhã,,,sem_alteracao,OPTIMAL
2026/2,Faculdade de Arquitetura - 12103,Sala 504,52,Atelier,39,ARQ01090,F1,PRÁTICAS EM OBRAS I,Prof38,ARQU,QUARTA-FEIRA,07:30,08:30,1,5,5,F1,8,1,EV-59a4bfdb40ac646a,A,nao,Manhã,Manhã/Noite,Manhã,,,sem_alteracao,OPTIMAL
2026/2,Faculdade de Arquitetura - 12103,Sala 504,52,Atelier,39,ARQ03004,C,GEOMETRIA DESCRITIVA APLICADA À ARQUITETURA,Prof132,ARQU,QUINTA-FEIRA,07:30,09:30,2,18,36,C/D,1,4,EV-c3545f1b684ee6bf,A,nao,Manhã,Manhã/Noite,Manhã,,,sem_alteracao,OPTIMAL
2026/2,Faculdade de Arquitetura - 12103,Sala 504,52,Atelier,39,ARQ03004,D,GEOMETRIA DESCRITIVA APLICADA À ARQUITETURA,Prof131,ARQU,QUINTA-FEIRA,07:30,09:30,2,18,36,C/D,1,4,EV-c3545f1b684ee6bf,A,nao,Manhã,Manhã/Noite,Manhã,,,sem_alteracao,OPTIMAL
2026/2,Faculdade de Arquitetura - 12103,Sala 504,52,Atelier,39,ARQ01090,G1,PRÁTICAS EM OBRAS I,Prof38,ARQU,QUARTA-FEIRA,08:30,09:30,1,6,6,G1,8,1,EV-204a77360c1f6486,A,nao,Manhã,Manhã/Noite,Manhã,,,sem_alteracao,OPTIMAL
2026/2,Faculdade de Arquitetura - 12103,Sala 501,52,Atelier,39,ARQ03139,B,ERGONOMIA APLICADA AO DESIGN I,Prof132,DVIS,TERÇA-FEIRA,19:30,21:30,2,22,22,B,3,4,EV-50a781086939a0ff,A,sim,Manhã,Tarde/Noite,Noite,Ajuste global por restrições invioláveis; nível de preservação 3.,,sala+horario,OPTIMAL
2026/2,Faculdade de Arquitetura - 12103,Sala 501,52,Atelier,39,ARQ03139,B,ERGONOMIA APLICADA AO DESIGN I,Prof132,DPRO,TERÇA-FEIRA,19:30,21:30,2,22,22,B,3,4,EV-50a781086939a0ff,A,sim,Manhã,Tarde/Noite,Noite,Ajuste global por restrições invioláveis; nível de preservação 3.,,sala+horario,OPTIMAL
2026/2,Faculdade de Arquitetura - 12103,Sala 501,52,Atelier,39,ARQ03139,B,ERGONOMIA APLICADA AO DESIGN I,Prof132,ARQU,TERÇA-FEIRA,19:30,21:30,2,22,22,B,0,4,EV-50a781086939a0ff,A,sim,Manhã,Manhã/Noite,Noite,Ajuste global por restrições invioláveis; nível de preservação 3.,,sala+horario,OPTIMAL
2026/2,Faculdade de Arquitetura - 12103,Sala 504,52,Atelier,39,ARQ01091,F2,PRÁTICAS EM OBRAS II,Prof38,ARQU,QUARTA-FEIRA,09:30,10:30,1,5,5,F2,9,1,EV-dd1cf834100877ea,A,nao,Manhã,Manhã/Noite,Manhã,,,sem_alteracao,OPTIMAL
2026/2,Faculdade de Arquitetura - 12103,Sala 504,52,Atelier,39,ARQ01009,A,PROJETO ARQUITETÔNICO III,Prof61,ARQU,QUINTA-FEIRA,09:30,12:30,3,15,30,A/C,5,10,EV-803ae5fb50195851,A,nao,Manhã,Manhã/Noite,Manhã,,,sem_alteracao,OPTIMAL
2026/2,Faculdade de Arquitetura - 12103,Sala 504,52,Atelier,39,ARQ01009,C,PROJETO ARQUITETÔNICO III,Prof130,ARQU,QUINTA-FEIRA,09:30,12:30,3,15,30,A/C,5,10,EV-803ae5fb50195851,A,nao,Manhã,Manhã/Noite,Manhã,,,sem_alteracao,OPTIMAL
2026/2,Faculdade de Arquitetura - 12103,Sala 504,52,Atelier,39,ARQ01009,A,PROJETO ARQUITETÔNICO III,Prof61,ARQU,SEXTA-FEIRA,09:30,12:30,3,15,30,A/C,5,10,EV-fbd2d5484f3bb50b,A,nao,Manhã,Manhã/Noite,Manhã,,,sem_alteracao,OPTIMAL
2026/2,Faculdade de Arquitetura - 12103,Sala 504,52,Atelier,39,ARQ01009,C,PROJETO ARQUITETÔNICO III,Prof130,ARQU,SEXTA-FEIRA,09:30,12:30,3,15,30,A/C,5,10,EV-fbd2d5484f3bb50b,A,nao,Manhã,Manhã/Noite,Manhã,,,sem_alteracao,OPTIMAL
2026/2,Faculdade de Arquitetura - 12103,Sala 504,52,Atelier,39,ARQ01091,G2,PRÁTICAS EM OBRAS II,Prof38,ARQU,QUARTA-FEIRA,10:30,11:30,1,5,5,G2,9,1,EV-c53673df8b7b1771,A,nao,Manhã,Manhã/Noite,Manhã,,,sem_alteracao,OPTIMAL
2026/2,Faculdade de Arquitetura - 12103,Sala 504,52,Atelier,39,ARQ03004,A,GEOMETRIA DESCRITIVA APLICADA À ARQUITETURA,Prof131,ARQU,TERÇA-FEIRA,10:30,12:30,2,35,35,A,1,4,EV-e664008277d8f681,A,sim,Tarde,Manhã/Noite,Manhã,Ajuste global por restrições invioláveis; nível de preservação 3.,,horario,OPTIMAL
2026/2,Faculdade de Arquitetura - 12103,Sala 504,52,Atelier,39,ARQ03004,A,GEOMETRIA DESCRITIVA APLICADA À ARQUITETURA,Prof131,ARQU,QUARTA-FEIRA,19:30,21:30,2,35,35,A,1,4,EV-b13f2886444dbc4f,A,sim,Tarde,Manhã/Noite,Noite,Ajuste global por restrições invioláveis; nível de preservação 3.,,horario,OPTIMAL
2026/2,Faculdade de Arquitetura - 12103,Sala 501,52,Atelier,39,ARQ03140,B,ERGONOMIA APLICADA AO DESIGN II,Prof132,DVIS,SEGUNDA-FEIRA,20:30,22:30,2,20,20,B,4,2,EV-2e4cf490635ec137,A,sim,Tarde,Tarde/Noite,Noite,Ajuste global por restrições invioláveis; nível de preservação 3.,,sala+horario,OPTIMAL
2026/2,Faculdade de Arquitetura - 12103,Sala 501,52,Atelier,39,ARQ03140,B,ERGONOMIA APLICADA AO DESIGN II,Prof132,DPRO,SEGUNDA-FEIRA,20:30,22:30,2,20,20,B,4,2,EV-2e4cf490635ec137,A,sim,Tarde,Tarde/Noite,Noite,Ajuste global por restrições invioláveis; nível de preservação 3.,,sala+horario,OPTIMAL
2026/2,Faculdade de Arquitetura - 12103,Sala 501,52,Atelier,39,ARQ03140,B,ERGONOMIA APLICADA AO DESIGN II,Prof132,ARQU,SEGUNDA-FEIRA,20:30,22:30,2,20,20,B,0,2,EV-2e4cf490635ec137,A,sim,Tarde,Manhã/Noite,Noite,Ajuste global por restrições invioláveis; nível de preservação 3.,,sala+horario,OPTIMAL
2026/2,Faculdade de Arquitetura - 12103,Sala 503,52,Atelier,39,ARQ03139,B,ERGONOMIA APLICADA AO DESIGN I,Prof132,DVIS,SEGUNDA-FEIRA,18:30,20:30,2,22,22,B,3,4,EV-a1910ab8d1e63677,A,sim,Tarde,Tarde/Noite,Noite,Ajuste global por restrições invioláveis; nível de preservação 3.,,sala+horario,OPTIMAL
2026/2,Faculdade de Arquitetura - 12103,Sala 503,52,Atelier,39,ARQ03139,B,ERGONOMIA APLICADA AO DESIGN I,Prof132,DPRO,SEGUNDA-FEIRA,18:30,20:30,2,22,22,B,3,4,EV-a1910ab8d1e63677,A,sim,Tarde,Tarde/Noite,Noite,Ajuste global por restrições invioláveis; nível de preservação 3.,,sala+horario,OPTIMAL
2026/2,Faculdade de Arquitetura - 12103,Sala 503,52,Atelier,39,ARQ03139,B,ERGONOMIA APLICADA AO DESIGN I,Prof132,ARQU,SEGUNDA-FEIRA,18:30,20:30,2,22,22,B,0,4,EV-a1910ab8d1e63677,A,sim,Tarde,Manhã/Noite,Noite,Ajuste global por restrições invioláveis; nível de preservação 3.,,sala+horario,OPTIMAL
2026/2,Faculdade de Arquitetura - 12103,Sala 504,52,Atelier,39,ARQ02006,A,URBANISMO IV,Prof48,ARQU,SEGUNDA-FEIRA,18:30,22:30,4,17,34,A/B,9,7,EV-ac951cedaf88c529,A,nao,Noite,Manhã/Noite,Noite,,,sem_alteracao,OPTIMAL
2026/2,Faculdade de Arquitetura - 12103,Sala 504,52,Atelier,39,ARQ02006,B,URBANISMO IV,Prof133,ARQU,SEGUNDA-FEIRA,18:30,22:30,4,17,34,A/B,9,7,EV-ac951cedaf88c529,A,nao,Noite,Manhã/Noite,Noite,,,sem_alteracao,OPTIMAL
2026/2,Faculdade de Arquitetura - 12103,Sala 504,52,Atelier,39,ARQ01009,A,PROJETO ARQUITETÔNICO III,Prof61,ARQU,TERÇA-FEIRA,18:30,22:30,4,15,30,A/C,5,10,EV-ed17f0c7b0c59372,A,nao,Noite,Manhã/Noite,Noite,,,sem_alteracao,OPTIMAL
2026/2,Faculdade de Arquitetura - 12103,Sala 504,52,Atelier,39,ARQ01009,C,PROJETO ARQUITETÔNICO III,Prof130,ARQU,TERÇA-FEIRA,18:30,22:30,4,15,30,A/C,5,10,EV-ed17f0c7b0c59372,A,nao,Noite,Manhã/Noite,Noite,,,sem_alteracao,OPTIMAL
2026/2,Faculdade de Arquitetura - 12103,Sala 504,52,Atelier,39,ARQ02006,A,URBANISMO IV,Prof48,ARQU,QUINTA-FEIRA,18:30,21:30,3,17,34,A/B,9,7,EV-8f5583db46b8cd80,A,nao,Noite,Manhã/Noite,Noite,,,sem_alteracao,OPTIMAL
2026/2,Faculdade de Arquitetura - 12103,Sala 504,52,Atelier,39,ARQ02006,B,URBANISMO IV,Prof133,ARQU,QUINTA-FEIRA,18:30,21:30,3,17,34,A/B,9,7,EV-8f5583db46b8cd80,A,nao,Noite,Manhã/Noite,Noite,,,sem_alteracao,OPTIMAL
