solucao,grupo_tipo,grupo,dia_semana,horas,turmas_selecionadas
ANTES,etapa_aluno,ARQU/1,SEGUNDA-FEIRA,3.0,"ARQ01001:A, ARQ01044:A, ARQ01045:A, ARQ01046:A, ARQ03004:A, ARQ03006:A"
ANTES,etapa_aluno,ARQU/1,TERÇA-FEIRA,7.0,"ARQ01001:A, ARQ01044:A, ARQ01045:A, ARQ01046:A, ARQ03004:A, ARQ03006:A"
ANTES,etapa_aluno,ARQU/1,QUARTA-FEIRA,5.0,"ARQ01001:A, ARQ01044:A, ARQ01045:A, ARQ01046:A, ARQ03004:A, ARQ03006:A"
ANTES,etapa_aluno,ARQU/1,QUINTA-FEIRA,6.0,"ARQ01001:A, ARQ01044:A, ARQ01045:A, ARQ01046:A, ARQ03004:A, ARQ03006:A"
ANTES,etapa_aluno,ARQU/1,SEXTA-FEIRA,3.0,"ARQ01001:A, ARQ01044:A, ARQ01045:A, ARQ01046:A, ARQ03004:A, ARQ03006:A"
ANTES,etapa_aluno,ARQU/2,SEGUNDA-FEIRA,3.0,"ARQ01003:A, ARQ01047:A, ARQ01049:A, ARQ01075:C1, ARQ02020:A, ENG01139:A"
ANTES,etapa_aluno,ARQU/2,TERÇA-FEIRA,5.0,"ARQ01003:A, ARQ01047:A, ARQ01049:A, ARQ01075:C1, ARQ02020:A, ENG01139:A"
ANTES,etapa_aluno,ARQU/2,QUARTA-FEIRA,7.0,"ARQ01003:A, ARQ01047:A, ARQ01049:A, ARQ01075:C1, ARQ02020:A, ENG01139:A"
ANTES,etapa_aluno,ARQU/2,QUINTA-FEIRA,3.0,"ARQ01003:A, ARQ01047:A, ARQ01049:A, ARQ01075:C1, ARQ02020:A, ENG01139:A"
ANTES,etapa_aluno,ARQU/2,SEXTA-FEIRA,8.0,"ARQ01003:A, ARQ01047:A, ARQ01049:A, ARQ01075:C1, ARQ02020:A, ENG01139:A"
ANTES,etapa_aluno,ARQU/3,SEGUNDA-FEIRA,13.0,"ARQ01004:A, ARQ01005:A, ARQ01007:A, ARQ01076:D, ARQ01085:A, ARQ01087:A, ENG01169:A"
ANTES,etapa_aluno,ARQU/3,TERÇA-FEIRA,2.0,"ARQ01004:A, ARQ01005:A, ARQ01007:A, ARQ01076:D, ARQ01085:A, ARQ01087:A, ENG01169:A"
ANTES,etapa_aluno,ARQU/3,QUARTA-FEIRA,8.0,"ARQ01004:A, ARQ01005:A, ARQ01007:A, ARQ01076:D, ARQ01085:A, ARQ01087:A, ENG01169:A"
ANTES,etapa_aluno,ARQU/3,QUINTA-FEIRA,2.0,"ARQ01004:A, ARQ01005:A, ARQ01007:A, ARQ01076:D, ARQ01085:A, ARQ01087:A, ENG01169:A"
ANTES,etapa_aluno,ARQU/3,SEXTA-FEIRA,5.0,"ARQ01004:A, ARQ01005:A, ARQ01007:A, ARQ01076:D, ARQ01085:A, ARQ01087:A, ENG01169:A"
ANTES,etapa_aluno,ARQU/4,SEGUNDA-FEIRA,8.0,"ARQ01008:A, ARQ01086:A, ARQ02201:A, ENG01171:U, IPH02045:A, IPH02046:B"
ANTES,etapa_aluno,ARQU/4,TERÇA-FEIRA,5.0,"ARQ01008:A, ARQ01086:A, ARQ02201:A, ENG01171:U, IPH02045:A, IPH02046:B"
ANTES,etapa_aluno,ARQU/4,QUARTA-FEIRA,5.0,"ARQ01008:A, ARQ01086:A, ARQ02201:A, ENG01171:U, IPH02045:A, IPH02046:B"
ANTES,etapa_aluno,ARQU/4,QUINTA-FEIRA,3.0,"ARQ01008:A, ARQ01086:A, ARQ02201:A, ENG01171:U, IPH02045:A, IPH02046:B"
ANTES,etapa_aluno,ARQU/4,SEXTA-FEIRA,5.0,"ARQ01008:A, ARQ01086:A, ARQ02201:A, ENG01171:U, IPH02045:A, IPH02046:B"
ANTES,etapa_aluno,ARQU/5,SEGUNDA-FEIRA,0.0,"ARQ01009:A, ARQ01094:A, ARQ02001:A, ENG01172:U"
ANTES,etapa_aluno,ARQU/5,TERÇA-FEIRA,8.0,"ARQ01009:A, ARQ01094:A, ARQ02001:A, ENG01172:U"
ANTES,etapa_aluno,ARQU/5,QUARTA-FEIRA,2.0,"ARQ01009:A, ARQ01094:A, ARQ02001:A, ENG01172:U"
ANTES,etapa_aluno,ARQU/5,QUINTA-FEIRA,7.0,"ARQ01009:A, ARQ01094:A, ARQ02001:A, ENG01172:U"
ANTES,etapa_aluno,ARQU/5,SEXTA-FEIRA,3.0,"ARQ01009:A, ARQ01094:A, ARQ02001:A, ENG01172:U"
ANTES,etapa_aluno,ARQU/6,SEGUNDA-FEIRA,3.0,"ARQ01011:A, ARQ01088:A, ARQ02002:A, ENG01173:U, ENG01176:A"
ANTES,etapa_aluno,ARQU/6,TERÇA-FEIRA,9.0,"ARQ01011:A, ARQ01088:A, ARQ02002:A, ENG01173:U, ENG01176:A"
ANTES,etapa_aluno,ARQU/6,QUARTA-FEIRA,4.0,"ARQ01011:A, ARQ01088:A, ARQ02002:A, ENG01173:U, ENG01176:A"
ANTES,etapa_aluno,ARQU/6,QUINTA-FEIRA,6.0,"ARQ01011:A, ARQ01088:A, ARQ02002:A, ENG01173:U, ENG01176:A"
ANTES,etapa_aluno,ARQU/6,SEXTA-FEIRA,4.0,"ARQ01011:A, ARQ01088:A, ARQ02002:A, ENG01173:U, ENG01176:A"
ANTES,etapa_aluno,ARQU/7,SEGUNDA-FEIRA,5.0,"ARQ01013:A, ARQ01073:A, ARQ02003:A, ARQ02213:A, ENG01174:U, ENG03015:A"
ANTES,etapa_aluno,ARQU/7,TERÇA-FEIRA,9.0,"ARQ01013:A, ARQ01073:A, ARQ02003:A, ARQ02213:A, ENG01174:U, ENG03015:A"
ANTES,etapa_aluno,ARQU/7,QUARTA-FEIRA,6.0,"ARQ01013:A, ARQ01073:A, ARQ02003:A, ARQ02213:A, ENG01174:U, ENG03015:A"
ANTES,etapa_aluno,ARQU/7,QUINTA-FEIRA,7.0,"ARQ01013:A, ARQ01073:A, ARQ02003:A, ARQ02213:A, ENG01174:U, ENG03015:A"
ANTES,etapa_aluno,ARQU/7,SEXTA-FEIRA,4.0,"ARQ01013:A, ARQ01073:A, ARQ02003:A, ARQ02213:A, ENG01174:U, ENG03015:A"
ANTES,etapa_aluno,ARQU/8,SEGUNDA-FEIRA,10.0,"ARQ01016:A, ARQ01017:U, ARQ01089:A, ARQ01090:D1, ARQ02004:A, ARQ02005:A, ENG01175:U"
ANTES,etapa_aluno,ARQU/8,TERÇA-FEIRA,6.0,"ARQ01016:A, ARQ01017:U, ARQ01089:A, ARQ01090:D1, ARQ02004:A, ARQ02005:A, ENG01175:U"
ANTES,etapa_aluno,ARQU/8,QUARTA-FEIRA,6.0,"ARQ01016:A, ARQ01017:U, ARQ01089:A, ARQ01090:D1, ARQ02004:A, ARQ02005:A, ENG01175:U"
ANTES,etapa_aluno,ARQU/8,QUINTA-FEIRA,3.0,"ARQ01016:A, ARQ01017:U, ARQ01089:A, ARQ01090:D1, ARQ02004:A, ARQ02005:A, ENG01175:U"
ANTES,etapa_aluno,ARQU/8,SEXTA-FEIRA,5.0,"ARQ01016:A, ARQ01017:U, ARQ01089:A, ARQ01090:D1, ARQ02004:A, ARQ02005:A, ENG01175:U"
ANTES,etapa_aluno,ARQU/9,SEGUNDA-FEIRA,7.0,"ARQ01018:A, ARQ01020:A, ARQ01091:D2, ARQ01099:A, ARQ02006:A"
ANTES,etapa_aluno,ARQU/9,TERÇA-FEIRA,8.0,"ARQ01018:A, ARQ01020:A, ARQ01091:D2, ARQ01099:A, ARQ02006:A"
ANTES,etapa_aluno,ARQU/9,QUARTA-FEIRA,1.0,"ARQ01018:A, ARQ01020:A, ARQ01091:D2, ARQ01099:A, ARQ02006:A"
ANTES,etapa_aluno,ARQU/9,QUINTA-FEIRA,6.0,"ARQ01018:A, ARQ01020:A, ARQ01091:D2, ARQ01099:A, ARQ02006:A"
ANTES,etapa_aluno,ARQU/9,SEXTA-FEIRA,2.0,"ARQ01018:A, ARQ01020:A, ARQ01091:D2, ARQ01099:A, ARQ02006:A"
ANTES,etapa_aluno,DPRO/1,SEGUNDA-FEIRA,4.0,"ARQ03062:A, ARQ03063:A, ARQ03064:A, ARQ03066:A, ARQ03318:M"
ANTES,etapa_aluno,DPRO/1,TERÇA-FEIRA,8.0,"ARQ03062:A, ARQ03063:A, ARQ03064:A, ARQ03066:A, ARQ03318:M"
ANTES,etapa_aluno,DPRO/1,QUARTA-FEIRA,0.0,"ARQ03062:A, ARQ03063:A, ARQ03064:A, ARQ03066:A, ARQ03318:M"
ANTES,etapa_aluno,DPRO/1,QUINTA-FEIRA,6.0,"ARQ03062:A, ARQ03063:A, ARQ03064:A, ARQ03066:A, ARQ03318:M"
ANTES,etapa_aluno,DPRO/1,SEXTA-FEIRA,0.0,"ARQ03062:A, ARQ03063:A, ARQ03064:A, ARQ03066:A, ARQ03318:M"
ANTES,etapa_aluno,DPRO/2,SEGUNDA-FEIRA,4.0,"ARQ03065:A, ARQ03067:A, ARQ03111:A, ARQ03149:A"
ANTES,etapa_aluno,DPRO/2,TERÇA-FEIRA,4.0,"ARQ03065:A, ARQ03067:A, ARQ03111:A, ARQ03149:A"
ANTES,etapa_aluno,DPRO/2,QUARTA-FEIRA,0.0,"ARQ03065:A, ARQ03067:A, ARQ03111:A, ARQ03149:A"
ANTES,etapa_aluno,DPRO/2,QUINTA-FEIRA,6.0,"ARQ03065:A, ARQ03067:A, ARQ03111:A, ARQ03149:A"
ANTES,etapa_aluno,DPRO/2,SEXTA-FEIRA,0.0,"ARQ03065:A, ARQ03067:A, ARQ03111:A, ARQ03149:A"
ANTES,etapa_aluno,DPRO/3,SEGUNDA-FEIRA,2.0,"ARQ03071:A, ARQ03098:A, ARQ03112:A, ARQ03139:A"
ANTES,etapa_aluno,DPRO/3,TERÇA-FEIRA,4.0,"ARQ03071:A, ARQ03098:A, ARQ03112:A, ARQ03139:A"
ANTES,etapa_aluno,DPRO/3,QUARTA-FEIRA,4.0,"ARQ03071:A, ARQ03098:A, ARQ03112:A, ARQ03139:A"
ANTES,etapa_aluno,DPRO/3,QUINTA-FEIRA,4.0,"ARQ03071:A, ARQ03098:A, ARQ03112:A, ARQ03139:A"
ANTES,etapa_aluno,DPRO/3,SEXTA-FEIRA,0.0,"ARQ03071:A, ARQ03098:A, ARQ03112:A, ARQ03139:A"
ANTES,etapa_aluno,DPRO/4,SEGUNDA-FEIRA,2.0,"ARQ03072:A, ARQ03092:A, ARQ03114:A, ARQ03140:A"
ANTES,etapa_aluno,DPRO/4,TERÇA-FEIRA,5.0,"ARQ03072:A, ARQ03092:A, ARQ03114:A, ARQ03140:A"
ANTES,etapa_aluno,DPRO/4,QUARTA-FEIRA,0.0,"ARQ03072:A, ARQ03092:A, ARQ03114:A, ARQ03140:A"
ANTES,etapa_aluno,DPRO/4,QUINTA-FEIRA,3.0,"ARQ03072:A, ARQ03092:A, ARQ03114:A, ARQ03140:A"
ANTES,etapa_aluno,DPRO/4,SEXTA-FEIRA,3.0,"ARQ03072:A, ARQ03092:A, ARQ03114:A, ARQ03140:A"
ANTES,etapa_aluno,DPRO/5,SEGUNDA-FEIRA,4.0,"ARQ03077:A, ARQ03079:A, ARQ03080:A, ARQ03138:A, ENG03019:C"
ANTES,etapa_aluno,DPRO/5,TERÇA-FEIRA,6.0,"ARQ03077:A, ARQ03079:A, ARQ03080:A, ARQ03138:A, ENG03019:C"
ANTES,etapa_aluno,DPRO/5,QUARTA-FEIRA,2.0,"ARQ03077:A, ARQ03079:A, ARQ03080:A, ARQ03138:A, ENG03019:C"
ANTES,etapa_aluno,DPRO/5,QUINTA-FEIRA,3.0,"ARQ03077:A, ARQ03079:A, ARQ03080:A, ARQ03138:A, ENG03019:C"
ANTES,etapa_aluno,DPRO/5,SEXTA-FEIRA,2.0,"ARQ03077:A, ARQ03079:A, ARQ03080:A, ARQ03138:A, ENG03019:C"
ANTES,etapa_aluno,DPRO/6,SEGUNDA-FEIRA,3.0,"ARQ03081:A, ARQ03082:A"
ANTES,etapa_aluno,DPRO/6,TERÇA-FEIRA,0.0,"ARQ03081:A, ARQ03082:A"
ANTES,etapa_aluno,DPRO/6,QUARTA-FEIRA,3.0,"ARQ03081:A, ARQ03082:A"
ANTES,etapa_aluno,DPRO/6,QUINTA-FEIRA,4.0,"ARQ03081:A, ARQ03082:A"
ANTES,etapa_aluno,DPRO/6,SEXTA-FEIRA,0.0,"ARQ03081:A, ARQ03082:A"
ANTES,etapa_aluno,DPRO/7,SEGUNDA-FEIRA,0.0,"ARQ03083:A, ARQ03085:A, ARQ03129:A, ENG03040:U"
ANTES,etapa_aluno,DPRO/7,TERÇA-FEIRA,7.0,"ARQ03083:A, ARQ03085:A, ARQ03129:A, ENG03040:U"
ANTES,etapa_aluno,DPRO/7,QUARTA-FEIRA,4.0,"ARQ03083:A, ARQ03085:A, ARQ03129:A, ENG03040:U"
ANTES,etapa_aluno,DPRO/7,QUINTA-FEIRA,7.0,"ARQ03083:A, ARQ03085:A, ARQ03129:A, ENG03040:U"
ANTES,etapa_aluno,DPRO/7,SEXTA-FEIRA,0.0,"ARQ03083:A, ARQ03085:A, ARQ03129:A, ENG03040:U"
ANTES,etapa_aluno,DPRO/8,SEGUNDA-FEIRA,3.0,ARQ03086:A
ANTES,etapa_aluno,DPRO/8,TERÇA-FEIRA,0.0,ARQ03086:A
ANTES,etapa_aluno,DPRO/8,QUARTA-FEIRA,3.0,ARQ03086:A
ANTES,etapa_aluno,DPRO/8,QUINTA-FEIRA,0.0,ARQ03086:A
ANTES,etapa_aluno,DPRO/8,SEXTA-FEIRA,0.0,ARQ03086:A
ANTES,etapa_aluno,DPRO/9,SEGUNDA-FEIRA,3.0,"ARQ03090:A, ARQ03091:A"
ANTES,etapa_aluno,DPRO/9,TERÇA-FEIRA,0.0,"ARQ03090:A, ARQ03091:A"
ANTES,etapa_aluno,DPRO/9,QUARTA-FEIRA,5.0,"ARQ03090:A, ARQ03091:A"
ANTES,etapa_aluno,DPRO/9,QUINTA-FEIRA,0.0,"ARQ03090:A, ARQ03091:A"
ANTES,etapa_aluno,DPRO/9,SEXTA-FEIRA,0.0,"ARQ03090:A, ARQ03091:A"
ANTES,etapa_aluno,DVIS/1,SEGUNDA-FEIRA,4.0,"ARQ03062:A, ARQ03063:A, ARQ03064:A, ARQ03066:A, ARQ03318:M"
ANTES,etapa_aluno,DVIS/1,TERÇA-FEIRA,8.0,"ARQ03062:A, ARQ03063:A, ARQ03064:A, ARQ03066:A, ARQ03318:M"
ANTES,etapa_aluno,DVIS/1,QUARTA-FEIRA,0.0,"ARQ03062:A, ARQ03063:A, ARQ03064:A, ARQ03066:A, ARQ03318:M"
ANTES,etapa_aluno,DVIS/1,QUINTA-FEIRA,6.0,"ARQ03062:A, ARQ03063:A, ARQ03064:A, ARQ03066:A, ARQ03318:M"
ANTES,etapa_aluno,DVIS/1,SEXTA-FEIRA,0.0,"ARQ03062:A, ARQ03063:A, ARQ03064:A, ARQ03066:A, ARQ03318:M"
ANTES,etapa_aluno,DVIS/2,SEGUNDA-FEIRA,4.0,"ARQ03065:A, ARQ03067:A, ARQ03095:AA, ARQ03111:A, ARQ03113:A, ARQ03150:B"
ANTES,etapa_aluno,DVIS/2,TERÇA-FEIRA,4.0,"ARQ03065:A, ARQ03067:A, ARQ03095:AA, ARQ03111:A, ARQ03113:A, ARQ03150:B"
ANTES,etapa_aluno,DVIS/2,QUARTA-FEIRA,3.0,"ARQ03065:A, ARQ03067:A, ARQ03095:AA, ARQ03111:A, ARQ03113:A, ARQ03150:B"
ANTES,etapa_aluno,DVIS/2,QUINTA-FEIRA,6.0,"ARQ03065:A, ARQ03067:A, ARQ03095:AA, ARQ03111:A, ARQ03113:A, ARQ03150:B"
ANTES,etapa_aluno,DVIS/2,SEXTA-FEIRA,2.0,"ARQ03065:A, ARQ03067:A, ARQ03095:AA, ARQ03111:A, ARQ03113:A, ARQ03150:B"
ANTES,etapa_aluno,DVIS/3,SEGUNDA-FEIRA,4.0,"ARQ03070:B, ARQ03071:A, ARQ03098:A, ARQ03112:A, ARQ03139:A, ARQ03148:A"
ANTES,etapa_aluno,DVIS/3,TERÇA-FEIRA,4.0,"ARQ03070:B, ARQ03071:A, ARQ03098:A, ARQ03112:A, ARQ03139:A, ARQ03148:A"
ANTES,etapa_aluno,DVIS/3,QUARTA-FEIRA,6.0,"ARQ03070:B, ARQ03071:A, ARQ03098:A, ARQ03112:A, ARQ03139:A, ARQ03148:A"
ANTES,etapa_aluno,DVIS/3,QUINTA-FEIRA,4.0,"ARQ03070:B, ARQ03071:A, ARQ03098:A, ARQ03112:A, ARQ03139:A, ARQ03148:A"
ANTES,etapa_aluno,DVIS/3,SEXTA-FEIRA,2.0,"ARQ03070:B, ARQ03071:A, ARQ03098:A, ARQ03112:A, ARQ03139:A, ARQ03148:A"
ANTES,etapa_aluno,DVIS/4,SEGUNDA-FEIRA,4.0,"ARQ03073:A, ARQ03075:A, ARQ03092:A, ARQ03114:A, ARQ03140:A"
ANTES,etapa_aluno,DVIS/4,TERÇA-FEIRA,5.0,"ARQ03073:A, ARQ03075:A, ARQ03092:A, ARQ03114:A, ARQ03140:A"
ANTES,etapa_aluno,DVIS/4,QUARTA-FEIRA,2.0,"ARQ03073:A, ARQ03075:A, ARQ03092:A, ARQ03114:A, ARQ03140:A"
ANTES,etapa_aluno,DVIS/4,QUINTA-FEIRA,3.0,"ARQ03073:A, ARQ03075:A, ARQ03092:A, ARQ03114:A, ARQ03140:A"
ANTES,etapa_aluno,DVIS/4,SEXTA-FEIRA,3.0,"ARQ03073:A, ARQ03075:A, ARQ03092:A, ARQ03114:A, ARQ03140:A"
ANTES,etapa_aluno,DVIS/5,SEGUNDA-FEIRA,7.0,"ARQ03078:A, ARQ03079:A, ARQ03080:A, ARQ03130:A"
ANTES,etapa_aluno,DVIS/5,TERÇA-FEIRA,0.0,"ARQ03078:A, ARQ03079:A, ARQ03080:A, ARQ03130:A"
ANTES,etapa_aluno,DVIS/5,QUARTA-FEIRA,5.0,"ARQ03078:A, ARQ03079:A, ARQ03080:A, ARQ03130:A"
ANTES,etapa_aluno,DVIS/5,QUINTA-FEIRA,0.0,"ARQ03078:A, ARQ03079:A, ARQ03080:A, ARQ03130:A"
ANTES,etapa_aluno,DVIS/5,SEXTA-FEIRA,2.0,"ARQ03078:A, ARQ03079:A, ARQ03080:A, ARQ03130:A"
ANTES,etapa_aluno,DVIS/6,SEGUNDA-FEIRA,3.0,"ARQ03081:A, ARQ03082:A, ARQ03142:A"
ANTES,etapa_aluno,DVIS/6,TERÇA-FEIRA,4.0,"ARQ03081:A, ARQ03082:A, ARQ03142:A"
ANTES,etapa_aluno,DVIS/6,QUARTA-FEIRA,3.0,"ARQ03081:A, ARQ03082:A, ARQ03142:A"
ANTES,etapa_aluno,DVIS/6,QUINTA-FEIRA,4.0,"ARQ03081:A, ARQ03082:A, ARQ03142:A"
ANTES,etapa_aluno,DVIS/6,SEXTA-FEIRA,0.0,"ARQ03081:A, ARQ03082:A, ARQ03142:A"
ANTES,etapa_aluno,DVIS/7,SEGUNDA-FEIRA,0.0,"ARQ03084:A, ARQ03085:A, ARQ03129:A"
ANTES,etapa_aluno,DVIS/7,TERÇA-FEIRA,5.0,"ARQ03084:A, ARQ03085:A, ARQ03129:A"
ANTES,etapa_aluno,DVIS/7,QUARTA-FEIRA,4.0,"ARQ03084:A, ARQ03085:A, ARQ03129:A"
ANTES,etapa_aluno,DVIS/7,QUINTA-FEIRA,5.0,"ARQ03084:A, ARQ03085:A, ARQ03129:A"
ANTES,etapa_aluno,DVIS/7,SEXTA-FEIRA,0.0,"ARQ03084:A, ARQ03085:A, ARQ03129:A"
ANTES,etapa_aluno,DVIS/8,SEGUNDA-FEIRA,0.0,"ARQ03087:A, ARQ03099:A"
ANTES,etapa_aluno,DVIS/8,TERÇA-FEIRA,5.0,"ARQ03087:A, ARQ03099:A"
ANTES,etapa_aluno,DVIS/8,QUARTA-FEIRA,0.0,"ARQ03087:A, ARQ03099:A"
ANTES,etapa_aluno,DVIS/8,QUINTA-FEIRA,5.0,"ARQ03087:A, ARQ03099:A"
ANTES,etapa_aluno,DVIS/8,SEXTA-FEIRA,0.0,"ARQ03087:A, ARQ03099:A"
ANTES,etapa_aluno,DVIS/9,SEGUNDA-FEIRA,3.0,"ARQ03090:A, ARQ03091:A"
ANTES,etapa_aluno,DVIS/9,TERÇA-FEIRA,0.0,"ARQ03090:A, ARQ03091:A"
ANTES,etapa_aluno,DVIS/9,QUARTA-FEIRA,5.0,"ARQ03090:A, ARQ03091:A"
ANTES,etapa_aluno,DVIS/9,QUINTA-FEIRA,0.0,"ARQ03090:A, ARQ03091:A"
ANTES,etapa_aluno,DVIS/9,SEXTA-FEIRA,0.0,"ARQ03090:A, ARQ03091:A"
ANTES,docente,Prof01,SEGUNDA-FEIRA,6.0,
ANTES,docente,Prof01,TERÇA-FEIRA,6.0,
ANTES,docente,Prof01,QUARTA-FEIRA,3.0,
ANTES,docente,Prof01,QUINTA-FEIRA,6.0,
ANTES,docente,Prof01,SEXTA-FEIRA,3.0,
ANTES,docente,Prof02,SEGUNDA-FEIRA,6.0,
ANTES,docente,Prof02,TERÇA-FEIRA,3.0,
ANTES,docente,Prof02,QUARTA-FEIRA,0.0,
ANTES,docente,Prof02,QUINTA-FEIRA,3.0,
ANTES,docente,Prof02,SEXTA-FEIRA,4.0,
ANTES,docente,Prof03,SEGUNDA-FEIRA,4.0,
ANTES,docente,Prof03,TERÇA-FEIRA,0.0,
ANTES,docente,Prof03,QUARTA-FEIRA,4.0,
ANTES,docente,Prof03,QUINTA-FEIRA,0.0,
ANTES,docente,Prof03,SEXTA-FEIRA,4.0,
ANTES,docente,Prof04,SEGUNDA-FEIRA,2.0,
ANTES,docente,Prof04,TERÇA-FEIRA,2.0,
ANTES,docente,Prof04,QUARTA-FEIRA,2.0,
ANTES,docente,Prof04,QUINTA-FEIRA,4.0,
ANTES,docente,Prof04,SEXTA-FEIRA,0.0,
ANTES,docente,Prof05,SEGUNDA-FEIRA,3.0,
ANTES,docente,Prof05,TERÇA-FEIRA,0.0,
ANTES,docente,Prof05,QUARTA-FEIRA,5.0,
ANTES,docente,Prof05,QUINTA-FEIRA,0.0,
ANTES,docente,Prof05,SEXTA-FEIRA,0.0,
ANTES,docente,Prof06,SEGUNDA-FEIRA,0.0,
ANTES,docente,Prof06,TERÇA-FEIRA,6.0,
ANTES,docente,Prof06,QUARTA-FEIRA,0.0,
ANTES,docente,Prof06,QUINTA-FEIRA,6.0,
ANTES,docente,Prof06,SEXTA-FEIRA,0.0,
ANTES,docente,Prof07,SEGUNDA-FEIRA,0.0,
ANTES,docente,Prof07,TERÇA-FEIRA,4.0,
ANTES,docente,Prof07,QUARTA-FEIRA,0.0,
ANTES,docente,Prof07,QUINTA-FEIRA,3.0,
ANTES,docente,Prof07,SEXTA-FEIRA,3.0,
ANTES,docente,Prof08,SEGUNDA-FEIRA,6.0,
ANTES,docente,Prof08,TERÇA-FEIRA,0.0,
ANTES,docente,Prof08,QUARTA-FEIRA,6.0,
ANTES,docente,Prof08,QUINTA-FEIRA,3.0,
ANTES,docente,Prof08,SEXTA-FEIRA,3.0,
ANTES,docente,Prof09,SEGUNDA-FEIRA,0.0,
ANTES,docente,Prof09,TERÇA-FEIRA,4.0,
ANTES,docente,Prof09,QUARTA-FEIRA,4.0,
ANTES,docente,Prof09,QUINTA-FEIRA,0.0,
ANTES,docente,Prof09,SEXTA-FEIRA,0.0,
ANTES,docente,Prof10,SEGUNDA-FEIRA,6.0,
ANTES,docente,Prof10,TERÇA-FEIRA,0.0,
ANTES,docente,Prof10,QUARTA-FEIRA,6.0,
ANTES,docente,Prof10,QUINTA-FEIRA,0.0,
ANTES,docente,Prof10,SEXTA-FEIRA,0.0,
ANTES,docente,Prof100,SEGUNDA-FEIRA,0.0,
ANTES,docente,Prof100,TERÇA-FEIRA,4.0,
ANTES,docente,Prof100,QUARTA-FEIRA,0.0,
ANTES,docente,Prof100,QUINTA-FEIRA,0.0,
ANTES,docente,Prof100,SEXTA-FEIRA,0.0,
ANTES,docente,Prof101,SEGUNDA-FEIRA,3.0,
ANTES,docente,Prof101,TERÇA-FEIRA,3.0,
ANTES,docente,Prof101,QUARTA-FEIRA,3.0,
ANTES,docente,Prof101,QUINTA-FEIRA,3.0,
ANTES,docente,Prof101,SEXTA-FEIRA,3.0,
ANTES,docente,Prof102,SEGUNDA-FEIRA,2.0,
ANTES,docente,Prof102,TERÇA-FEIRA,0.0,
ANTES,docente,Prof102,QUARTA-FEIRA,2.0,
ANTES,docente,Prof102,QUINTA-FEIRA,0.0,
ANTES,docente,Prof102,SEXTA-FEIRA,0.0,
ANTES,docente,Prof103,SEGUNDA-FEIRA,0.0,
ANTES,docente,Prof103,TERÇA-FEIRA,2.0,
ANTES,docente,Prof103,QUARTA-FEIRA,0.0,
ANTES,docente,Prof103,QUINTA-FEIRA,2.0,
ANTES,docente,Prof103,SEXTA-FEIRA,0.0,
ANTES,docente,Prof104,SEGUNDA-FEIRA,0.0,
ANTES,docente,Prof104,TERÇA-FEIRA,6.0,
ANTES,docente,Prof104,QUARTA-FEIRA,2.0,
ANTES,docente,Prof104,QUINTA-FEIRA,0.0,
ANTES,docente,Prof104,SEXTA-FEIRA,0.0,
ANTES,docente,Prof105,SEGUNDA-FEIRA,4.0,
ANTES,docente,Prof105,TERÇA-FEIRA,0.0,
ANTES,docente,Prof105,QUARTA-FEIRA,0.0,
ANTES,docente,Prof105,QUINTA-FEIRA,2.0,
ANTES,docente,Prof105,SEXTA-FEIRA,0.0,
ANTES,docente,Prof106,SEGUNDA-FEIRA,0.0,
ANTES,docente,Prof106,TERÇA-FEIRA,2.0,
ANTES,docente,Prof106,QUARTA-FEIRA,0.0,
ANTES,docente,Prof106,QUINTA-FEIRA,0.0,
ANTES,docente,Prof106,SEXTA-FEIRA,5.0,
ANTES,docente,Prof107,SEGUNDA-FEIRA,0.0,
ANTES,docente,Prof107,TERÇA-FEIRA,0.0,
ANTES,docente,Prof107,QUARTA-FEIRA,2.0,
ANTES,docente,Prof107,QUINTA-FEIRA,0.0,
ANTES,docente,Prof107,SEXTA-FEIRA,2.0,
ANTES,docente,Prof108,SEGUNDA-FEIRA,0.0,
ANTES,docente,Prof108,TERÇA-FEIRA,0.0,
ANTES,docente,Prof108,QUARTA-FEIRA,2.0,
ANTES,docente,Prof108,QUINTA-FEIRA,0.0,
ANTES,docente,Prof108,SEXTA-FEIRA,2.0,
ANTES,docente,Prof109,SEGUNDA-FEIRA,0.0,
ANTES,docente,Prof109,TERÇA-FEIRA,4.0,
ANTES,docente,Prof109,QUARTA-FEIRA,0.0,
ANTES,docente,Prof109,QUINTA-FEIRA,0.0,
ANTES,docente,Prof109,SEXTA-FEIRA,0.0,
ANTES,docente,Prof11,SEGUNDA-FEIRA,3.0,
ANTES,docente,Prof11,TERÇA-FEIRA,0.0,
ANTES,docente,Prof11,QUARTA-FEIRA,5.0,
ANTES,docente,Prof11,QUINTA-FEIRA,0.0,
ANTES,docente,Prof11,SEXTA-FEIRA,0.0,
ANTES,docente,Prof110,SEGUNDA-FEIRA,4.0,
ANTES,docente,Prof110,TERÇA-FEIRA,0.0,
ANTES,docente,Prof110,QUARTA-FEIRA,0.0,
ANTES,docente,Prof110,QUINTA-FEIRA,0.0,
ANTES,docente,Prof110,SEXTA-FEIRA,0.0,
ANTES,docente,Prof111,SEGUNDA-FEIRA,2.0,
ANTES,docente,Prof111,TERÇA-FEIRA,0.0,
ANTES,docente,Prof111,QUARTA-FEIRA,2.0,
ANTES,docente,Prof111,QUINTA-FEIRA,0.0,
ANTES,docente,Prof111,SEXTA-FEIRA,0.0,
ANTES,docente,Prof112,SEGUNDA-FEIRA,3.0,
ANTES,docente,Prof112,TERÇA-FEIRA,0.0,
ANTES,docente,Prof112,QUARTA-FEIRA,0.0,
ANTES,docente,Prof112,QUINTA-FEIRA,0.0,
ANTES,docente,Prof112,SEXTA-FEIRA,3.0,
ANTES,docente,Prof113,SEGUNDA-FEIRA,3.0,
ANTES,docente,Prof113,TERÇA-FEIRA,0.0,
ANTES,docente,Prof113,QUARTA-FEIRA,0.0,
ANTES,docente,Prof113,QUINTA-FEIRA,0.0,
ANTES,docente,Prof113,SEXTA-FEIRA,0.0,
ANTES,docente,Prof114,SEGUNDA-FEIRA,0.0,
ANTES,docente,Prof114,TERÇA-FEIRA,2.0,
ANTES,docente,Prof114,QUARTA-FEIRA,0.0,
ANTES,docente,Prof114,QUINTA-FEIRA,2.0,
ANTES,docente,Prof114,SEXTA-FEIRA,0.0,
ANTES,docente,Prof115,SEGUNDA-FEIRA,0.0,
ANTES,docente,Prof115,TERÇA-FEIRA,2.0,
ANTES,docente,Prof115,QUARTA-FEIRA,0.0,
ANTES,docente,Prof115,QUINTA-FEIRA,2.0,
ANTES,docente,Prof115,SEXTA-FEIRA,0.0,
ANTES,docente,Prof116,SEGUNDA-FEIRA,0.0,
ANTES,docente,Prof116,TERÇA-FEIRA,2.0,
ANTES,docente,Prof116,QUARTA-FEIRA,0.0,
ANTES,docente,Prof116,QUINTA-FEIRA,2.0,
ANTES,docente,Prof116,SEXTA-FEIRA,0.0,
ANTES,docente,Prof117,SEGUNDA-FEIRA,0.0,
ANTES,docente,Prof117,TERÇA-FEIRA,4.0,
ANTES,docente,Prof117,QUARTA-FEIRA,0.0,
ANTES,docente,Prof117,QUINTA-FEIRA,4.0,
ANTES,docente,Prof117,SEXTA-FEIRA,0.0,
ANTES,docente,Prof118,SEGUNDA-FEIRA,0.0,
ANTES,docente,Prof118,TERÇA-FEIRA,2.0,
ANTES,docente,Prof118,QUARTA-FEIRA,0.0,
ANTES,docente,Prof118,QUINTA-FEIRA,2.0,
ANTES,docente,Prof118,SEXTA-FEIRA,0.0,
ANTES,docente,Prof119,SEGUNDA-FEIRA,0.0,
ANTES,docente,Prof119,TERÇA-FEIRA,2.0,
ANTES,docente,Prof119,QUARTA-FEIRA,0.0,
ANTES,docente,Prof119,QUINTA-FEIRA,2.0,
ANTES,docente,Prof119,SEXTA-FEIRA,0.0,
ANTES,docente,Prof12,SEGUNDA-FEIRA,0.0,
ANTES,docente,Prof12,TERÇA-FEIRA,2.0,
ANTES,docente,Prof12,QUARTA-FEIRA,0.0,
ANTES,docente,Prof12,QUINTA-FEIRA,2.0,
ANTES,docente,Prof12,SEXTA-FEIRA,0.0,
ANTES,docente,Prof120,SEGUNDA-FEIRA,2.0,
ANTES,docente,Prof120,TERÇA-FEIRA,0.0,
ANTES,docente,Prof120,QUARTA-FEIRA,0.0,
ANTES,docente,Prof120,QUINTA-FEIRA,0.0,
ANTES,docente,Prof120,SEXTA-FEIRA,2.0,
ANTES,docente,Prof121,SEGUNDA-FEIRA,0.0,
ANTES,docente,Prof121,TERÇA-FEIRA,0.0,
ANTES,docente,Prof121,QUARTA-FEIRA,4.0,
ANTES,docente,Prof121,QUINTA-FEIRA,0.0,
ANTES,docente,Prof121,SEXTA-FEIRA,0.0,
ANTES,docente,Prof122,SEGUNDA-FEIRA,3.0,
ANTES,docente,Prof122,TERÇA-FEIRA,0.0,
ANTES,docente,Prof122,QUARTA-FEIRA,3.0,
ANTES,docente,Prof122,QUINTA-FEIRA,3.0,
ANTES,docente,Prof122,SEXTA-FEIRA,3.0,
ANTES,docente,Prof123,SEGUNDA-FEIRA,4.0,
ANTES,docente,Prof123,TERÇA-FEIRA,3.0,
ANTES,docente,Prof123,QUARTA-FEIRA,0.0,
ANTES,docente,Prof123,QUINTA-FEIRA,3.0,
ANTES,docente,Prof123,SEXTA-FEIRA,0.0,
ANTES,docente,Prof124,SEGUNDA-FEIRA,0.0,
ANTES,docente,Prof124,TERÇA-FEIRA,2.0,
ANTES,docente,Prof124,QUARTA-FEIRA,0.0,
ANTES,docente,Prof124,QUINTA-FEIRA,2.0,
ANTES,docente,Prof124,SEXTA-FEIRA,0.0,
ANTES,docente,Prof125,SEGUNDA-FEIRA,0.0,
ANTES,docente,Prof125,TERÇA-FEIRA,3.0,
ANTES,docente,Prof125,QUARTA-FEIRA,0.0,
ANTES,docente,Prof125,QUINTA-FEIRA,4.0,
ANTES,docente,Prof125,SEXTA-FEIRA,0.0,
ANTES,docente,Prof126,SEGUNDA-FEIRA,0.0,
ANTES,docente,Prof126,TERÇA-FEIRA,3.0,
ANTES,docente,Prof126,QUARTA-FEIRA,4.0,
ANTES,docente,Prof126,QUINTA-FEIRA,4.0,
ANTES,docente,Prof126,SEXTA-FEIRA,0.0,
ANTES,docente,Prof127,SEGUNDA-FEIRA,3.0,
ANTES,docente,Prof127,TERÇA-FEIRA,0.0,
ANTES,docente,Prof127,QUARTA-FEIRA,3.0,
ANTES,docente,Prof127,QUINTA-FEIRA,0.0,
ANTES,docente,Prof127,SEXTA-FEIRA,0.0,
ANTES,docente,Prof128,SEGUNDA-FEIRA,5.0,
ANTES,docente,Prof128,TERÇA-FEIRA,4.0,
ANTES,docente,Prof128,QUARTA-FEIRA,0.0,
ANTES,docente,Prof128,QUINTA-FEIRA,3.0,
ANTES,docente,Prof128,SEXTA-FEIRA,0.0,
ANTES,docente,Prof129,SEGUNDA-FEIRA,3.0,
ANTES,docente,Prof129,TERÇA-FEIRA,4.0,
ANTES,docente,Prof129,QUARTA-FEIRA,0.0,
ANTES,docente,Prof129,QUINTA-FEIRA,3.0,
ANTES,docente,Prof129,SEXTA-FEIRA,0.0,
ANTES,docente,Prof13,SEGUNDA-FEIRA,4.0,
ANTES,docente,Prof13,TERÇA-FEIRA,0.0,
ANTES,docente,Prof13,QUARTA-FEIRA,3.0,
ANTES,docente,Prof13,QUINTA-FEIRA,0.0,
ANTES,docente,Prof13,SEXTA-FEIRA,3.0,
ANTES,docente,Prof130,SEGUNDA-FEIRA,0.0,
ANTES,docente,Prof130,TERÇA-FEIRA,4.0,
ANTES,docente,Prof130,QUARTA-FEIRA,0.0,
ANTES,docente,Prof130,QUINTA-FEIRA,3.0,
ANTES,docente,Prof130,SEXTA-FEIRA,3.0,
ANTES,docente,Prof131,SEGUNDA-FEIRA,0.0,
ANTES,docente,Prof131,TERÇA-FEIRA,4.0,
ANTES,docente,Prof131,QUARTA-FEIRA,2.0,
ANTES,docente,Prof131,QUINTA-FEIRA,2.0,
ANTES,docente,Prof131,SEXTA-FEIRA,0.0,
ANTES,docente,Prof132,SEGUNDA-FEIRA,4.0,
ANTES,docente,Prof132,TERÇA-FEIRA,4.0,
ANTES,docente,Prof132,QUARTA-FEIRA,0.0,
ANTES,docente,Prof132,QUINTA-FEIRA,2.0,
ANTES,docente,Prof132,SEXTA-FEIRA,0.0,
ANTES,docente,Prof133,SEGUNDA-FEIRA,4.0,
ANTES,docente,Prof133,TERÇA-FEIRA,0.0,
ANTES,docente,Prof133,QUARTA-FEIRA,0.0,
ANTES,docente,Prof133,QUINTA-FEIRA,3.0,
ANTES,docente,Prof133,SEXTA-FEIRA,0.0,
ANTES,docente,Prof14,SEGUNDA-FEIRA,2.0,
ANTES,docente,Prof14,TERÇA-FEIRA,0.0,
ANTES,docente,Prof14,QUARTA-FEIRA,2.0,
ANTES,docente,Prof14,QUINTA-FEIRA,0.0,
ANTES,docente,Prof14,SEXTA-FEIRA,0.0,
ANTES,docente,Prof15,SEGUNDA-FEIRA,0.0,
ANTES,docente,Prof15,TERÇA-FEIRA,3.0,
ANTES,docente,Prof15,QUARTA-FEIRA,2.0,
ANTES,docente,Prof15,QUINTA-FEIRA,3.0,
ANTES,docente,Prof15,SEXTA-FEIRA,0.0,
ANTES,docente,Prof16,SEGUNDA-FEIRA,4.0,
ANTES,docente,Prof16,TERÇA-FEIRA,0.0,
ANTES,docente,Prof16,QUARTA-FEIRA,4.0,
ANTES,docente,Prof16,QUINTA-FEIRA,0.0,
ANTES,docente,Prof16,SEXTA-FEIRA,0.0,
ANTES,docente,Prof17,SEGUNDA-FEIRA,0.0,
ANTES,docente,Prof17,TERÇA-FEIRA,3.0,
ANTES,docente,Prof17,QUARTA-FEIRA,0.0,
ANTES,docente,Prof17,QUINTA-FEIRA,3.0,
ANTES,docente,Prof17,SEXTA-FEIRA,4.0,
ANTES,docente,Prof18,SEGUNDA-FEIRA,8.0,
ANTES,docente,Prof18,TERÇA-FEIRA,0.0,
ANTES,docente,Prof18,QUARTA-FEIRA,3.0,
ANTES,docente,Prof18,QUINTA-FEIRA,0.0,
ANTES,docente,Prof18,SEXTA-FEIRA,3.0,
ANTES,docente,Prof19,SEGUNDA-FEIRA,3.0,
ANTES,docente,Prof19,TERÇA-FEIRA,0.0,
ANTES,docente,Prof19,QUARTA-FEIRA,3.0,
ANTES,docente,Prof19,QUINTA-FEIRA,0.0,
ANTES,docente,Prof19,SEXTA-FEIRA,0.0,
ANTES,docente,Prof20,SEGUNDA-FEIRA,0.0,
ANTES,docente,Prof20,TERÇA-FEIRA,6.0,
ANTES,docente,Prof20,QUARTA-FEIRA,0.0,
ANTES,docente,Prof20,QUINTA-FEIRA,6.0,
ANTES,docente,Prof20,SEXTA-FEIRA,0.0,
ANTES,docente,Prof21,SEGUNDA-FEIRA,5.0,
ANTES,docente,Prof21,TERÇA-FEIRA,2.0,
ANTES,docente,Prof21,QUARTA-FEIRA,3.0,
ANTES,docente,Prof21,QUINTA-FEIRA,0.0,
ANTES,docente,Prof21,SEXTA-FEIRA,0.0,
ANTES,docente,Prof22,SEGUNDA-FEIRA,0.0,
ANTES,docente,Prof22,TERÇA-FEIRA,3.0,
ANTES,docente,Prof22,QUARTA-FEIRA,0.0,
ANTES,docente,Prof22,QUINTA-FEIRA,3.0,
ANTES,docente,Prof22,SEXTA-FEIRA,0.0,
ANTES,docente,Prof23,SEGUNDA-FEIRA,0.0,
ANTES,docente,Prof23,TERÇA-FEIRA,2.0,
ANTES,docente,Prof23,QUARTA-FEIRA,0.0,
ANTES,docente,Prof23,QUINTA-FEIRA,2.0,
ANTES,docente,Prof23,SEXTA-FEIRA,0.0,
ANTES,docente,Prof24,SEGUNDA-FEIRA,3.0,
ANTES,docente,Prof24,TERÇA-FEIRA,4.0,
ANTES,docente,Prof24,QUARTA-FEIRA,0.0,
ANTES,docente,Prof24,QUINTA-FEIRA,3.0,
ANTES,docente,Prof24,SEXTA-FEIRA,0.0,
ANTES,docente,Prof25,SEGUNDA-FEIRA,4.0,
ANTES,docente,Prof25,TERÇA-FEIRA,0.0,
ANTES,docente,Prof25,QUARTA-FEIRA,3.0,
ANTES,docente,Prof25,QUINTA-FEIRA,0.0,
ANTES,docente,Prof25,SEXTA-FEIRA,3.0,
ANTES,docente,Prof26,SEGUNDA-FEIRA,7.0,
ANTES,docente,Prof26,TERÇA-FEIRA,0.0,
ANTES,docente,Prof26,QUARTA-FEIRA,6.0,
ANTES,docente,Prof26,QUINTA-FEIRA,0.0,
ANTES,docente,Prof26,SEXTA-FEIRA,3.0,
ANTES,docente,Prof27,SEGUNDA-FEIRA,0.0,
ANTES,docente,Prof27,TERÇA-FEIRA,4.0,
ANTES,docente,Prof27,QUARTA-FEIRA,0.0,
ANTES,docente,Prof27,QUINTA-FEIRA,3.0,
ANTES,docente,Prof27,SEXTA-FEIRA,0.0,
ANTES,docente,Prof28,SEGUNDA-FEIRA,4.0,
ANTES,docente,Prof28,TERÇA-FEIRA,4.0,
ANTES,docente,Prof28,QUARTA-FEIRA,0.0,
ANTES,docente,Prof28,QUINTA-FEIRA,0.0,
ANTES,docente,Prof28,SEXTA-FEIRA,0.0,
ANTES,docente,Prof29,SEGUNDA-FEIRA,3.0,
ANTES,docente,Prof29,TERÇA-FEIRA,4.0,
ANTES,docente,Prof29,QUARTA-FEIRA,0.0,
ANTES,docente,Prof29,QUINTA-FEIRA,3.0,
ANTES,docente,Prof29,SEXTA-FEIRA,0.0,
ANTES,docente,Prof30,SEGUNDA-FEIRA,7.0,
ANTES,docente,Prof30,TERÇA-FEIRA,4.0,
ANTES,docente,Prof30,QUARTA-FEIRA,3.0,
ANTES,docente,Prof30,QUINTA-FEIRA,3.0,
ANTES,docente,Prof30,SEXTA-FEIRA,3.0,
ANTES,docente,Prof31,SEGUNDA-FEIRA,5.0,
ANTES,docente,Prof31,TERÇA-FEIRA,4.0,
ANTES,docente,Prof31,QUARTA-FEIRA,3.0,
ANTES,docente,Prof31,QUINTA-FEIRA,2.0,
ANTES,docente,Prof31,SEXTA-FEIRA,0.0,
ANTES,docente,Prof32,SEGUNDA-FEIRA,0.0,
ANTES,docente,Prof32,TERÇA-FEIRA,4.0,
ANTES,docente,Prof32,QUARTA-FEIRA,0.0,
ANTES,docente,Prof32,QUINTA-FEIRA,3.0,
ANTES,docente,Prof32,SEXTA-FEIRA,0.0,
ANTES,docente,Prof33,SEGUNDA-FEIRA,3.0,
ANTES,docente,Prof33,TERÇA-FEIRA,0.0,
ANTES,docente,Prof33,QUARTA-FEIRA,3.0,
ANTES,docente,Prof33,QUINTA-FEIRA,0.0,
ANTES,docente,Prof33,SEXTA-FEIRA,0.0,
ANTES,docente,Prof34,SEGUNDA-FEIRA,7.0,
ANTES,docente,Prof34,TERÇA-FEIRA,0.0,
ANTES,docente,Prof34,QUARTA-FEIRA,3.0,
ANTES,docente,Prof34,QUINTA-FEIRA,3.0,
ANTES,docente,Prof34,SEXTA-FEIRA,0.0,
ANTES,docente,Prof35,SEGUNDA-FEIRA,3.0,
ANTES,docente,Prof35,TERÇA-FEIRA,4.0,
ANTES,docente,Prof35,QUARTA-FEIRA,0.0,
ANTES,docente,Prof35,QUINTA-FEIRA,3.0,
ANTES,docente,Prof35,SEXTA-FEIRA,0.0,
ANTES,docente,Prof36,SEGUNDA-FEIRA,5.0,
ANTES,docente,Prof36,TERÇA-FEIRA,4.0,
ANTES,docente,Prof36,QUARTA-FEIRA,0.0,
ANTES,docente,Prof36,QUINTA-FEIRA,5.0,
ANTES,docente,Prof36,SEXTA-FEIRA,0.0,
ANTES,docente,Prof37,SEGUNDA-FEIRA,0.0,
ANTES,docente,Prof37,TERÇA-FEIRA,3.0,
ANTES,docente,Prof37,QUARTA-FEIRA,0.0,
ANTES,docente,Prof37,QUINTA-FEIRA,6.0,
ANTES,docente,Prof37,SEXTA-FEIRA,0.0,
ANTES,docente,Prof38,SEGUNDA-FEIRA,0.0,
ANTES,docente,Prof38,TERÇA-FEIRA,3.0,
ANTES,docente,Prof38,QUARTA-FEIRA,4.0,
ANTES,docente,Prof38,QUINTA-FEIRA,6.0,
ANTES,docente,Prof38,SEXTA-FEIRA,0.0,
ANTES,docente,Prof39,SEGUNDA-FEIRA,0.0,
ANTES,docente,Prof39,TERÇA-FEIRA,3.0,
ANTES,docente,Prof39,QUARTA-FEIRA,3.0,
ANTES,docente,Prof39,QUINTA-FEIRA,6.0,
ANTES,docente,Prof39,SEXTA-FEIRA,3.0,
ANTES,docente,Prof40,SEGUNDA-FEIRA,3.0,
ANTES,docente,Prof40,TERÇA-FEIRA,7.0,
ANTES,docente,Prof40,QUARTA-FEIRA,0.0,
ANTES,docente,Prof40,QUINTA-FEIRA,3.0,
ANTES,docente,Prof40,SEXTA-FEIRA,3.0,
ANTES,docente,Prof41,SEGUNDA-FEIRA,0.0,
ANTES,docente,Prof41,TERÇA-FEIRA,3.0,
ANTES,docente,Prof41,QUARTA-FEIRA,0.0,
ANTES,docente,Prof41,QUINTA-FEIRA,6.0,
ANTES,docente,Prof41,SEXTA-FEIRA,0.0,
ANTES,docente,Prof42,SEGUNDA-FEIRA,0.0,
ANTES,docente,Prof42,TERÇA-FEIRA,0.0,
ANTES,docente,Prof42,QUARTA-FEIRA,3.0,
ANTES,docente,Prof42,QUINTA-FEIRA,0.0,
ANTES,docente,Prof42,SEXTA-FEIRA,0.0,
ANTES,docente,Prof43,SEGUNDA-FEIRA,2.0,
ANTES,docente,Prof43,TERÇA-FEIRA,6.0,
ANTES,docente,Prof43,QUARTA-FEIRA,0.0,
ANTES,docente,Prof43,QUINTA-FEIRA,0.0,
ANTES,docente,Prof43,SEXTA-FEIRA,0.0,
ANTES,docente,Prof44,SEGUNDA-FEIRA,2.0,
ANTES,docente,Prof44,TERÇA-FEIRA,0.0,
ANTES,docente,Prof44,QUARTA-FEIRA,2.0,
ANTES,docente,Prof44,QUINTA-FEIRA,0.0,
ANTES,docente,Prof44,SEXTA-FEIRA,0.0,
ANTES,docente,Prof45,SEGUNDA-FEIRA,4.0,
ANTES,docente,Prof45,TERÇA-FEIRA,0.0,
ANTES,docente,Prof45,QUARTA-FEIRA,3.0,
ANTES,docente,Prof45,QUINTA-FEIRA,2.0,
ANTES,docente,Prof45,SEXTA-FEIRA,3.0,
ANTES,docente,Prof46,SEGUNDA-FEIRA,0.0,
ANTES,docente,Prof46,TERÇA-FEIRA,0.0,
ANTES,docente,Prof46,QUARTA-FEIRA,4.0,
ANTES,docente,Prof46,QUINTA-FEIRA,2.0,
ANTES,docente,Prof46,SEXTA-FEIRA,2.0,
ANTES,docente,Prof47,SEGUNDA-FEIRA,4.0,
ANTES,docente,Prof47,TERÇA-FEIRA,0.0,
ANTES,docente,Prof47,QUARTA-FEIRA,2.0,
ANTES,docente,Prof47,QUINTA-FEIRA,4.0,
ANTES,docente,Prof47,SEXTA-FEIRA,0.0,
ANTES,docente,Prof48,SEGUNDA-FEIRA,4.0,
ANTES,docente,Prof48,TERÇA-FEIRA,3.0,
ANTES,docente,Prof48,QUARTA-FEIRA,0.0,
ANTES,docente,Prof48,QUINTA-FEIRA,6.0,
ANTES,docente,Prof48,SEXTA-FEIRA,0.0,
ANTES,docente,Prof49,SEGUNDA-FEIRA,0.0,
ANTES,docente,Prof49,TERÇA-FEIRA,0.0,
ANTES,docente,Prof49,QUARTA-FEIRA,2.0,
ANTES,docente,Prof49,QUINTA-FEIRA,0.0,
ANTES,docente,Prof49,SEXTA-FEIRA,2.0,
ANTES,docente,Prof50,SEGUNDA-FEIRA,0.0,
ANTES,docente,Prof50,TERÇA-FEIRA,2.0,
ANTES,docente,Prof50,QUARTA-FEIRA,0.0,
ANTES,docente,Prof50,QUINTA-FEIRA,0.0,
ANTES,docente,Prof50,SEXTA-FEIRA,0.0,
ANTES,docente,Prof51,SEGUNDA-FEIRA,0.0,
ANTES,docente,Prof51,TERÇA-FEIRA,0.0,
ANTES,docente,Prof51,QUARTA-FEIRA,0.0,
ANTES,docente,Prof51,QUINTA-FEIRA,2.0,
ANTES,docente,Prof51,SEXTA-FEIRA,0.0,
ANTES,docente,Prof52,SEGUNDA-FEIRA,2.0,
ANTES,docente,Prof52,TERÇA-FEIRA,0.0,
ANTES,docente,Prof52,QUARTA-FEIRA,2.0,
ANTES,docente,Prof52,QUINTA-FEIRA,0.0,
ANTES,docente,Prof52,SEXTA-FEIRA,0.0,
ANTES,docente,Prof53,SEGUNDA-FEIRA,4.0,
ANTES,docente,Prof53,TERÇA-FEIRA,0.0,
ANTES,docente,Prof53,QUARTA-FEIRA,0.0,
ANTES,docente,Prof53,QUINTA-FEIRA,0.0,
ANTES,docente,Prof53,SEXTA-FEIRA,0.0,
ANTES,docente,Prof54,SEGUNDA-FEIRA,2.0,
ANTES,docente,Prof54,TERÇA-FEIRA,4.0,
ANTES,docente,Prof54,QUARTA-FEIRA,0.0,
ANTES,docente,Prof54,QUINTA-FEIRA,2.0,
ANTES,docente,Prof54,SEXTA-FEIRA,0.0,
ANTES,docente,Prof55,SEGUNDA-FEIRA,2.0,
ANTES,docente,Prof55,TERÇA-FEIRA,4.0,
ANTES,docente,Prof55,QUARTA-FEIRA,4.0,
ANTES,docente,Prof55,QUINTA-FEIRA,0.0,
ANTES,docente,Prof55,SEXTA-FEIRA,0.0,
ANTES,docente,Prof56,SEGUNDA-FEIRA,0.0,
ANTES,docente,Prof56,TERÇA-FEIRA,0.0,
ANTES,docente,Prof56,QUARTA-FEIRA,4.0,
ANTES,docente,Prof56,QUINTA-FEIRA,2.0,
ANTES,docente,Prof56,SEXTA-FEIRA,0.0,
ANTES,docente,Prof57,SEGUNDA-FEIRA,3.0,
ANTES,docente,Prof57,TERÇA-FEIRA,0.0,
ANTES,docente,Prof57,QUARTA-FEIRA,0.0,
ANTES,docente,Prof57,QUINTA-FEIRA,0.0,
ANTES,docente,Prof57,SEXTA-FEIRA,0.0,
ANTES,docente,Prof58,SEGUNDA-FEIRA,0.0,
ANTES,docente,Prof58,TERÇA-FEIRA,2.0,
ANTES,docente,Prof58,QUARTA-FEIRA,0.0,
ANTES,docente,Prof58,QUINTA-FEIRA,0.0,
ANTES,docente,Prof58,SEXTA-FEIRA,0.0,
ANTES,docente,Prof59,SEGUNDA-FEIRA,0.0,
ANTES,docente,Prof59,TERÇA-FEIRA,0.0,
ANTES,docente,Prof59,QUARTA-FEIRA,0.0,
ANTES,docente,Prof59,QUINTA-FEIRA,0.0,
ANTES,docente,Prof59,SEXTA-FEIRA,4.0,
ANTES,docente,Prof60,SEGUNDA-FEIRA,4.0,
ANTES,docente,Prof60,TERÇA-FEIRA,0.0,
ANTES,docente,Prof60,QUARTA-FEIRA,0.0,
ANTES,docente,Prof60,QUINTA-FEIRA,0.0,
ANTES,docente,Prof60,SEXTA-FEIRA,0.0,
ANTES,docente,Prof61,SEGUNDA-FEIRA,0.0,
ANTES,docente,Prof61,TERÇA-FEIRA,6.0,
ANTES,docente,Prof61,QUARTA-FEIRA,0.0,
ANTES,docente,Prof61,QUINTA-FEIRA,3.0,
ANTES,docente,Prof61,SEXTA-FEIRA,3.0,
ANTES,docente,Prof62,SEGUNDA-FEIRA,0.0,
ANTES,docente,Prof62,TERÇA-FEIRA,3.0,
ANTES,docente,Prof62,QUARTA-FEIRA,0.0,
ANTES,docente,Prof62,QUINTA-FEIRA,6.0,
ANTES,docente,Prof62,SEXTA-FEIRA,3.0,
ANTES,docente,Prof63,SEGUNDA-FEIRA,0.0,
ANTES,docente,Prof63,TERÇA-FEIRA,0.0,
ANTES,docente,Prof63,QUARTA-FEIRA,3.0,
ANTES,docente,Prof63,QUINTA-FEIRA,0.0,
ANTES,docente,Prof63,SEXTA-FEIRA,0.0,
ANTES,docente,Prof64,SEGUNDA-FEIRA,0.0,
ANTES,docente,Prof64,TERÇA-FEIRA,3.0,
ANTES,docente,Prof64,QUARTA-FEIRA,3.0,
ANTES,docente,Prof64,QUINTA-FEIRA,0.0,
ANTES,docente,Prof64,SEXTA-FEIRA,0.0,
ANTES,docente,Prof65,SEGUNDA-FEIRA,0.0,
ANTES,docente,Prof65,TERÇA-FEIRA,0.0,
ANTES,docente,Prof65,QUARTA-FEIRA,0.0,
ANTES,docente,Prof65,QUINTA-FEIRA,2.0,
ANTES,docente,Prof65,SEXTA-FEIRA,0.0,
ANTES,docente,Prof66,SEGUNDA-FEIRA,0.0,
ANTES,docente,Prof66,TERÇA-FEIRA,0.0,
ANTES,docente,Prof66,QUARTA-FEIRA,2.0,
ANTES,docente,Prof66,QUINTA-FEIRA,0.0,
ANTES,docente,Prof66,SEXTA-FEIRA,2.0,
ANTES,docente,Prof67,SEGUNDA-FEIRA,0.0,
ANTES,docente,Prof67,TERÇA-FEIRA,3.0,
ANTES,docente,Prof67,QUARTA-FEIRA,0.0,
ANTES,docente,Prof67,QUINTA-FEIRA,3.0,
ANTES,docente,Prof67,SEXTA-FEIRA,0.0,
ANTES,docente,Prof68,SEGUNDA-FEIRA,0.0,
ANTES,docente,Prof68,TERÇA-FEIRA,0.0,
ANTES,docente,Prof68,QUARTA-FEIRA,0.0,
ANTES,docente,Prof68,QUINTA-FEIRA,0.0,
ANTES,docente,Prof68,SEXTA-FEIRA,4.0,
ANTES,docente,Prof69,SEGUNDA-FEIRA,2.0,
ANTES,docente,Prof69,TERÇA-FEIRA,0.0,
ANTES,docente,Prof69,QUARTA-FEIRA,0.0,
ANTES,docente,Prof69,QUINTA-FEIRA,0.0,
ANTES,docente,Prof69,SEXTA-FEIRA,0.0,
ANTES,docente,Prof70,SEGUNDA-FEIRA,4.0,
ANTES,docente,Prof70,TERÇA-FEIRA,0.0,
ANTES,docente,Prof70,QUARTA-FEIRA,3.0,
ANTES,docente,Prof70,QUINTA-FEIRA,0.0,
ANTES,docente,Prof70,SEXTA-FEIRA,3.0,
ANTES,docente,Prof71,SEGUNDA-FEIRA,0.0,
ANTES,docente,Prof71,TERÇA-FEIRA,4.0,
ANTES,docente,Prof71,QUARTA-FEIRA,0.0,
ANTES,docente,Prof71,QUINTA-FEIRA,4.0,
ANTES,docente,Prof71,SEXTA-FEIRA,0.0,
ANTES,docente,Prof72,SEGUNDA-FEIRA,6.0,
ANTES,docente,Prof72,TERÇA-FEIRA,0.0,
ANTES,docente,Prof72,QUARTA-FEIRA,6.0,
ANTES,docente,Prof72,QUINTA-FEIRA,0.0,
ANTES,docente,Prof72,SEXTA-FEIRA,0.0,
ANTES,docente,Prof73,SEGUNDA-FEIRA,0.0,
ANTES,docente,Prof73,TERÇA-FEIRA,4.0,
ANTES,docente,Prof73,QUARTA-FEIRA,0.0,
ANTES,docente,Prof73,QUINTA-FEIRA,4.0,
ANTES,docente,Prof73,SEXTA-FEIRA,0.0,
ANTES,docente,Prof74,SEGUNDA-FEIRA,4.0,
ANTES,docente,Prof74,TERÇA-FEIRA,0.0,
ANTES,docente,Prof74,QUARTA-FEIRA,3.0,
ANTES,docente,Prof74,QUINTA-FEIRA,0.0,
ANTES,docente,Prof74,SEXTA-FEIRA,3.0,
ANTES,docente,Prof75,SEGUNDA-FEIRA,3.0,
ANTES,docente,Prof75,TERÇA-FEIRA,3.0,
ANTES,docente,Prof75,QUARTA-FEIRA,0.0,
ANTES,docente,Prof75,QUINTA-FEIRA,3.0,
ANTES,docente,Prof75,SEXTA-FEIRA,3.0,
ANTES,docente,Prof76,SEGUNDA-FEIRA,0.0,
ANTES,docente,Prof76,TERÇA-FEIRA,3.0,
ANTES,docente,Prof76,QUARTA-FEIRA,0.0,
ANTES,docente,Prof76,QUINTA-FEIRA,3.0,
ANTES,docente,Prof76,SEXTA-FEIRA,0.0,
ANTES,docente,Prof77,SEGUNDA-FEIRA,6.0,
ANTES,docente,Prof77,TERÇA-FEIRA,0.0,
ANTES,docente,Prof77,QUARTA-FEIRA,6.0,
ANTES,docente,Prof77,QUINTA-FEIRA,0.0,
ANTES,docente,Prof77,SEXTA-FEIRA,0.0,
ANTES,docente,Prof78,SEGUNDA-FEIRA,0.0,
ANTES,docente,Prof78,TERÇA-FEIRA,4.0,
ANTES,docente,Prof78,QUARTA-FEIRA,0.0,
ANTES,docente,Prof78,QUINTA-FEIRA,3.0,
ANTES,docente,Prof78,SEXTA-FEIRA,3.0,
ANTES,docente,Prof79,SEGUNDA-FEIRA,3.0,
ANTES,docente,Prof79,TERÇA-FEIRA,0.0,
ANTES,docente,Prof79,QUARTA-FEIRA,3.0,
ANTES,docente,Prof79,QUINTA-FEIRA,0.0,
ANTES,docente,Prof79,SEXTA-FEIRA,3.0,
ANTES,docente,Prof80,SEGUNDA-FEIRA,0.0,
ANTES,docente,Prof80,TERÇA-FEIRA,5.0,
ANTES,docente,Prof80,QUARTA-FEIRA,0.0,
ANTES,docente,Prof80,QUINTA-FEIRA,5.0,
ANTES,docente,Prof80,SEXTA-FEIRA,0.0,
ANTES,docente,Prof81,SEGUNDA-FEIRA,0.0,
ANTES,docente,Prof81,TERÇA-FEIRA,0.0,
ANTES,docente,Prof81,QUARTA-FEIRA,3.0,
ANTES,docente,Prof81,QUINTA-FEIRA,0.0,
ANTES,docente,Prof81,SEXTA-FEIRA,0.0,
ANTES,docente,Prof82,SEGUNDA-FEIRA,0.0,
ANTES,docente,Prof82,TERÇA-FEIRA,0.0,
ANTES,docente,Prof82,QUARTA-FEIRA,4.0,
ANTES,docente,Prof82,QUINTA-FEIRA,0.0,
ANTES,docente,Prof82,SEXTA-FEIRA,0.0,
ANTES,docente,Prof83,SEGUNDA-FEIRA,0.0,
ANTES,docente,Prof83,TERÇA-FEIRA,3.0,
ANTES,docente,Prof83,QUARTA-FEIRA,0.0,
ANTES,docente,Prof83,QUINTA-FEIRA,4.0,
ANTES,docente,Prof83,SEXTA-FEIRA,0.0,
ANTES,docente,Prof84,SEGUNDA-FEIRA,0.0,
ANTES,docente,Prof84,TERÇA-FEIRA,2.0,
ANTES,docente,Prof84,QUARTA-FEIRA,0.0,
ANTES,docente,Prof84,QUINTA-FEIRA,2.0,
ANTES,docente,Prof84,SEXTA-FEIRA,0.0,
ANTES,docente,Prof85,SEGUNDA-FEIRA,4.0,
ANTES,docente,Prof85,TERÇA-FEIRA,0.0,
ANTES,docente,Prof85,QUARTA-FEIRA,3.0,
ANTES,docente,Prof85,QUINTA-FEIRA,0.0,
ANTES,docente,Prof85,SEXTA-FEIRA,3.0,
ANTES,docente,Prof86,SEGUNDA-FEIRA,3.0,
ANTES,docente,Prof86,TERÇA-FEIRA,4.0,
ANTES,docente,Prof86,QUARTA-FEIRA,0.0,
ANTES,docente,Prof86,QUINTA-FEIRA,3.0,
ANTES,docente,Prof86,SEXTA-FEIRA,0.0,
ANTES,docente,Prof87,SEGUNDA-FEIRA,0.0,
ANTES,docente,Prof87,TERÇA-FEIRA,4.0,
ANTES,docente,Prof87,QUARTA-FEIRA,7.0,
ANTES,docente,Prof87,QUINTA-FEIRA,7.0,
ANTES,docente,Prof87,SEXTA-FEIRA,0.0,
ANTES,docente,Prof88,SEGUNDA-FEIRA,2.0,
ANTES,docente,Prof88,TERÇA-FEIRA,6.0,
ANTES,docente,Prof88,QUARTA-FEIRA,0.0,
ANTES,docente,Prof88,QUINTA-FEIRA,4.0,
ANTES,docente,Prof88,SEXTA-FEIRA,0.0,
ANTES,docente,Prof89,SEGUNDA-FEIRA,0.0,
ANTES,docente,Prof89,TERÇA-FEIRA,0.0,
ANTES,docente,Prof89,QUARTA-FEIRA,0.0,
ANTES,docente,Prof89,QUINTA-FEIRA,3.0,
ANTES,docente,Prof89,SEXTA-FEIRA,0.0,
ANTES,docente,Prof90,SEGUNDA-FEIRA,4.0,
ANTES,docente,Prof90,TERÇA-FEIRA,0.0,
ANTES,docente,Prof90,QUARTA-FEIRA,3.0,
ANTES,docente,Prof90,QUINTA-FEIRA,0.0,
ANTES,docente,Prof90,SEXTA-FEIRA,3.0,
ANTES,docente,Prof91,SEGUNDA-FEIRA,4.0,
ANTES,docente,Prof91,TERÇA-FEIRA,0.0,
ANTES,docente,Prof91,QUARTA-FEIRA,3.0,
ANTES,docente,Prof91,QUINTA-FEIRA,0.0,
ANTES,docente,Prof91,SEXTA-FEIRA,3.0,
ANTES,docente,Prof92,SEGUNDA-FEIRA,0.0,
ANTES,docente,Prof92,TERÇA-FEIRA,0.0,
ANTES,docente,Prof92,QUARTA-FEIRA,2.0,
ANTES,docente,Prof92,QUINTA-FEIRA,0.0,
ANTES,docente,Prof92,SEXTA-FEIRA,2.0,
ANTES,docente,Prof93,SEGUNDA-FEIRA,3.0,
ANTES,docente,Prof93,TERÇA-FEIRA,0.0,
ANTES,docente,Prof93,QUARTA-FEIRA,3.0,
ANTES,docente,Prof93,QUINTA-FEIRA,0.0,
ANTES,docente,Prof93,SEXTA-FEIRA,3.0,
A,etapa_aluno,ARQU/1,SEGUNDA-FEIRA,3.0,"ARQ01001:A, ARQ01044:A, ARQ01045:A, ARQ01046:A, ARQ03004:C, ARQ03006:A"
A,etapa_aluno,ARQU/1,TERÇA-FEIRA,7.0,"ARQ01001:A, ARQ01044:A, ARQ01045:A, ARQ01046:A, ARQ03004:C, ARQ03006:A"
A,etapa_aluno,ARQU/1,QUARTA-FEIRA,3.0,"ARQ01001:A, ARQ01044:A, ARQ01045:A, ARQ01046:A, ARQ03004:C, ARQ03006:A"
A,etapa_aluno,ARQU/1,QUINTA-FEIRA,8.0,"ARQ01001:A, ARQ01044:A, ARQ01045:A, ARQ01046:A, ARQ03004:C, ARQ03006:A"
A,etapa_aluno,ARQU/1,SEXTA-FEIRA,3.0,"ARQ01001:A, ARQ01044:A, ARQ01045:A, ARQ01046:A, ARQ03004:C, ARQ03006:A"
A,etapa_aluno,ARQU/2,SEGUNDA-FEIRA,3.0,"ARQ01003:A, ARQ01047:A, ARQ01049:A, ARQ01075:B, ARQ02020:B, ENG01139:A"
A,etapa_aluno,ARQU/2,TERÇA-FEIRA,8.0,"ARQ01003:A, ARQ01047:A, ARQ01049:A, ARQ01075:B, ARQ02020:B, ENG01139:A"
A,etapa_aluno,ARQU/2,QUARTA-FEIRA,5.0,"ARQ01003:A, ARQ01047:A, ARQ01049:A, ARQ01075:B, ARQ02020:B, ENG01139:A"
A,etapa_aluno,ARQU/2,QUINTA-FEIRA,5.0,"ARQ01003:A, ARQ01047:A, ARQ01049:A, ARQ01075:B, ARQ02020:B, ENG01139:A"
A,etapa_aluno,ARQU/2,SEXTA-FEIRA,5.0,"ARQ01003:A, ARQ01047:A, ARQ01049:A, ARQ01075:B, ARQ02020:B, ENG01139:A"
A,etapa_aluno,ARQU/3,SEGUNDA-FEIRA,9.0,"ARQ01004:A, ARQ01005:A, ARQ01007:A, ARQ01076:A, ARQ01085:B, ARQ01087:B, ENG01169:A"
A,etapa_aluno,ARQU/3,TERÇA-FEIRA,2.0,"ARQ01004:A, ARQ01005:A, ARQ01007:A, ARQ01076:A, ARQ01085:B, ARQ01087:B, ENG01169:A"
A,etapa_aluno,ARQU/3,QUARTA-FEIRA,8.0,"ARQ01004:A, ARQ01005:A, ARQ01007:A, ARQ01076:A, ARQ01085:B, ARQ01087:B, ENG01169:A"
A,etapa_aluno,ARQU/3,QUINTA-FEIRA,6.0,"ARQ01004:A, ARQ01005:A, ARQ01007:A, ARQ01076:A, ARQ01085:B, ARQ01087:B, ENG01169:A"
A,etapa_aluno,ARQU/3,SEXTA-FEIRA,5.0,"ARQ01004:A, ARQ01005:A, ARQ01007:A, ARQ01076:A, ARQ01085:B, ARQ01087:B, ENG01169:A"
A,etapa_aluno,ARQU/4,SEGUNDA-FEIRA,8.0,"ARQ01008:A, ARQ01086:A, ARQ02201:A, ENG01171:U, IPH02045:A, IPH02046:B"
A,etapa_aluno,ARQU/4,TERÇA-FEIRA,5.0,"ARQ01008:A, ARQ01086:A, ARQ02201:A, ENG01171:U, IPH02045:A, IPH02046:B"
A,etapa_aluno,ARQU/4,QUARTA-FEIRA,5.0,"ARQ01008:A, ARQ01086:A, ARQ02201:A, ENG01171:U, IPH02045:A, IPH02046:B"
A,etapa_aluno,ARQU/4,QUINTA-FEIRA,3.0,"ARQ01008:A, ARQ01086:A, ARQ02201:A, ENG01171:U, IPH02045:A, IPH02046:B"
A,etapa_aluno,ARQU/4,SEXTA-FEIRA,5.0,"ARQ01008:A, ARQ01086:A, ARQ02201:A, ENG01171:U, IPH02045:A, IPH02046:B"
A,etapa_aluno,ARQU/5,SEGUNDA-FEIRA,0.0,"ARQ01009:A, ARQ01094:A, ARQ02001:A, ENG01172:U"
A,etapa_aluno,ARQU/5,TERÇA-FEIRA,8.0,"ARQ01009:A, ARQ01094:A, ARQ02001:A, ENG01172:U"
A,etapa_aluno,ARQU/5,QUARTA-FEIRA,2.0,"ARQ01009:A, ARQ01094:A, ARQ02001:A, ENG01172:U"
A,etapa_aluno,ARQU/5,QUINTA-FEIRA,7.0,"ARQ01009:A, ARQ01094:A, ARQ02001:A, ENG01172:U"
A,etapa_aluno,ARQU/5,SEXTA-FEIRA,3.0,"ARQ01009:A, ARQ01094:A, ARQ02001:A, ENG01172:U"
A,etapa_aluno,ARQU/6,SEGUNDA-FEIRA,3.0,"ARQ01011:A, ARQ01088:A, ARQ02002:A, ENG01173:U, ENG01176:A"
A,etapa_aluno,ARQU/6,TERÇA-FEIRA,9.0,"ARQ01011:A, ARQ01088:A, ARQ02002:A, ENG01173:U, ENG01176:A"
A,etapa_aluno,ARQU/6,QUARTA-FEIRA,4.0,"ARQ01011:A, ARQ01088:A, ARQ02002:A, ENG01173:U, ENG01176:A"
A,etapa_aluno,ARQU/6,QUINTA-FEIRA,6.0,"ARQ01011:A, ARQ01088:A, ARQ02002:A, ENG01173:U, ENG01176:A"
A,etapa_aluno,ARQU/6,SEXTA-FEIRA,4.0,"ARQ01011:A, ARQ01088:A, ARQ02002:A, ENG01173:U, ENG01176:A"
A,etapa_aluno,ARQU/7,SEGUNDA-FEIRA,5.0,"ARQ01013:A, ARQ01073:A, ARQ02003:A, ARQ02213:A, ENG01174:U, ENG03015:A"
A,etapa_aluno,ARQU/7,TERÇA-FEIRA,9.0,"ARQ01013:A, ARQ01073:A, ARQ02003:A, ARQ02213:A, ENG01174:U, ENG03015:A"
A,etapa_aluno,ARQU/7,QUARTA-FEIRA,6.0,"ARQ01013:A, ARQ01073:A, ARQ02003:A, ARQ02213:A, ENG01174:U, ENG03015:A"
A,etapa_aluno,ARQU/7,QUINTA-FEIRA,7.0,"ARQ01013:A, ARQ01073:A, ARQ02003:A, ARQ02213:A, ENG01174:U, ENG03015:A"
A,etapa_aluno,ARQU/7,SEXTA-FEIRA,4.0,"ARQ01013:A, ARQ01073:A, ARQ02003:A, ARQ02213:A, ENG01174:U, ENG03015:A"
A,etapa_aluno,ARQU/8,SEGUNDA-FEIRA,10.0,"ARQ01016:A, ARQ01017:U, ARQ01089:A, ARQ01090:D1, ARQ02004:A, ARQ02005:A, ENG01175:U"
A,etapa_aluno,ARQU/8,TERÇA-FEIRA,6.0,"ARQ01016:A, ARQ01017:U, ARQ01089:A, ARQ01090:D1, ARQ02004:A, ARQ02005:A, ENG01175:U"
A,etapa_aluno,ARQU/8,QUARTA-FEIRA,6.0,"ARQ01016:A, ARQ01017:U, ARQ01089:A, ARQ01090:D1, ARQ02004:A, ARQ02005:A, ENG01175:U"
A,etapa_aluno,ARQU/8,QUINTA-FEIRA,3.0,"ARQ01016:A, ARQ01017:U, ARQ01089:A, ARQ01090:D1, ARQ02004:A, ARQ02005:A, ENG01175:U"
A,etapa_aluno,ARQU/8,SEXTA-FEIRA,5.0,"ARQ01016:A, ARQ01017:U, ARQ01089:A, ARQ01090:D1, ARQ02004:A, ARQ02005:A, ENG01175:U"
A,etapa_aluno,ARQU/9,SEGUNDA-FEIRA,7.0,"ARQ01018:A, ARQ01020:A, ARQ01091:D2, ARQ01099:A, ARQ02006:A"
A,etapa_aluno,ARQU/9,TERÇA-FEIRA,8.0,"ARQ01018:A, ARQ01020:A, ARQ01091:D2, ARQ01099:A, ARQ02006:A"
A,etapa_aluno,ARQU/9,QUARTA-FEIRA,1.0,"ARQ01018:A, ARQ01020:A, ARQ01091:D2, ARQ01099:A, ARQ02006:A"
A,etapa_aluno,ARQU/9,QUINTA-FEIRA,6.0,"ARQ01018:A, ARQ01020:A, ARQ01091:D2, ARQ01099:A, ARQ02006:A"
A,etapa_aluno,ARQU/9,SEXTA-FEIRA,2.0,"ARQ01018:A, ARQ01020:A, ARQ01091:D2, ARQ01099:A, ARQ02006:A"
A,etapa_aluno,DPRO/1,SEGUNDA-FEIRA,4.0,"ARQ03062:A, ARQ03063:A, ARQ03064:A, ARQ03066:A, ARQ03318:M"
A,etapa_aluno,DPRO/1,TERÇA-FEIRA,8.0,"ARQ03062:A, ARQ03063:A, ARQ03064:A, ARQ03066:A, ARQ03318:M"
A,etapa_aluno,DPRO/1,QUARTA-FEIRA,0.0,"ARQ03062:A, ARQ03063:A, ARQ03064:A, ARQ03066:A, ARQ03318:M"
A,etapa_aluno,DPRO/1,QUINTA-FEIRA,6.0,"ARQ03062:A, ARQ03063:A, ARQ03064:A, ARQ03066:A, ARQ03318:M"
A,etapa_aluno,DPRO/1,SEXTA-FEIRA,0.0,"ARQ03062:A, ARQ03063:A, ARQ03064:A, ARQ03066:A, ARQ03318:M"
A,etapa_aluno,DPRO/2,SEGUNDA-FEIRA,4.0,"ARQ03065:A, ARQ03067:A, ARQ03111:A, ARQ03149:A"
A,etapa_aluno,DPRO/2,TERÇA-FEIRA,4.0,"ARQ03065:A, ARQ03067:A, ARQ03111:A, ARQ03149:A"
A,etapa_aluno,DPRO/2,QUARTA-FEIRA,0.0,"ARQ03065:A, ARQ03067:A, ARQ03111:A, ARQ03149:A"
A,etapa_aluno,DPRO/2,QUINTA-FEIRA,6.0,"ARQ03065:A, ARQ03067:A, ARQ03111:A, ARQ03149:A"
A,etapa_aluno,DPRO/2,SEXTA-FEIRA,0.0,"ARQ03065:A, ARQ03067:A, ARQ03111:A, ARQ03149:A"
A,etapa_aluno,DPRO/3,SEGUNDA-FEIRA,2.0,"ARQ03071:B, ARQ03098:A, ARQ03112:A, ARQ03139:A"
A,etapa_aluno,DPRO/3,TERÇA-FEIRA,4.0,"ARQ03071:B, ARQ03098:A, ARQ03112:A, ARQ03139:A"
A,etapa_aluno,DPRO/3,QUARTA-FEIRA,4.0,"ARQ03071:B, ARQ03098:A, ARQ03112:A, ARQ03139:A"
A,etapa_aluno,DPRO/3,QUINTA-FEIRA,4.0,"ARQ03071:B, ARQ03098:A, ARQ03112:A, ARQ03139:A"
A,etapa_aluno,DPRO/3,SEXTA-FEIRA,0.0,"ARQ03071:B, ARQ03098:A, ARQ03112:A, ARQ03139:A"
A,etapa_aluno,DPRO/4,SEGUNDA-FEIRA,2.0,"ARQ03072:A, ARQ03092:A, ARQ03114:A, ARQ03140:A"
A,etapa_aluno,DPRO/4,TERÇA-FEIRA,5.0,"ARQ03072:A, ARQ03092:A, ARQ03114:A, ARQ03140:A"
A,etapa_aluno,DPRO/4,QUARTA-FEIRA,0.0,"ARQ03072:A, ARQ03092:A, ARQ03114:A, ARQ03140:A"
A,etapa_aluno,DPRO/4,QUINTA-FEIRA,3.0,"ARQ03072:A, ARQ03092:A, ARQ03114:A, ARQ03140:A"
A,etapa_aluno,DPRO/4,SEXTA-FEIRA,3.0,"ARQ03072:A, ARQ03092:A, ARQ03114:A, ARQ03140:A"
A,etapa_aluno,DPRO/5,SEGUNDA-FEIRA,4.0,"ARQ03077:A, ARQ03079:A, ARQ03080:A, ARQ03138:A, ENG03019:C"
A,etapa_aluno,DPRO/5,TERÇA-FEIRA,6.0,"ARQ03077:A, ARQ03079:A, ARQ03080:A, ARQ03138:A, ENG03019:C"
A,etapa_aluno,DPRO/5,QUARTA-FEIRA,2.0,"ARQ03077:A, ARQ03079:A, ARQ03080:A, ARQ03138:A, ENG03019:C"
A,etapa_aluno,DPRO/5,QUINTA-FEIRA,3.0,"ARQ03077:A, ARQ03079:A, ARQ03080:A, ARQ03138:A, ENG03019:C"
A,etapa_aluno,DPRO/5,SEXTA-FEIRA,2.0,"ARQ03077:A, ARQ03079:A, ARQ03080:A, ARQ03138:A, ENG03019:C"
A,etapa_aluno,DPRO/6,SEGUNDA-FEIRA,3.0,"ARQ03081:A, ARQ03082:A"
A,etapa_aluno,DPRO/6,TERÇA-FEIRA,0.0,"ARQ03081:A, ARQ03082:A"
A,etapa_aluno,DPRO/6,QUARTA-FEIRA,3.0,"ARQ03081:A, ARQ03082:A"
A,etapa_aluno,DPRO/6,QUINTA-FEIRA,4.0,"ARQ03081:A, ARQ03082:A"
A,etapa_aluno,DPRO/6,SEXTA-FEIRA,0.0,"ARQ03081:A, ARQ03082:A"
A,etapa_aluno,DPRO/7,SEGUNDA-FEIRA,0.0,"ARQ03083:A, ARQ03085:A, ARQ03129:A, ENG03040:U"
A,etapa_aluno,DPRO/7,TERÇA-FEIRA,7.0,"ARQ03083:A, ARQ03085:A, ARQ03129:A, ENG03040:U"
A,etapa_aluno,DPRO/7,QUARTA-FEIRA,4.0,"ARQ03083:A, ARQ03085:A, ARQ03129:A, ENG03040:U"
A,etapa_aluno,DPRO/7,QUINTA-FEIRA,7.0,"ARQ03083:A, ARQ03085:A, ARQ03129:A, ENG03040:U"
A,etapa_aluno,DPRO/7,SEXTA-FEIRA,0.0,"ARQ03083:A, ARQ03085:A, ARQ03129:A, ENG03040:U"
A,etapa_aluno,DPRO/8,SEGUNDA-FEIRA,3.0,ARQ03086:A
A,etapa_aluno,DPRO/8,TERÇA-FEIRA,0.0,ARQ03086:A
A,etapa_aluno,DPRO/8,QUARTA-FEIRA,3.0,ARQ03086:A
A,etapa_aluno,DPRO/8,QUINTA-FEIRA,0.0,ARQ03086:A
A,etapa_aluno,DPRO/8,SEXTA-FEIRA,0.0,ARQ03086:A
A,etapa_aluno,DPRO/9,SEGUNDA-FEIRA,3.0,"ARQ03090:A, ARQ03091:A"
A,etapa_aluno,DPRO/9,TERÇA-FEIRA,0.0,"ARQ03090:A, ARQ03091:A"
A,etapa_aluno,DPRO/9,QUARTA-FEIRA,2.0,"ARQ03090:A, ARQ03091:A"
A,etapa_aluno,DPRO/9,QUINTA-FEIRA,0.0,"ARQ03090:A, ARQ03091:A"
A,etapa_aluno,DPRO/9,SEXTA-FEIRA,3.0,"ARQ03090:A, ARQ03091:A"
A,etapa_aluno,DVIS/1,SEGUNDA-FEIRA,4.0,"ARQ03062:A, ARQ03063:A, ARQ03064:A, ARQ03066:A, ARQ03318:M"
A,etapa_aluno,DVIS/1,TERÇA-FEIRA,8.0,"ARQ03062:A, ARQ03063:A, ARQ03064:A, ARQ03066:A, ARQ03318:M"
A,etapa_aluno,DVIS/1,QUARTA-FEIRA,0.0,"ARQ03062:A, ARQ03063:A, ARQ03064:A, ARQ03066:A, ARQ03318:M"
A,etapa_aluno,DVIS/1,QUINTA-FEIRA,6.0,"ARQ03062:A, ARQ03063:A, ARQ03064:A, ARQ03066:A, ARQ03318:M"
A,etapa_aluno,DVIS/1,SEXTA-FEIRA,0.0,"ARQ03062:A, ARQ03063:A, ARQ03064:A, ARQ03066:A, ARQ03318:M"
A,etapa_aluno,DVIS/2,SEGUNDA-FEIRA,4.0,"ARQ03065:A, ARQ03067:A, ARQ03095:AA, ARQ03111:A, ARQ03113:A, ARQ03150:B"
A,etapa_aluno,DVIS/2,TERÇA-FEIRA,4.0,"ARQ03065:A, ARQ03067:A, ARQ03095:AA, ARQ03111:A, ARQ03113:A, ARQ03150:B"
A,etapa_aluno,DVIS/2,QUARTA-FEIRA,3.0,"ARQ03065:A, ARQ03067:A, ARQ03095:AA, ARQ03111:A, ARQ03113:A, ARQ03150:B"
A,etapa_aluno,DVIS/2,QUINTA-FEIRA,6.0,"ARQ03065:A, ARQ03067:A, ARQ03095:AA, ARQ03111:A, ARQ03113:A, ARQ03150:B"
A,etapa_aluno,DVIS/2,SEXTA-FEIRA,2.0,"ARQ03065:A, ARQ03067:A, ARQ03095:AA, ARQ03111:A, ARQ03113:A, ARQ03150:B"
A,etapa_aluno,DVIS/3,SEGUNDA-FEIRA,4.0,"ARQ03070:B, ARQ03071:B, ARQ03098:A, ARQ03112:A, ARQ03139:A, ARQ03148:A"
A,etapa_aluno,DVIS/3,TERÇA-FEIRA,4.0,"ARQ03070:B, ARQ03071:B, ARQ03098:A, ARQ03112:A, ARQ03139:A, ARQ03148:A"
A,etapa_aluno,DVIS/3,QUARTA-FEIRA,6.0,"ARQ03070:B, ARQ03071:B, ARQ03098:A, ARQ03112:A, ARQ03139:A, ARQ03148:A"
A,etapa_aluno,DVIS/3,QUINTA-FEIRA,4.0,"ARQ03070:B, ARQ03071:B, ARQ03098:A, ARQ03112:A, ARQ03139:A, ARQ03148:A"
A,etapa_aluno,DVIS/3,SEXTA-FEIRA,2.0,"ARQ03070:B, ARQ03071:B, ARQ03098:A, ARQ03112:A, ARQ03139:A, ARQ03148:A"
A,etapa_aluno,DVIS/4,SEGUNDA-FEIRA,6.0,"ARQ03073:A, ARQ03075:A, ARQ03092:A, ARQ03114:A, ARQ03140:B"
A,etapa_aluno,DVIS/4,TERÇA-FEIRA,3.0,"ARQ03073:A, ARQ03075:A, ARQ03092:A, ARQ03114:A, ARQ03140:B"
A,etapa_aluno,DVIS/4,QUARTA-FEIRA,2.0,"ARQ03073:A, ARQ03075:A, ARQ03092:A, ARQ03114:A, ARQ03140:B"
A,etapa_aluno,DVIS/4,QUINTA-FEIRA,3.0,"ARQ03073:A, ARQ03075:A, ARQ03092:A, ARQ03114:A, ARQ03140:B"
A,etapa_aluno,DVIS/4,SEXTA-FEIRA,3.0,"ARQ03073:A, ARQ03075:A, ARQ03092:A, ARQ03114:A, ARQ03140:B"
A,etapa_aluno,DVIS/5,SEGUNDA-FEIRA,7.0,"ARQ03078:A, ARQ03079:A, ARQ03080:A, ARQ03130:A"
A,etapa_aluno,DVIS/5,TERÇA-FEIRA,0.0,"ARQ03078:A, ARQ03079:A, ARQ03080:A, ARQ03130:A"
A,etapa_aluno,DVIS/5,QUARTA-FEIRA,5.0,"ARQ03078:A, ARQ03079:A, ARQ03080:A, ARQ03130:A"
A,etapa_aluno,DVIS/5,QUINTA-FEIRA,0.0,"ARQ03078:A, ARQ03079:A, ARQ03080:A, ARQ03130:A"
A,etapa_aluno,DVIS/5,SEXTA-FEIRA,2.0,"ARQ03078:A, ARQ03079:A, ARQ03080:A, ARQ03130:A"
A,etapa_aluno,DVIS/6,SEGUNDA-FEIRA,3.0,"ARQ03081:A, ARQ03082:A, ARQ03142:A"
A,etapa_aluno,DVIS/6,TERÇA-FEIRA,4.0,"ARQ03081:A, ARQ03082:A, ARQ03142:A"
A,etapa_aluno,DVIS/6,QUARTA-FEIRA,3.0,"ARQ03081:A, ARQ03082:A, ARQ03142:A"
A,etapa_aluno,DVIS/6,QUINTA-FEIRA,4.0,"ARQ03081:A, ARQ03082:A, ARQ03142:A"
A,etapa_aluno,DVIS/6,SEXTA-FEIRA,0.0,"ARQ03081:A, ARQ03082:A, ARQ03142:A"
A,etapa_aluno,DVIS/7,SEGUNDA-FEIRA,0.0,"ARQ03084:A, ARQ03085:A, ARQ03129:A"
A,etapa_aluno,DVIS/7,TERÇA-FEIRA,5.0,"ARQ03084:A, ARQ03085:A, ARQ03129:A"
A,etapa_aluno,DVIS/7,QUARTA-FEIRA,4.0,"ARQ03084:A, ARQ03085:A, ARQ03129:A"
A,etapa_aluno,DVIS/7,QUINTA-FEIRA,5.0,"ARQ03084:A, ARQ03085:A, ARQ03129:A"
A,etapa_aluno,DVIS/7,SEXTA-FEIRA,0.0,"ARQ03084:A, ARQ03085:A, ARQ03129:A"
A,etapa_aluno,DVIS/8,SEGUNDA-FEIRA,0.0,"ARQ03087:A, ARQ03099:A"
A,etapa_aluno,DVIS/8,TERÇA-FEIRA,5.0,"ARQ03087:A, ARQ03099:A"
A,etapa_aluno,DVIS/8,QUARTA-FEIRA,0.0,"ARQ03087:A, ARQ03099:A"
A,etapa_aluno,DVIS/8,QUINTA-FEIRA,5.0,"ARQ03087:A, ARQ03099:A"
A,etapa_aluno,DVIS/8,SEXTA-FEIRA,0.0,"ARQ03087:A, ARQ03099:A"
A,etapa_aluno,DVIS/9,SEGUNDA-FEIRA,3.0,"ARQ03090:A, ARQ03091:A"
A,etapa_aluno,DVIS/9,TERÇA-FEIRA,0.0,"ARQ03090:A, ARQ03091:A"
A,etapa_aluno,DVIS/9,QUARTA-FEIRA,2.0,"ARQ03090:A, ARQ03091:A"
A,etapa_aluno,DVIS/9,QUINTA-FEIRA,0.0,"ARQ03090:A, ARQ03091:A"
A,etapa_aluno,DVIS/9,SEXTA-FEIRA,3.0,"ARQ03090:A, ARQ03091:A"
A,docente,Prof01,SEGUNDA-FEIRA,6.0,
A,docente,Prof01,TERÇA-FEIRA,6.0,
A,docente,Prof01,QUARTA-FEIRA,3.0,
A,docente,Prof01,QUINTA-FEIRA,6.0,
A,docente,Prof01,SEXTA-FEIRA,3.0,
A,docente,Prof02,SEGUNDA-FEIRA,6.0,
A,docente,Prof02,TERÇA-FEIRA,3.0,
A,docente,Prof02,QUARTA-FEIRA,0.0,
A,docente,Prof02,QUINTA-FEIRA,3.0,
A,docente,Prof02,SEXTA-FEIRA,4.0,
A,docente,Prof03,SEGUNDA-FEIRA,4.0,
A,docente,Prof03,TERÇA-FEIRA,0.0,
A,docente,Prof03,QUARTA-FEIRA,4.0,
A,docente,Prof03,QUINTA-FEIRA,0.0,
A,docente,Prof03,SEXTA-FEIRA,4.0,
A,docente,Prof04,SEGUNDA-FEIRA,2.0,
A,docente,Prof04,TERÇA-FEIRA,2.0,
A,docente,Prof04,QUARTA-FEIRA,2.0,
A,docente,Prof04,QUINTA-FEIRA,4.0,
A,docente,Prof04,SEXTA-FEIRA,0.0,
A,docente,Prof05,SEGUNDA-FEIRA,3.0,
A,docente,Prof05,TERÇA-FEIRA,0.0,
A,docente,Prof05,QUARTA-FEIRA,5.0,
A,docente,Prof05,QUINTA-FEIRA,0.0,
A,docente,Prof05,SEXTA-FEIRA,0.0,
A,docente,Prof06,SEGUNDA-FEIRA,0.0,
A,docente,Prof06,TERÇA-FEIRA,6.0,
A,docente,Prof06,QUARTA-FEIRA,0.0,
A,docente,Prof06,QUINTA-FEIRA,6.0,
A,docente,Prof06,SEXTA-FEIRA,0.0,
A,docente,Prof07,SEGUNDA-FEIRA,0.0,
A,docente,Prof07,TERÇA-FEIRA,4.0,
A,docente,Prof07,QUARTA-FEIRA,0.0,
A,docente,Prof07,QUINTA-FEIRA,3.0,
A,docente,Prof07,SEXTA-FEIRA,3.0,
A,docente,Prof08,SEGUNDA-FEIRA,3.0,
A,docente,Prof08,TERÇA-FEIRA,3.0,
A,docente,Prof08,QUARTA-FEIRA,6.0,
A,docente,Prof08,QUINTA-FEIRA,3.0,
A,docente,Prof08,SEXTA-FEIRA,3.0,
A,docente,Prof09,SEGUNDA-FEIRA,0.0,
A,docente,Prof09,TERÇA-FEIRA,4.0,
A,docente,Prof09,QUARTA-FEIRA,4.0,
A,docente,Prof09,QUINTA-FEIRA,0.0,
A,docente,Prof09,SEXTA-FEIRA,0.0,
A,docente,Prof10,SEGUNDA-FEIRA,6.0,
A,docente,Prof10,TERÇA-FEIRA,0.0,
A,docente,Prof10,QUARTA-FEIRA,6.0,
A,docente,Prof10,QUINTA-FEIRA,0.0,
A,docente,Prof10,SEXTA-FEIRA,0.0,
A,docente,Prof100,SEGUNDA-FEIRA,0.0,
A,docente,Prof100,TERÇA-FEIRA,4.0,
A,docente,Prof100,QUARTA-FEIRA,0.0,
A,docente,Prof100,QUINTA-FEIRA,0.0,
A,docente,Prof100,SEXTA-FEIRA,0.0,
A,docente,Prof101,SEGUNDA-FEIRA,3.0,
A,docente,Prof101,TERÇA-FEIRA,3.0,
A,docente,Prof101,QUARTA-FEIRA,3.0,
A,docente,Prof101,QUINTA-FEIRA,3.0,
A,docente,Prof101,SEXTA-FEIRA,3.0,
A,docente,Prof102,SEGUNDA-FEIRA,2.0,
A,docente,Prof102,TERÇA-FEIRA,0.0,
A,docente,Prof102,QUARTA-FEIRA,2.0,
A,docente,Prof102,QUINTA-FEIRA,0.0,
A,docente,Prof102,SEXTA-FEIRA,0.0,
A,docente,Prof103,SEGUNDA-FEIRA,0.0,
A,docente,Prof103,TERÇA-FEIRA,2.0,
A,docente,Prof103,QUARTA-FEIRA,0.0,
A,docente,Prof103,QUINTA-FEIRA,2.0,
A,docente,Prof103,SEXTA-FEIRA,0.0,
A,docente,Prof104,SEGUNDA-FEIRA,0.0,
A,docente,Prof104,TERÇA-FEIRA,6.0,
A,docente,Prof104,QUARTA-FEIRA,2.0,
A,docente,Prof104,QUINTA-FEIRA,0.0,
A,docente,Prof104,SEXTA-FEIRA,0.0,
A,docente,Prof105,SEGUNDA-FEIRA,4.0,
A,docente,Prof105,TERÇA-FEIRA,0.0,
A,docente,Prof105,QUARTA-FEIRA,0.0,
A,docente,Prof105,QUINTA-FEIRA,2.0,
A,docente,Prof105,SEXTA-FEIRA,0.0,
A,docente,Prof106,SEGUNDA-FEIRA,0.0,
A,docente,Prof106,TERÇA-FEIRA,2.0,
A,docente,Prof106,QUARTA-FEIRA,0.0,
A,docente,Prof106,QUINTA-FEIRA,0.0,
A,docente,Prof106,SEXTA-FEIRA,5.0,
A,docente,Prof107,SEGUNDA-FEIRA,0.0,
A,docente,Prof107,TERÇA-FEIRA,0.0,
A,docente,Prof107,QUARTA-FEIRA,2.0,
A,docente,Prof107,QUINTA-FEIRA,0.0,
A,docente,Prof107,SEXTA-FEIRA,2.0,
A,docente,Prof108,SEGUNDA-FEIRA,0.0,
A,docente,Prof108,TERÇA-FEIRA,0.0,
A,docente,Prof108,QUARTA-FEIRA,2.0,
A,docente,Prof108,QUINTA-FEIRA,0.0,
A,docente,Prof108,SEXTA-FEIRA,2.0,
A,docente,Prof109,SEGUNDA-FEIRA,0.0,
A,docente,Prof109,TERÇA-FEIRA,4.0,
A,docente,Prof109,QUARTA-FEIRA,0.0,
A,docente,Prof109,QUINTA-FEIRA,0.0,
A,docente,Prof109,SEXTA-FEIRA,0.0,
A,docente,Prof11,SEGUNDA-FEIRA,3.0,
A,docente,Prof11,TERÇA-FEIRA,0.0,
A,docente,Prof11,QUARTA-FEIRA,5.0,
A,docente,Prof11,QUINTA-FEIRA,0.0,
A,docente,Prof11,SEXTA-FEIRA,0.0,
A,docente,Prof110,SEGUNDA-FEIRA,4.0,
A,docente,Prof110,TERÇA-FEIRA,0.0,
A,docente,Prof110,QUARTA-FEIRA,0.0,
A,docente,Prof110,QUINTA-FEIRA,0.0,
A,docente,Prof110,SEXTA-FEIRA,0.0,
A,docente,Prof111,SEGUNDA-FEIRA,2.0,
A,docente,Prof111,TERÇA-FEIRA,0.0,
A,docente,Prof111,QUARTA-FEIRA,2.0,
A,docente,Prof111,QUINTA-FEIRA,0.0,
A,docente,Prof111,SEXTA-FEIRA,0.0,
A,docente,Prof112,SEGUNDA-FEIRA,3.0,
A,docente,Prof112,TERÇA-FEIRA,0.0,
A,docente,Prof112,QUARTA-FEIRA,0.0,
A,docente,Prof112,QUINTA-FEIRA,0.0,
A,docente,Prof112,SEXTA-FEIRA,3.0,
A,docente,Prof113,SEGUNDA-FEIRA,3.0,
A,docente,Prof113,TERÇA-FEIRA,0.0,
A,docente,Prof113,QUARTA-FEIRA,0.0,
A,docente,Prof113,QUINTA-FEIRA,0.0,
A,docente,Prof113,SEXTA-FEIRA,0.0,
A,docente,Prof114,SEGUNDA-FEIRA,0.0,
A,docente,Prof114,TERÇA-FEIRA,2.0,
A,docente,Prof114,QUARTA-FEIRA,0.0,
A,docente,Prof114,QUINTA-FEIRA,2.0,
A,docente,Prof114,SEXTA-FEIRA,0.0,
A,docente,Prof115,SEGUNDA-FEIRA,0.0,
A,docente,Prof115,TERÇA-FEIRA,2.0,
A,docente,Prof115,QUARTA-FEIRA,0.0,
A,docente,Prof115,QUINTA-FEIRA,2.0,
A,docente,Prof115,SEXTA-FEIRA,0.0,
A,docente,Prof116,SEGUNDA-FEIRA,0.0,
A,docente,Prof116,TERÇA-FEIRA,2.0,
A,docente,Prof116,QUARTA-FEIRA,0.0,
A,docente,Prof116,QUINTA-FEIRA,2.0,
A,docente,Prof116,SEXTA-FEIRA,0.0,
A,docente,Prof117,SEGUNDA-FEIRA,0.0,
A,docente,Prof117,TERÇA-FEIRA,4.0,
A,docente,Prof117,QUARTA-FEIRA,0.0,
A,docente,Prof117,QUINTA-FEIRA,4.0,
A,docente,Prof117,SEXTA-FEIRA,0.0,
A,docente,Prof118,SEGUNDA-FEIRA,0.0,
A,docente,Prof118,TERÇA-FEIRA,2.0,
A,docente,Prof118,QUARTA-FEIRA,0.0,
A,docente,Prof118,QUINTA-FEIRA,2.0,
A,docente,Prof118,SEXTA-FEIRA,0.0,
A,docente,Prof119,SEGUNDA-FEIRA,0.0,
A,docente,Prof119,TERÇA-FEIRA,2.0,
A,docente,Prof119,QUARTA-FEIRA,0.0,
A,docente,Prof119,QUINTA-FEIRA,2.0,
A,docente,Prof119,SEXTA-FEIRA,0.0,
A,docente,Prof12,SEGUNDA-FEIRA,0.0,
A,docente,Prof12,TERÇA-FEIRA,2.0,
A,docente,Prof12,QUARTA-FEIRA,0.0,
A,docente,Prof12,QUINTA-FEIRA,2.0,
A,docente,Prof12,SEXTA-FEIRA,0.0,
A,docente,Prof120,SEGUNDA-FEIRA,2.0,
A,docente,Prof120,TERÇA-FEIRA,0.0,
A,docente,Prof120,QUARTA-FEIRA,0.0,
A,docente,Prof120,QUINTA-FEIRA,0.0,
A,docente,Prof120,SEXTA-FEIRA,2.0,
A,docente,Prof121,SEGUNDA-FEIRA,0.0,
A,docente,Prof121,TERÇA-FEIRA,0.0,
A,docente,Prof121,QUARTA-FEIRA,4.0,
A,docente,Prof121,QUINTA-FEIRA,0.0,
A,docente,Prof121,SEXTA-FEIRA,0.0,
A,docente,Prof122,SEGUNDA-FEIRA,3.0,
A,docente,Prof122,TERÇA-FEIRA,0.0,
A,docente,Prof122,QUARTA-FEIRA,3.0,
A,docente,Prof122,QUINTA-FEIRA,3.0,
A,docente,Prof122,SEXTA-FEIRA,3.0,
A,docente,Prof123,SEGUNDA-FEIRA,4.0,
A,docente,Prof123,TERÇA-FEIRA,3.0,
A,docente,Prof123,QUARTA-FEIRA,0.0,
A,docente,Prof123,QUINTA-FEIRA,3.0,
A,docente,Prof123,SEXTA-FEIRA,0.0,
A,docente,Prof124,SEGUNDA-FEIRA,0.0,
A,docente,Prof124,TERÇA-FEIRA,2.0,
A,docente,Prof124,QUARTA-FEIRA,0.0,
A,docente,Prof124,QUINTA-FEIRA,2.0,
A,docente,Prof124,SEXTA-FEIRA,0.0,
A,docente,Prof125,SEGUNDA-FEIRA,0.0,
A,docente,Prof125,TERÇA-FEIRA,3.0,
A,docente,Prof125,QUARTA-FEIRA,0.0,
A,docente,Prof125,QUINTA-FEIRA,4.0,
A,docente,Prof125,SEXTA-FEIRA,0.0,
A,docente,Prof126,SEGUNDA-FEIRA,0.0,
A,docente,Prof126,TERÇA-FEIRA,3.0,
A,docente,Prof126,QUARTA-FEIRA,4.0,
A,docente,Prof126,QUINTA-FEIRA,4.0,
A,docente,Prof126,SEXTA-FEIRA,0.0,
A,docente,Prof127,SEGUNDA-FEIRA,3.0,
A,docente,Prof127,TERÇA-FEIRA,0.0,
A,docente,Prof127,QUARTA-FEIRA,3.0,
A,docente,Prof127,QUINTA-FEIRA,0.0,
A,docente,Prof127,SEXTA-FEIRA,0.0,
A,docente,Prof128,SEGUNDA-FEIRA,5.0,
A,docente,Prof128,TERÇA-FEIRA,4.0,
A,docente,Prof128,QUARTA-FEIRA,0.0,
A,docente,Prof128,QUINTA-FEIRA,3.0,
A,docente,Prof128,SEXTA-FEIRA,0.0,
A,docente,Prof129,SEGUNDA-FEIRA,3.0,
A,docente,Prof129,TERÇA-FEIRA,4.0,
A,docente,Prof129,QUARTA-FEIRA,0.0,
A,docente,Prof129,QUINTA-FEIRA,3.0,
A,docente,Prof129,SEXTA-FEIRA,0.0,
A,docente,Prof13,SEGUNDA-FEIRA,4.0,
A,docente,Prof13,TERÇA-FEIRA,0.0,
A,docente,Prof13,QUARTA-FEIRA,3.0,
A,docente,Prof13,QUINTA-FEIRA,0.0,
A,docente,Prof13,SEXTA-FEIRA,3.0,
A,docente,Prof130,SEGUNDA-FEIRA,0.0,
A,docente,Prof130,TERÇA-FEIRA,4.0,
A,docente,Prof130,QUARTA-FEIRA,0.0,
A,docente,Prof130,QUINTA-FEIRA,3.0,
A,docente,Prof130,SEXTA-FEIRA,3.0,
A,docente,Prof131,SEGUNDA-FEIRA,0.0,
A,docente,Prof131,TERÇA-FEIRA,4.0,
A,docente,Prof131,QUARTA-FEIRA,2.0,
A,docente,Prof131,QUINTA-FEIRA,2.0,
A,docente,Prof131,SEXTA-FEIRA,0.0,
A,docente,Prof132,SEGUNDA-FEIRA,4.0,
A,docente,Prof132,TERÇA-FEIRA,4.0,
A,docente,Prof132,QUARTA-FEIRA,0.0,
A,docente,Prof132,QUINTA-FEIRA,2.0,
A,docente,Prof132,SEXTA-FEIRA,0.0,
A,docente,Prof133,SEGUNDA-FEIRA,4.0,
A,docente,Prof133,TERÇA-FEIRA,0.0,
A,docente,Prof133,QUARTA-FEIRA,0.0,
A,docente,Prof133,QUINTA-FEIRA,3.0,
A,docente,Prof133,SEXTA-FEIRA,0.0,
A,docente,Prof14,SEGUNDA-FEIRA,2.0,
A,docente,Prof14,TERÇA-FEIRA,0.0,
A,docente,Prof14,QUARTA-FEIRA,2.0,
A,docente,Prof14,QUINTA-FEIRA,0.0,
A,docente,Prof14,SEXTA-FEIRA,0.0,
A,docente,Prof15,SEGUNDA-FEIRA,0.0,
A,docente,Prof15,TERÇA-FEIRA,3.0,
A,docente,Prof15,QUARTA-FEIRA,2.0,
A,docente,Prof15,QUINTA-FEIRA,3.0,
A,docente,Prof15,SEXTA-FEIRA,0.0,
A,docente,Prof16,SEGUNDA-FEIRA,4.0,
A,docente,Prof16,TERÇA-FEIRA,0.0,
A,docente,Prof16,QUARTA-FEIRA,4.0,
A,docente,Prof16,QUINTA-FEIRA,0.0,
A,docente,Prof16,SEXTA-FEIRA,0.0,
A,docente,Prof17,SEGUNDA-FEIRA,0.0,
A,docente,Prof17,TERÇA-FEIRA,3.0,
A,docente,Prof17,QUARTA-FEIRA,0.0,
A,docente,Prof17,QUINTA-FEIRA,3.0,
A,docente,Prof17,SEXTA-FEIRA,4.0,
A,docente,Prof18,SEGUNDA-FEIRA,8.0,
A,docente,Prof18,TERÇA-FEIRA,0.0,
A,docente,Prof18,QUARTA-FEIRA,3.0,
A,docente,Prof18,QUINTA-FEIRA,0.0,
A,docente,Prof18,SEXTA-FEIRA,3.0,
A,docente,Prof19,SEGUNDA-FEIRA,0.0,
A,docente,Prof19,TERÇA-FEIRA,3.0,
A,docente,Prof19,QUARTA-FEIRA,3.0,
A,docente,Prof19,QUINTA-FEIRA,0.0,
A,docente,Prof19,SEXTA-FEIRA,0.0,
A,docente,Prof20,SEGUNDA-FEIRA,0.0,
A,docente,Prof20,TERÇA-FEIRA,6.0,
A,docente,Prof20,QUARTA-FEIRA,0.0,
A,docente,Prof20,QUINTA-FEIRA,6.0,
A,docente,Prof20,SEXTA-FEIRA,0.0,
A,docente,Prof21,SEGUNDA-FEIRA,5.0,
A,docente,Prof21,TERÇA-FEIRA,2.0,
A,docente,Prof21,QUARTA-FEIRA,3.0,
A,docente,Prof21,QUINTA-FEIRA,0.0,
A,docente,Prof21,SEXTA-FEIRA,0.0,
A,docente,Prof22,SEGUNDA-FEIRA,0.0,
A,docente,Prof22,TERÇA-FEIRA,3.0,
A,docente,Prof22,QUARTA-FEIRA,0.0,
A,docente,Prof22,QUINTA-FEIRA,3.0,
A,docente,Prof22,SEXTA-FEIRA,0.0,
A,docente,Prof23,SEGUNDA-FEIRA,0.0,
A,docente,Prof23,TERÇA-FEIRA,2.0,
A,docente,Prof23,QUARTA-FEIRA,0.0,
A,docente,Prof23,QUINTA-FEIRA,2.0,
A,docente,Prof23,SEXTA-FEIRA,0.0,
A,docente,Prof24,SEGUNDA-FEIRA,3.0,
A,docente,Prof24,TERÇA-FEIRA,4.0,
A,docente,Prof24,QUARTA-FEIRA,0.0,
A,docente,Prof24,QUINTA-FEIRA,3.0,
A,docente,Prof24,SEXTA-FEIRA,0.0,
A,docente,Prof25,SEGUNDA-FEIRA,4.0,
A,docente,Prof25,TERÇA-FEIRA,0.0,
A,docente,Prof25,QUARTA-FEIRA,3.0,
A,docente,Prof25,QUINTA-FEIRA,0.0,
A,docente,Prof25,SEXTA-FEIRA,3.0,
A,docente,Prof26,SEGUNDA-FEIRA,7.0,
A,docente,Prof26,TERÇA-FEIRA,0.0,
A,docente,Prof26,QUARTA-FEIRA,6.0,
A,docente,Prof26,QUINTA-FEIRA,0.0,
A,docente,Prof26,SEXTA-FEIRA,3.0,
A,docente,Prof27,SEGUNDA-FEIRA,0.0,
A,docente,Prof27,TERÇA-FEIRA,4.0,
A,docente,Prof27,QUARTA-FEIRA,0.0,
A,docente,Prof27,QUINTA-FEIRA,3.0,
A,docente,Prof27,SEXTA-FEIRA,0.0,
A,docente,Prof28,SEGUNDA-FEIRA,4.0,
A,docente,Prof28,TERÇA-FEIRA,4.0,
A,docente,Prof28,QUARTA-FEIRA,0.0,
A,docente,Prof28,QUINTA-FEIRA,0.0,
A,docente,Prof28,SEXTA-FEIRA,0.0,
A,docente,Prof29,SEGUNDA-FEIRA,3.0,
A,docente,Prof29,TERÇA-FEIRA,4.0,
A,docente,Prof29,QUARTA-FEIRA,0.0,
A,docente,Prof29,QUINTA-FEIRA,3.0,
A,docente,Prof29,SEXTA-FEIRA,0.0,
A,docente,Prof30,SEGUNDA-FEIRA,7.0,
A,docente,Prof30,TERÇA-FEIRA,4.0,
A,docente,Prof30,QUARTA-FEIRA,3.0,
A,docente,Prof30,QUINTA-FEIRA,3.0,
A,docente,Prof30,SEXTA-FEIRA,3.0,
A,docente,Prof31,SEGUNDA-FEIRA,5.0,
A,docente,Prof31,TERÇA-FEIRA,4.0,
A,docente,Prof31,QUARTA-FEIRA,3.0,
A,docente,Prof31,QUINTA-FEIRA,2.0,
A,docente,Prof31,SEXTA-FEIRA,0.0,
A,docente,Prof32,SEGUNDA-FEIRA,0.0,
A,docente,Prof32,TERÇA-FEIRA,4.0,
A,docente,Prof32,QUARTA-FEIRA,0.0,
A,docente,Prof32,QUINTA-FEIRA,3.0,
A,docente,Prof32,SEXTA-FEIRA,0.0,
A,docente,Prof33,SEGUNDA-FEIRA,3.0,
A,docente,Prof33,TERÇA-FEIRA,0.0,
A,docente,Prof33,QUARTA-FEIRA,3.0,
A,docente,Prof33,QUINTA-FEIRA,0.0,
A,docente,Prof33,SEXTA-FEIRA,0.0,
A,docente,Prof34,SEGUNDA-FEIRA,7.0,
A,docente,Prof34,TERÇA-FEIRA,0.0,
A,docente,Prof34,QUARTA-FEIRA,3.0,
A,docente,Prof34,QUINTA-FEIRA,3.0,
A,docente,Prof34,SEXTA-FEIRA,0.0,
A,docente,Prof35,SEGUNDA-FEIRA,3.0,
A,docente,Prof35,TERÇA-FEIRA,4.0,
A,docente,Prof35,QUARTA-FEIRA,0.0,
A,docente,Prof35,QUINTA-FEIRA,3.0,
A,docente,Prof35,SEXTA-FEIRA,0.0,
A,docente,Prof36,SEGUNDA-FEIRA,5.0,
A,docente,Prof36,TERÇA-FEIRA,4.0,
A,docente,Prof36,QUARTA-FEIRA,0.0,
A,docente,Prof36,QUINTA-FEIRA,5.0,
A,docente,Prof36,SEXTA-FEIRA,0.0,
A,docente,Prof37,SEGUNDA-FEIRA,0.0,
A,docente,Prof37,TERÇA-FEIRA,3.0,
A,docente,Prof37,QUARTA-FEIRA,0.0,
A,docente,Prof37,QUINTA-FEIRA,6.0,
A,docente,Prof37,SEXTA-FEIRA,0.0,
A,docente,Prof38,SEGUNDA-FEIRA,0.0,
A,docente,Prof38,TERÇA-FEIRA,3.0,
A,docente,Prof38,QUARTA-FEIRA,4.0,
A,docente,Prof38,QUINTA-FEIRA,6.0,
A,docente,Prof38,SEXTA-FEIRA,0.0,
A,docente,Prof39,SEGUNDA-FEIRA,0.0,
A,docente,Prof39,TERÇA-FEIRA,3.0,
A,docente,Prof39,QUARTA-FEIRA,3.0,
A,docente,Prof39,QUINTA-FEIRA,6.0,
A,docente,Prof39,SEXTA-FEIRA,3.0,
A,docente,Prof40,SEGUNDA-FEIRA,3.0,
A,docente,Prof40,TERÇA-FEIRA,7.0,
A,docente,Prof40,QUARTA-FEIRA,0.0,
A,docente,Prof40,QUINTA-FEIRA,3.0,
A,docente,Prof40,SEXTA-FEIRA,3.0,
A,docente,Prof41,SEGUNDA-FEIRA,0.0,
A,docente,Prof41,TERÇA-FEIRA,3.0,
A,docente,Prof41,QUARTA-FEIRA,0.0,
A,docente,Prof41,QUINTA-FEIRA,6.0,
A,docente,Prof41,SEXTA-FEIRA,0.0,
A,docente,Prof42,SEGUNDA-FEIRA,0.0,
A,docente,Prof42,TERÇA-FEIRA,0.0,
A,docente,Prof42,QUARTA-FEIRA,3.0,
A,docente,Prof42,QUINTA-FEIRA,0.0,
A,docente,Prof42,SEXTA-FEIRA,0.0,
A,docente,Prof43,SEGUNDA-FEIRA,2.0,
A,docente,Prof43,TERÇA-FEIRA,6.0,
A,docente,Prof43,QUARTA-FEIRA,0.0,
A,docente,Prof43,QUINTA-FEIRA,0.0,
A,docente,Prof43,SEXTA-FEIRA,0.0,
A,docente,Prof44,SEGUNDA-FEIRA,2.0,
A,docente,Prof44,TERÇA-FEIRA,0.0,
A,docente,Prof44,QUARTA-FEIRA,2.0,
A,docente,Prof44,QUINTA-FEIRA,0.0,
A,docente,Prof44,SEXTA-FEIRA,0.0,
A,docente,Prof45,SEGUNDA-FEIRA,4.0,
A,docente,Prof45,TERÇA-FEIRA,0.0,
A,docente,Prof45,QUARTA-FEIRA,3.0,
A,docente,Prof45,QUINTA-FEIRA,2.0,
A,docente,Prof45,SEXTA-FEIRA,3.0,
A,docente,Prof46,SEGUNDA-FEIRA,0.0,
A,docente,Prof46,TERÇA-FEIRA,0.0,
A,docente,Prof46,QUARTA-FEIRA,4.0,
A,docente,Prof46,QUINTA-FEIRA,2.0,
A,docente,Prof46,SEXTA-FEIRA,2.0,
A,docente,Prof47,SEGUNDA-FEIRA,4.0,
A,docente,Prof47,TERÇA-FEIRA,0.0,
A,docente,Prof47,QUARTA-FEIRA,2.0,
A,docente,Prof47,QUINTA-FEIRA,4.0,
A,docente,Prof47,SEXTA-FEIRA,0.0,
A,docente,Prof48,SEGUNDA-FEIRA,4.0,
A,docente,Prof48,TERÇA-FEIRA,3.0,
A,docente,Prof48,QUARTA-FEIRA,0.0,
A,docente,Prof48,QUINTA-FEIRA,6.0,
A,docente,Prof48,SEXTA-FEIRA,0.0,
A,docente,Prof49,SEGUNDA-FEIRA,0.0,
A,docente,Prof49,TERÇA-FEIRA,0.0,
A,docente,Prof49,QUARTA-FEIRA,2.0,
A,docente,Prof49,QUINTA-FEIRA,0.0,
A,docente,Prof49,SEXTA-FEIRA,2.0,
A,docente,Prof50,SEGUNDA-FEIRA,0.0,
A,docente,Prof50,TERÇA-FEIRA,2.0,
A,docente,Prof50,QUARTA-FEIRA,0.0,
A,docente,Prof50,QUINTA-FEIRA,0.0,
A,docente,Prof50,SEXTA-FEIRA,0.0,
A,docente,Prof51,SEGUNDA-FEIRA,0.0,
A,docente,Prof51,TERÇA-FEIRA,0.0,
A,docente,Prof51,QUARTA-FEIRA,0.0,
A,docente,Prof51,QUINTA-FEIRA,2.0,
A,docente,Prof51,SEXTA-FEIRA,0.0,
A,docente,Prof52,SEGUNDA-FEIRA,2.0,
A,docente,Prof52,TERÇA-FEIRA,0.0,
A,docente,Prof52,QUARTA-FEIRA,2.0,
A,docente,Prof52,QUINTA-FEIRA,0.0,
A,docente,Prof52,SEXTA-FEIRA,0.0,
A,docente,Prof53,SEGUNDA-FEIRA,4.0,
A,docente,Prof53,TERÇA-FEIRA,0.0,
A,docente,Prof53,QUARTA-FEIRA,0.0,
A,docente,Prof53,QUINTA-FEIRA,0.0,
A,docente,Prof53,SEXTA-FEIRA,0.0,
A,docente,Prof54,SEGUNDA-FEIRA,2.0,
A,docente,Prof54,TERÇA-FEIRA,4.0,
A,docente,Prof54,QUARTA-FEIRA,0.0,
A,docente,Prof54,QUINTA-FEIRA,2.0,
A,docente,Prof54,SEXTA-FEIRA,0.0,
A,docente,Prof55,SEGUNDA-FEIRA,2.0,
A,docente,Prof55,TERÇA-FEIRA,4.0,
A,docente,Prof55,QUARTA-FEIRA,4.0,
A,docente,Prof55,QUINTA-FEIRA,0.0,
A,docente,Prof55,SEXTA-FEIRA,0.0,
A,docente,Prof56,SEGUNDA-FEIRA,0.0,
A,docente,Prof56,TERÇA-FEIRA,0.0,
A,docente,Prof56,QUARTA-FEIRA,4.0,
A,docente,Prof56,QUINTA-FEIRA,2.0,
A,docente,Prof56,SEXTA-FEIRA,0.0,
A,docente,Prof57,SEGUNDA-FEIRA,3.0,
A,docente,Prof57,TERÇA-FEIRA,0.0,
A,docente,Prof57,QUARTA-FEIRA,0.0,
A,docente,Prof57,QUINTA-FEIRA,0.0,
A,docente,Prof57,SEXTA-FEIRA,0.0,
A,docente,Prof58,SEGUNDA-FEIRA,0.0,
A,docente,Prof58,TERÇA-FEIRA,2.0,
A,docente,Prof58,QUARTA-FEIRA,0.0,
A,docente,Prof58,QUINTA-FEIRA,0.0,
A,docente,Prof58,SEXTA-FEIRA,0.0,
A,docente,Prof59,SEGUNDA-FEIRA,0.0,
A,docente,Prof59,TERÇA-FEIRA,0.0,
A,docente,Prof59,QUARTA-FEIRA,0.0,
A,docente,Prof59,QUINTA-FEIRA,0.0,
A,docente,Prof59,SEXTA-FEIRA,4.0,
A,docente,Prof60,SEGUNDA-FEIRA,4.0,
A,docente,Prof60,TERÇA-FEIRA,0.0,
A,docente,Prof60,QUARTA-FEIRA,0.0,
A,docente,Prof60,QUINTA-FEIRA,0.0,
A,docente,Prof60,SEXTA-FEIRA,0.0,
A,docente,Prof61,SEGUNDA-FEIRA,0.0,
A,docente,Prof61,TERÇA-FEIRA,6.0,
A,docente,Prof61,QUARTA-FEIRA,0.0,
A,docente,Prof61,QUINTA-FEIRA,3.0,
A,docente,Prof61,SEXTA-FEIRA,3.0,
A,docente,Prof62,SEGUNDA-FEIRA,0.0,
A,docente,Prof62,TERÇA-FEIRA,3.0,
A,docente,Prof62,QUARTA-FEIRA,0.0,
A,docente,Prof62,QUINTA-FEIRA,6.0,
A,docente,Prof62,SEXTA-FEIRA,3.0,
A,docente,Prof63,SEGUNDA-FEIRA,0.0,
A,docente,Prof63,TERÇA-FEIRA,0.0,
A,docente,Prof63,QUARTA-FEIRA,3.0,
A,docente,Prof63,QUINTA-FEIRA,0.0,
A,docente,Prof63,SEXTA-FEIRA,0.0,
A,docente,Prof64,SEGUNDA-FEIRA,0.0,
A,docente,Prof64,TERÇA-FEIRA,3.0,
A,docente,Prof64,QUARTA-FEIRA,3.0,
A,docente,Prof64,QUINTA-FEIRA,0.0,
A,docente,Prof64,SEXTA-FEIRA,0.0,
A,docente,Prof65,SEGUNDA-FEIRA,0.0,
A,docente,Prof65,TERÇA-FEIRA,0.0,
A,docente,Prof65,QUARTA-FEIRA,0.0,
A,docente,Prof65,QUINTA-FEIRA,2.0,
A,docente,Prof65,SEXTA-FEIRA,0.0,
A,docente,Prof66,SEGUNDA-FEIRA,0.0,
A,docente,Prof66,TERÇA-FEIRA,0.0,
A,docente,Prof66,QUARTA-FEIRA,2.0,
A,docente,Prof66,QUINTA-FEIRA,0.0,
A,docente,Prof66,SEXTA-FEIRA,2.0,
A,docente,Prof67,SEGUNDA-FEIRA,0.0,
A,docente,Prof67,TERÇA-FEIRA,3.0,
A,docente,Prof67,QUARTA-FEIRA,0.0,
A,docente,Prof67,QUINTA-FEIRA,3.0,
A,docente,Prof67,SEXTA-FEIRA,0.0,
A,docente,Prof68,SEGUNDA-FEIRA,0.0,
A,docente,Prof68,TERÇA-FEIRA,0.0,
A,docente,Prof68,QUARTA-FEIRA,0.0,
A,docente,Prof68,QUINTA-FEIRA,0.0,
A,docente,Prof68,SEXTA-FEIRA,4.0,
A,docente,Prof69,SEGUNDA-FEIRA,2.0,
A,docente,Prof69,TERÇA-FEIRA,0.0,
A,docente,Prof69,QUARTA-FEIRA,0.0,
A,docente,Prof69,QUINTA-FEIRA,0.0,
A,docente,Prof69,SEXTA-FEIRA,0.0,
A,docente,Prof70,SEGUNDA-FEIRA,4.0,
A,docente,Prof70,TERÇA-FEIRA,0.0,
A,docente,Prof70,QUARTA-FEIRA,3.0,
A,docente,Prof70,QUINTA-FEIRA,0.0,
A,docente,Prof70,SEXTA-FEIRA,3.0,
A,docente,Prof71,SEGUNDA-FEIRA,0.0,
A,docente,Prof71,TERÇA-FEIRA,4.0,
A,docente,Prof71,QUARTA-FEIRA,0.0,
A,docente,Prof71,QUINTA-FEIRA,4.0,
A,docente,Prof71,SEXTA-FEIRA,0.0,
A,docente,Prof72,SEGUNDA-FEIRA,6.0,
A,docente,Prof72,TERÇA-FEIRA,0.0,
A,docente,Prof72,QUARTA-FEIRA,3.0,
A,docente,Prof72,QUINTA-FEIRA,0.0,
A,docente,Prof72,SEXTA-FEIRA,3.0,
A,docente,Prof73,SEGUNDA-FEIRA,0.0,
A,docente,Prof73,TERÇA-FEIRA,4.0,
A,docente,Prof73,QUARTA-FEIRA,0.0,
A,docente,Prof73,QUINTA-FEIRA,4.0,
A,docente,Prof73,SEXTA-FEIRA,0.0,
A,docente,Prof74,SEGUNDA-FEIRA,4.0,
A,docente,Prof74,TERÇA-FEIRA,0.0,
A,docente,Prof74,QUARTA-FEIRA,3.0,
A,docente,Prof74,QUINTA-FEIRA,0.0,
A,docente,Prof74,SEXTA-FEIRA,3.0,
A,docente,Prof75,SEGUNDA-FEIRA,3.0,
A,docente,Prof75,TERÇA-FEIRA,3.0,
A,docente,Prof75,QUARTA-FEIRA,0.0,
A,docente,Prof75,QUINTA-FEIRA,3.0,
A,docente,Prof75,SEXTA-FEIRA,3.0,
A,docente,Prof76,SEGUNDA-FEIRA,0.0,
A,docente,Prof76,TERÇA-FEIRA,3.0,
A,docente,Prof76,QUARTA-FEIRA,0.0,
A,docente,Prof76,QUINTA-FEIRA,3.0,
A,docente,Prof76,SEXTA-FEIRA,0.0,
A,docente,Prof77,SEGUNDA-FEIRA,6.0,
A,docente,Prof77,TERÇA-FEIRA,0.0,
A,docente,Prof77,QUARTA-FEIRA,3.0,
A,docente,Prof77,QUINTA-FEIRA,0.0,
A,docente,Prof77,SEXTA-FEIRA,3.0,
A,docente,Prof78,SEGUNDA-FEIRA,0.0,
A,docente,Prof78,TERÇA-FEIRA,4.0,
A,docente,Prof78,QUARTA-FEIRA,0.0,
A,docente,Prof78,QUINTA-FEIRA,3.0,
A,docente,Prof78,SEXTA-FEIRA,3.0,
A,docente,Prof79,SEGUNDA-FEIRA,3.0,
A,docente,Prof79,TERÇA-FEIRA,0.0,
A,docente,Prof79,QUARTA-FEIRA,3.0,
A,docente,Prof79,QUINTA-FEIRA,0.0,
A,docente,Prof79,SEXTA-FEIRA,3.0,
A,docente,Prof80,SEGUNDA-FEIRA,0.0,
A,docente,Prof80,TERÇA-FEIRA,5.0,
A,docente,Prof80,QUARTA-FEIRA,0.0,
A,docente,Prof80,QUINTA-FEIRA,5.0,
A,docente,Prof80,SEXTA-FEIRA,0.0,
A,docente,Prof81,SEGUNDA-FEIRA,0.0,
A,docente,Prof81,TERÇA-FEIRA,0.0,
A,docente,Prof81,QUARTA-FEIRA,3.0,
A,docente,Prof81,QUINTA-FEIRA,0.0,
A,docente,Prof81,SEXTA-FEIRA,0.0,
A,docente,Prof82,SEGUNDA-FEIRA,0.0,
A,docente,Prof82,TERÇA-FEIRA,0.0,
A,docente,Prof82,QUARTA-FEIRA,4.0,
A,docente,Prof82,QUINTA-FEIRA,0.0,
A,docente,Prof82,SEXTA-FEIRA,0.0,
A,docente,Prof83,SEGUNDA-FEIRA,0.0,
A,docente,Prof83,TERÇA-FEIRA,3.0,
A,docente,Prof83,QUARTA-FEIRA,0.0,
A,docente,Prof83,QUINTA-FEIRA,4.0,
A,docente,Prof83,SEXTA-FEIRA,0.0,
A,docente,Prof84,SEGUNDA-FEIRA,0.0,
A,docente,Prof84,TERÇA-FEIRA,2.0,
A,docente,Prof84,QUARTA-FEIRA,0.0,
A,docente,Prof84,QUINTA-FEIRA,2.0,
A,docente,Prof84,SEXTA-FEIRA,0.0,
A,docente,Prof85,SEGUNDA-FEIRA,4.0,
A,docente,Prof85,TERÇA-FEIRA,0.0,
A,docente,Prof85,QUARTA-FEIRA,3.0,
A,docente,Prof85,QUINTA-FEIRA,0.0,
A,docente,Prof85,SEXTA-FEIRA,3.0,
A,docente,Prof86,SEGUNDA-FEIRA,3.0,
A,docente,Prof86,TERÇA-FEIRA,4.0,
A,docente,Prof86,QUARTA-FEIRA,0.0,
A,docente,Prof86,QUINTA-FEIRA,3.0,
A,docente,Prof86,SEXTA-FEIRA,0.0,
A,docente,Prof87,SEGUNDA-FEIRA,0.0,
A,docente,Prof87,TERÇA-FEIRA,4.0,
A,docente,Prof87,QUARTA-FEIRA,7.0,
A,docente,Prof87,QUINTA-FEIRA,7.0,
A,docente,Prof87,SEXTA-FEIRA,0.0,
A,docente,Prof88,SEGUNDA-FEIRA,2.0,
A,docente,Prof88,TERÇA-FEIRA,6.0,
A,docente,Prof88,QUARTA-FEIRA,0.0,
A,docente,Prof88,QUINTA-FEIRA,4.0,
A,docente,Prof88,SEXTA-FEIRA,0.0,
A,docente,Prof89,SEGUNDA-FEIRA,0.0,
A,docente,Prof89,TERÇA-FEIRA,0.0,
A,docente,Prof89,QUARTA-FEIRA,0.0,
A,docente,Prof89,QUINTA-FEIRA,3.0,
A,docente,Prof89,SEXTA-FEIRA,0.0,
A,docente,Prof90,SEGUNDA-FEIRA,4.0,
A,docente,Prof90,TERÇA-FEIRA,0.0,
A,docente,Prof90,QUARTA-FEIRA,3.0,
A,docente,Prof90,QUINTA-FEIRA,0.0,
A,docente,Prof90,SEXTA-FEIRA,3.0,
A,docente,Prof91,SEGUNDA-FEIRA,4.0,
A,docente,Prof91,TERÇA-FEIRA,0.0,
A,docente,Prof91,QUARTA-FEIRA,3.0,
A,docente,Prof91,QUINTA-FEIRA,0.0,
A,docente,Prof91,SEXTA-FEIRA,3.0,
A,docente,Prof92,SEGUNDA-FEIRA,0.0,
A,docente,Prof92,TERÇA-FEIRA,0.0,
A,docente,Prof92,QUARTA-FEIRA,2.0,
A,docente,Prof92,QUINTA-FEIRA,0.0,
A,docente,Prof92,SEXTA-FEIRA,2.0,
A,docente,Prof93,SEGUNDA-FEIRA,3.0,
A,docente,Prof93,TERÇA-FEIRA,0.0,
A,docente,Prof93,QUARTA-FEIRA,3.0,
A,docente,Prof93,QUINTA-FEIRA,0.0,
A,docente,Prof93,SEXTA-FEIRA,3.0,
B,etapa_aluno,ARQU/1,SEGUNDA-FEIRA,7.0,"ARQ01001:B, ARQ01044:B, ARQ01045:D, ARQ01046:C, ARQ03004:D, ARQ03006:A"
B,etapa_aluno,ARQU/1,TERÇA-FEIRA,3.0,"ARQ01001:B, ARQ01044:B, ARQ01045:D, ARQ01046:C, ARQ03004:D, ARQ03006:A"
B,etapa_aluno,ARQU/1,QUARTA-FEIRA,6.0,"ARQ01001:B, ARQ01044:B, ARQ01045:D, ARQ01046:C, ARQ03004:D, ARQ03006:A"
B,etapa_aluno,ARQU/1,QUINTA-FEIRA,5.0,"ARQ01001:B, ARQ01044:B, ARQ01045:D, ARQ01046:C, ARQ03004:D, ARQ03006:A"
B,etapa_aluno,ARQU/1,SEXTA-FEIRA,3.0,"ARQ01001:B, ARQ01044:B, ARQ01045:D, ARQ01046:C, ARQ03004:D, ARQ03006:A"
B,etapa_aluno,ARQU/2,SEGUNDA-FEIRA,6.0,"ARQ01003:B, ARQ01047:B, ARQ01049:D, ARQ01075:A, ARQ02020:A, ENG01139:B"
B,etapa_aluno,ARQU/2,TERÇA-FEIRA,5.0,"ARQ01003:B, ARQ01047:B, ARQ01049:D, ARQ01075:A, ARQ02020:A, ENG01139:B"
B,etapa_aluno,ARQU/2,QUARTA-FEIRA,5.0,"ARQ01003:B, ARQ01047:B, ARQ01049:D, ARQ01075:A, ARQ02020:A, ENG01139:B"
B,etapa_aluno,ARQU/2,QUINTA-FEIRA,5.0,"ARQ01003:B, ARQ01047:B, ARQ01049:D, ARQ01075:A, ARQ02020:A, ENG01139:B"
B,etapa_aluno,ARQU/2,SEXTA-FEIRA,5.0,"ARQ01003:B, ARQ01047:B, ARQ01049:D, ARQ01075:A, ARQ02020:A, ENG01139:B"
B,etapa_aluno,ARQU/3,SEGUNDA-FEIRA,7.0,"ARQ01004:B, ARQ01005:A, ARQ01007:C, ARQ01076:D, ARQ01085:A, ARQ01087:A, ENG01169:A"
B,etapa_aluno,ARQU/3,TERÇA-FEIRA,6.0,"ARQ01004:B, ARQ01005:A, ARQ01007:C, ARQ01076:D, ARQ01085:A, ARQ01087:A, ENG01169:A"
B,etapa_aluno,ARQU/3,QUARTA-FEIRA,5.0,"ARQ01004:B, ARQ01005:A, ARQ01007:C, ARQ01076:D, ARQ01085:A, ARQ01087:A, ENG01169:A"
B,etapa_aluno,ARQU/3,QUINTA-FEIRA,4.0,"ARQ01004:B, ARQ01005:A, ARQ01007:C, ARQ01076:D, ARQ01085:A, ARQ01087:A, ENG01169:A"
B,etapa_aluno,ARQU/3,SEXTA-FEIRA,8.0,"ARQ01004:B, ARQ01005:A, ARQ01007:C, ARQ01076:D, ARQ01085:A, ARQ01087:A, ENG01169:A"
B,etapa_aluno,ARQU/4,SEGUNDA-FEIRA,6.0,"ARQ01008:C, ARQ01086:A, ARQ02201:B, ENG01171:U, IPH02045:B, IPH02046:B"
B,etapa_aluno,ARQU/4,TERÇA-FEIRA,4.0,"ARQ01008:C, ARQ01086:A, ARQ02201:B, ENG01171:U, IPH02045:B, IPH02046:B"
B,etapa_aluno,ARQU/4,QUARTA-FEIRA,5.0,"ARQ01008:C, ARQ01086:A, ARQ02201:B, ENG01171:U, IPH02045:B, IPH02046:B"
B,etapa_aluno,ARQU/4,QUINTA-FEIRA,6.0,"ARQ01008:C, ARQ01086:A, ARQ02201:B, ENG01171:U, IPH02045:B, IPH02046:B"
B,etapa_aluno,ARQU/4,SEXTA-FEIRA,5.0,"ARQ01008:C, ARQ01086:A, ARQ02201:B, ENG01171:U, IPH02045:B, IPH02046:B"
B,etapa_aluno,ARQU/5,SEGUNDA-FEIRA,5.0,"ARQ01009:B, ARQ01094:A, ARQ02001:B, ENG01172:U"
B,etapa_aluno,ARQU/5,TERÇA-FEIRA,5.0,"ARQ01009:B, ARQ01094:A, ARQ02001:B, ENG01172:U"
B,etapa_aluno,ARQU/5,QUARTA-FEIRA,2.0,"ARQ01009:B, ARQ01094:A, ARQ02001:B, ENG01172:U"
B,etapa_aluno,ARQU/5,QUINTA-FEIRA,4.0,"ARQ01009:B, ARQ01094:A, ARQ02001:B, ENG01172:U"
B,etapa_aluno,ARQU/5,SEXTA-FEIRA,4.0,"ARQ01009:B, ARQ01094:A, ARQ02001:B, ENG01172:U"
B,etapa_aluno,ARQU/6,SEGUNDA-FEIRA,5.0,"ARQ01011:A, ARQ01088:A, ARQ02002:A, ENG01173:U, ENG01176:A"
B,etapa_aluno,ARQU/6,TERÇA-FEIRA,2.0,"ARQ01011:A, ARQ01088:A, ARQ02002:A, ENG01173:U, ENG01176:A"
B,etapa_aluno,ARQU/6,QUARTA-FEIRA,4.0,"ARQ01011:A, ARQ01088:A, ARQ02002:A, ENG01173:U, ENG01176:A"
B,etapa_aluno,ARQU/6,QUINTA-FEIRA,5.0,"ARQ01011:A, ARQ01088:A, ARQ02002:A, ENG01173:U, ENG01176:A"
B,etapa_aluno,ARQU/6,SEXTA-FEIRA,10.0,"ARQ01011:A, ARQ01088:A, ARQ02002:A, ENG01173:U, ENG01176:A"
B,etapa_aluno,ARQU/7,SEGUNDA-FEIRA,6.0,"ARQ01013:D, ARQ01073:A, ARQ02003:C, ARQ02213:A, ENG01174:U, ENG03015:B"
B,etapa_aluno,ARQU/7,TERÇA-FEIRA,6.0,"ARQ01013:D, ARQ01073:A, ARQ02003:C, ARQ02213:A, ENG01174:U, ENG03015:B"
B,etapa_aluno,ARQU/7,QUARTA-FEIRA,5.0,"ARQ01013:D, ARQ01073:A, ARQ02003:C, ARQ02213:A, ENG01174:U, ENG03015:B"
B,etapa_aluno,ARQU/7,QUINTA-FEIRA,7.0,"ARQ01013:D, ARQ01073:A, ARQ02003:C, ARQ02213:A, ENG01174:U, ENG03015:B"
B,etapa_aluno,ARQU/7,SEXTA-FEIRA,7.0,"ARQ01013:D, ARQ01073:A, ARQ02003:C, ARQ02213:A, ENG01174:U, ENG03015:B"
B,etapa_aluno,ARQU/8,SEGUNDA-FEIRA,10.0,"ARQ01016:C, ARQ01017:U, ARQ01089:B, ARQ01090:F1, ARQ02004:C, ARQ02005:A, ENG01175:U"
B,etapa_aluno,ARQU/8,TERÇA-FEIRA,6.0,"ARQ01016:C, ARQ01017:U, ARQ01089:B, ARQ01090:F1, ARQ02004:C, ARQ02005:A, ENG01175:U"
B,etapa_aluno,ARQU/8,QUARTA-FEIRA,6.0,"ARQ01016:C, ARQ01017:U, ARQ01089:B, ARQ01090:F1, ARQ02004:C, ARQ02005:A, ENG01175:U"
B,etapa_aluno,ARQU/8,QUINTA-FEIRA,3.0,"ARQ01016:C, ARQ01017:U, ARQ01089:B, ARQ01090:F1, ARQ02004:C, ARQ02005:A, ENG01175:U"
B,etapa_aluno,ARQU/8,SEXTA-FEIRA,5.0,"ARQ01016:C, ARQ01017:U, ARQ01089:B, ARQ01090:F1, ARQ02004:C, ARQ02005:A, ENG01175:U"
B,etapa_aluno,ARQU/9,SEGUNDA-FEIRA,4.0,"ARQ01018:A, ARQ01020:B, ARQ01091:J2, ARQ01099:A, ARQ02006:B"
B,etapa_aluno,ARQU/9,TERÇA-FEIRA,6.0,"ARQ01018:A, ARQ01020:B, ARQ01091:J2, ARQ01099:A, ARQ02006:B"
B,etapa_aluno,ARQU/9,QUARTA-FEIRA,5.0,"ARQ01018:A, ARQ01020:B, ARQ01091:J2, ARQ01099:A, ARQ02006:B"
B,etapa_aluno,ARQU/9,QUINTA-FEIRA,5.0,"ARQ01018:A, ARQ01020:B, ARQ01091:J2, ARQ01099:A, ARQ02006:B"
B,etapa_aluno,ARQU/9,SEXTA-FEIRA,4.0,"ARQ01018:A, ARQ01020:B, ARQ01091:J2, ARQ01099:A, ARQ02006:B"
B,etapa_aluno,DPRO/1,SEGUNDA-FEIRA,4.0,"ARQ03062:A, ARQ03063:A, ARQ03064:A, ARQ03066:A, ARQ03318:MM"
B,etapa_aluno,DPRO/1,TERÇA-FEIRA,4.0,"ARQ03062:A, ARQ03063:A, ARQ03064:A, ARQ03066:A, ARQ03318:MM"
B,etapa_aluno,DPRO/1,QUARTA-FEIRA,4.0,"ARQ03062:A, ARQ03063:A, ARQ03064:A, ARQ03066:A, ARQ03318:MM"
B,etapa_aluno,DPRO/1,QUINTA-FEIRA,2.0,"ARQ03062:A, ARQ03063:A, ARQ03064:A, ARQ03066:A, ARQ03318:MM"
B,etapa_aluno,DPRO/1,SEXTA-FEIRA,4.0,"ARQ03062:A, ARQ03063:A, ARQ03064:A, ARQ03066:A, ARQ03318:MM"
B,etapa_aluno,DPRO/2,SEGUNDA-FEIRA,0.0,"ARQ03065:A, ARQ03067:AA, ARQ03111:A, ARQ03149:A"
B,etapa_aluno,DPRO/2,TERÇA-FEIRA,2.0,"ARQ03065:A, ARQ03067:AA, ARQ03111:A, ARQ03149:A"
B,etapa_aluno,DPRO/2,QUARTA-FEIRA,4.0,"ARQ03065:A, ARQ03067:AA, ARQ03111:A, ARQ03149:A"
B,etapa_aluno,DPRO/2,QUINTA-FEIRA,4.0,"ARQ03065:A, ARQ03067:AA, ARQ03111:A, ARQ03149:A"
B,etapa_aluno,DPRO/2,SEXTA-FEIRA,4.0,"ARQ03065:A, ARQ03067:AA, ARQ03111:A, ARQ03149:A"
B,etapa_aluno,DPRO/3,SEGUNDA-FEIRA,4.0,"ARQ03071:B, ARQ03098:A, ARQ03112:A, ARQ03139:B"
B,etapa_aluno,DPRO/3,TERÇA-FEIRA,2.0,"ARQ03071:B, ARQ03098:A, ARQ03112:A, ARQ03139:B"
B,etapa_aluno,DPRO/3,QUARTA-FEIRA,2.0,"ARQ03071:B, ARQ03098:A, ARQ03112:A, ARQ03139:B"
B,etapa_aluno,DPRO/3,QUINTA-FEIRA,4.0,"ARQ03071:B, ARQ03098:A, ARQ03112:A, ARQ03139:B"
B,etapa_aluno,DPRO/3,SEXTA-FEIRA,2.0,"ARQ03071:B, ARQ03098:A, ARQ03112:A, ARQ03139:B"
B,etapa_aluno,DPRO/4,SEGUNDA-FEIRA,3.0,"ARQ03072:A, ARQ03092:A, ARQ03114:A, ARQ03140:A"
B,etapa_aluno,DPRO/4,TERÇA-FEIRA,2.0,"ARQ03072:A, ARQ03092:A, ARQ03114:A, ARQ03140:A"
B,etapa_aluno,DPRO/4,QUARTA-FEIRA,2.0,"ARQ03072:A, ARQ03092:A, ARQ03114:A, ARQ03140:A"
B,etapa_aluno,DPRO/4,QUINTA-FEIRA,3.0,"ARQ03072:A, ARQ03092:A, ARQ03114:A, ARQ03140:A"
B,etapa_aluno,DPRO/4,SEXTA-FEIRA,3.0,"ARQ03072:A, ARQ03092:A, ARQ03114:A, ARQ03140:A"
B,etapa_aluno,DPRO/5,SEGUNDA-FEIRA,4.0,"ARQ03077:A, ARQ03079:A, ARQ03080:A, ARQ03138:A, ENG03019:C"
B,etapa_aluno,DPRO/5,TERÇA-FEIRA,3.0,"ARQ03077:A, ARQ03079:A, ARQ03080:A, ARQ03138:A, ENG03019:C"
B,etapa_aluno,DPRO/5,QUARTA-FEIRA,3.0,"ARQ03077:A, ARQ03079:A, ARQ03080:A, ARQ03138:A, ENG03019:C"
B,etapa_aluno,DPRO/5,QUINTA-FEIRA,3.0,"ARQ03077:A, ARQ03079:A, ARQ03080:A, ARQ03138:A, ENG03019:C"
B,etapa_aluno,DPRO/5,SEXTA-FEIRA,4.0,"ARQ03077:A, ARQ03079:A, ARQ03080:A, ARQ03138:A, ENG03019:C"
B,etapa_aluno,DPRO/6,SEGUNDA-FEIRA,4.0,"ARQ03081:B, ARQ03082:A"
B,etapa_aluno,DPRO/6,TERÇA-FEIRA,0.0,"ARQ03081:B, ARQ03082:A"
B,etapa_aluno,DPRO/6,QUARTA-FEIRA,3.0,"ARQ03081:B, ARQ03082:A"
B,etapa_aluno,DPRO/6,QUINTA-FEIRA,3.0,"ARQ03081:B, ARQ03082:A"
B,etapa_aluno,DPRO/6,SEXTA-FEIRA,0.0,"ARQ03081:B, ARQ03082:A"
B,etapa_aluno,DPRO/7,SEGUNDA-FEIRA,4.0,"ARQ03083:A, ARQ03085:A, ARQ03129:A, ENG03040:U"
B,etapa_aluno,DPRO/7,TERÇA-FEIRA,3.0,"ARQ03083:A, ARQ03085:A, ARQ03129:A, ENG03040:U"
B,etapa_aluno,DPRO/7,QUARTA-FEIRA,3.0,"ARQ03083:A, ARQ03085:A, ARQ03129:A, ENG03040:U"
B,etapa_aluno,DPRO/7,QUINTA-FEIRA,4.0,"ARQ03083:A, ARQ03085:A, ARQ03129:A, ENG03040:U"
B,etapa_aluno,DPRO/7,SEXTA-FEIRA,4.0,"ARQ03083:A, ARQ03085:A, ARQ03129:A, ENG03040:U"
B,etapa_aluno,DPRO/8,SEGUNDA-FEIRA,3.0,ARQ03086:A
B,etapa_aluno,DPRO/8,TERÇA-FEIRA,0.0,ARQ03086:A
B,etapa_aluno,DPRO/8,QUARTA-FEIRA,3.0,ARQ03086:A
B,etapa_aluno,DPRO/8,QUINTA-FEIRA,0.0,ARQ03086:A
B,etapa_aluno,DPRO/8,SEXTA-FEIRA,0.0,ARQ03086:A
B,etapa_aluno,DPRO/9,SEGUNDA-FEIRA,0.0,"ARQ03090:A, ARQ03091:A"
B,etapa_aluno,DPRO/9,TERÇA-FEIRA,3.0,"ARQ03090:A, ARQ03091:A"
B,etapa_aluno,DPRO/9,QUARTA-FEIRA,2.0,"ARQ03090:A, ARQ03091:A"
B,etapa_aluno,DPRO/9,QUINTA-FEIRA,0.0,"ARQ03090:A, ARQ03091:A"
B,etapa_aluno,DPRO/9,SEXTA-FEIRA,3.0,"ARQ03090:A, ARQ03091:A"
B,etapa_aluno,DVIS/1,SEGUNDA-FEIRA,4.0,"ARQ03062:A, ARQ03063:B, ARQ03064:A, ARQ03066:B, ARQ03318:II"
B,etapa_aluno,DVIS/1,TERÇA-FEIRA,4.0,"ARQ03062:A, ARQ03063:B, ARQ03064:A, ARQ03066:B, ARQ03318:II"
B,etapa_aluno,DVIS/1,QUARTA-FEIRA,4.0,"ARQ03062:A, ARQ03063:B, ARQ03064:A, ARQ03066:B, ARQ03318:II"
B,etapa_aluno,DVIS/1,QUINTA-FEIRA,4.0,"ARQ03062:A, ARQ03063:B, ARQ03064:A, ARQ03066:B, ARQ03318:II"
B,etapa_aluno,DVIS/1,SEXTA-FEIRA,2.0,"ARQ03062:A, ARQ03063:B, ARQ03064:A, ARQ03066:B, ARQ03318:II"
B,etapa_aluno,DVIS/2,SEGUNDA-FEIRA,4.0,"ARQ03065:A, ARQ03067:AA, ARQ03095:AA, ARQ03111:A, ARQ03113:A, ARQ03150:B"
B,etapa_aluno,DVIS/2,TERÇA-FEIRA,4.0,"ARQ03065:A, ARQ03067:AA, ARQ03095:AA, ARQ03111:A, ARQ03113:A, ARQ03150:B"
B,etapa_aluno,DVIS/2,QUARTA-FEIRA,4.0,"ARQ03065:A, ARQ03067:AA, ARQ03095:AA, ARQ03111:A, ARQ03113:A, ARQ03150:B"
B,etapa_aluno,DVIS/2,QUINTA-FEIRA,4.0,"ARQ03065:A, ARQ03067:AA, ARQ03095:AA, ARQ03111:A, ARQ03113:A, ARQ03150:B"
B,etapa_aluno,DVIS/2,SEXTA-FEIRA,3.0,"ARQ03065:A, ARQ03067:AA, ARQ03095:AA, ARQ03111:A, ARQ03113:A, ARQ03150:B"
B,etapa_aluno,DVIS/3,SEGUNDA-FEIRA,4.0,"ARQ03070:B, ARQ03071:B, ARQ03098:B, ARQ03112:A, ARQ03139:B, ARQ03148:A"
B,etapa_aluno,DVIS/3,TERÇA-FEIRA,4.0,"ARQ03070:B, ARQ03071:B, ARQ03098:B, ARQ03112:A, ARQ03139:B, ARQ03148:A"
B,etapa_aluno,DVIS/3,QUARTA-FEIRA,4.0,"ARQ03070:B, ARQ03071:B, ARQ03098:B, ARQ03112:A, ARQ03139:B, ARQ03148:A"
B,etapa_aluno,DVIS/3,QUINTA-FEIRA,4.0,"ARQ03070:B, ARQ03071:B, ARQ03098:B, ARQ03112:A, ARQ03139:B, ARQ03148:A"
B,etapa_aluno,DVIS/3,SEXTA-FEIRA,4.0,"ARQ03070:B, ARQ03071:B, ARQ03098:B, ARQ03112:A, ARQ03139:B, ARQ03148:A"
B,etapa_aluno,DVIS/4,SEGUNDA-FEIRA,2.0,"ARQ03073:A, ARQ03075:A, ARQ03092:A, ARQ03114:A, ARQ03140:A"
B,etapa_aluno,DVIS/4,TERÇA-FEIRA,5.0,"ARQ03073:A, ARQ03075:A, ARQ03092:A, ARQ03114:A, ARQ03140:A"
B,etapa_aluno,DVIS/4,QUARTA-FEIRA,4.0,"ARQ03073:A, ARQ03075:A, ARQ03092:A, ARQ03114:A, ARQ03140:A"
B,etapa_aluno,DVIS/4,QUINTA-FEIRA,3.0,"ARQ03073:A, ARQ03075:A, ARQ03092:A, ARQ03114:A, ARQ03140:A"
B,etapa_aluno,DVIS/4,SEXTA-FEIRA,3.0,"ARQ03073:A, ARQ03075:A, ARQ03092:A, ARQ03114:A, ARQ03140:A"
B,etapa_aluno,DVIS/5,SEGUNDA-FEIRA,5.0,"ARQ03078:A, ARQ03079:A, ARQ03080:A, ARQ03130:A"
B,etapa_aluno,DVIS/5,TERÇA-FEIRA,2.0,"ARQ03078:A, ARQ03079:A, ARQ03080:A, ARQ03130:A"
B,etapa_aluno,DVIS/5,QUARTA-FEIRA,3.0,"ARQ03078:A, ARQ03079:A, ARQ03080:A, ARQ03130:A"
B,etapa_aluno,DVIS/5,QUINTA-FEIRA,2.0,"ARQ03078:A, ARQ03079:A, ARQ03080:A, ARQ03130:A"
B,etapa_aluno,DVIS/5,SEXTA-FEIRA,2.0,"ARQ03078:A, ARQ03079:A, ARQ03080:A, ARQ03130:A"
B,etapa_aluno,DVIS/6,SEGUNDA-FEIRA,4.0,"ARQ03081:B, ARQ03082:A, ARQ03142:A"
B,etapa_aluno,DVIS/6,TERÇA-FEIRA,4.0,"ARQ03081:B, ARQ03082:A, ARQ03142:A"
B,etapa_aluno,DVIS/6,QUARTA-FEIRA,3.0,"ARQ03081:B, ARQ03082:A, ARQ03142:A"
B,etapa_aluno,DVIS/6,QUINTA-FEIRA,3.0,"ARQ03081:B, ARQ03082:A, ARQ03142:A"
B,etapa_aluno,DVIS/6,SEXTA-FEIRA,0.0,"ARQ03081:B, ARQ03082:A, ARQ03142:A"
B,etapa_aluno,DVIS/7,SEGUNDA-FEIRA,2.0,"ARQ03084:A, ARQ03085:A, ARQ03129:A"
B,etapa_aluno,DVIS/7,TERÇA-FEIRA,3.0,"ARQ03084:A, ARQ03085:A, ARQ03129:A"
B,etapa_aluno,DVIS/7,QUARTA-FEIRA,3.0,"ARQ03084:A, ARQ03085:A, ARQ03129:A"
B,etapa_aluno,DVIS/7,QUINTA-FEIRA,4.0,"ARQ03084:A, ARQ03085:A, ARQ03129:A"
B,etapa_aluno,DVIS/7,SEXTA-FEIRA,2.0,"ARQ03084:A, ARQ03085:A, ARQ03129:A"
B,etapa_aluno,DVIS/8,SEGUNDA-FEIRA,2.0,"ARQ03087:A, ARQ03099:A"
B,etapa_aluno,DVIS/8,TERÇA-FEIRA,3.0,"ARQ03087:A, ARQ03099:A"
B,etapa_aluno,DVIS/8,QUARTA-FEIRA,0.0,"ARQ03087:A, ARQ03099:A"
B,etapa_aluno,DVIS/8,QUINTA-FEIRA,3.0,"ARQ03087:A, ARQ03099:A"
B,etapa_aluno,DVIS/8,SEXTA-FEIRA,2.0,"ARQ03087:A, ARQ03099:A"
B,etapa_aluno,DVIS/9,SEGUNDA-FEIRA,0.0,"ARQ03090:B, ARQ03091:A"
B,etapa_aluno,DVIS/9,TERÇA-FEIRA,3.0,"ARQ03090:B, ARQ03091:A"
B,etapa_aluno,DVIS/9,QUARTA-FEIRA,2.0,"ARQ03090:B, ARQ03091:A"
B,etapa_aluno,DVIS/9,QUINTA-FEIRA,0.0,"ARQ03090:B, ARQ03091:A"
B,etapa_aluno,DVIS/9,SEXTA-FEIRA,3.0,"ARQ03090:B, ARQ03091:A"
B,docente,Prof01,SEGUNDA-FEIRA,6.0,
B,docente,Prof01,TERÇA-FEIRA,6.0,
B,docente,Prof01,QUARTA-FEIRA,3.0,
B,docente,Prof01,QUINTA-FEIRA,6.0,
B,docente,Prof01,SEXTA-FEIRA,3.0,
B,docente,Prof02,SEGUNDA-FEIRA,2.0,
B,docente,Prof02,TERÇA-FEIRA,4.0,
B,docente,Prof02,QUARTA-FEIRA,3.0,
B,docente,Prof02,QUINTA-FEIRA,3.0,
B,docente,Prof02,SEXTA-FEIRA,4.0,
B,docente,Prof03,SEGUNDA-FEIRA,0.0,
B,docente,Prof03,TERÇA-FEIRA,4.0,
B,docente,Prof03,QUARTA-FEIRA,4.0,
B,docente,Prof03,QUINTA-FEIRA,0.0,
B,docente,Prof03,SEXTA-FEIRA,4.0,
B,docente,Prof04,SEGUNDA-FEIRA,4.0,
B,docente,Prof04,TERÇA-FEIRA,0.0,
B,docente,Prof04,QUARTA-FEIRA,4.0,
B,docente,Prof04,QUINTA-FEIRA,2.0,
B,docente,Prof04,SEXTA-FEIRA,0.0,
B,docente,Prof05,SEGUNDA-FEIRA,0.0,
B,docente,Prof05,TERÇA-FEIRA,2.0,
B,docente,Prof05,QUARTA-FEIRA,0.0,
B,docente,Prof05,QUINTA-FEIRA,3.0,
B,docente,Prof05,SEXTA-FEIRA,3.0,
B,docente,Prof06,SEGUNDA-FEIRA,0.0,
B,docente,Prof06,TERÇA-FEIRA,4.0,
B,docente,Prof06,QUARTA-FEIRA,2.0,
B,docente,Prof06,QUINTA-FEIRA,6.0,
B,docente,Prof06,SEXTA-FEIRA,0.0,
B,docente,Prof07,SEGUNDA-FEIRA,0.0,
B,docente,Prof07,TERÇA-FEIRA,4.0,
B,docente,Prof07,QUARTA-FEIRA,0.0,
B,docente,Prof07,QUINTA-FEIRA,3.0,
B,docente,Prof07,SEXTA-FEIRA,3.0,
B,docente,Prof08,SEGUNDA-FEIRA,3.0,
B,docente,Prof08,TERÇA-FEIRA,3.0,
B,docente,Prof08,QUARTA-FEIRA,3.0,
B,docente,Prof08,QUINTA-FEIRA,3.0,
B,docente,Prof08,SEXTA-FEIRA,6.0,
B,docente,Prof09,SEGUNDA-FEIRA,0.0,
B,docente,Prof09,TERÇA-FEIRA,4.0,
B,docente,Prof09,QUARTA-FEIRA,4.0,
B,docente,Prof09,QUINTA-FEIRA,0.0,
B,docente,Prof09,SEXTA-FEIRA,0.0,
B,docente,Prof10,SEGUNDA-FEIRA,2.0,
B,docente,Prof10,TERÇA-FEIRA,2.0,
B,docente,Prof10,QUARTA-FEIRA,2.0,
B,docente,Prof10,QUINTA-FEIRA,2.0,
B,docente,Prof10,SEXTA-FEIRA,4.0,
B,docente,Prof100,SEGUNDA-FEIRA,0.0,
B,docente,Prof100,TERÇA-FEIRA,4.0,
B,docente,Prof100,QUARTA-FEIRA,0.0,
B,docente,Prof100,QUINTA-FEIRA,0.0,
B,docente,Prof100,SEXTA-FEIRA,0.0,
B,docente,Prof101,SEGUNDA-FEIRA,3.0,
B,docente,Prof101,TERÇA-FEIRA,6.0,
B,docente,Prof101,QUARTA-FEIRA,3.0,
B,docente,Prof101,QUINTA-FEIRA,0.0,
B,docente,Prof101,SEXTA-FEIRA,3.0,
B,docente,Prof102,SEGUNDA-FEIRA,2.0,
B,docente,Prof102,TERÇA-FEIRA,0.0,
B,docente,Prof102,QUARTA-FEIRA,2.0,
B,docente,Prof102,QUINTA-FEIRA,0.0,
B,docente,Prof102,SEXTA-FEIRA,0.0,
B,docente,Prof103,SEGUNDA-FEIRA,0.0,
B,docente,Prof103,TERÇA-FEIRA,2.0,
B,docente,Prof103,QUARTA-FEIRA,0.0,
B,docente,Prof103,QUINTA-FEIRA,2.0,
B,docente,Prof103,SEXTA-FEIRA,0.0,
B,docente,Prof104,SEGUNDA-FEIRA,0.0,
B,docente,Prof104,TERÇA-FEIRA,2.0,
B,docente,Prof104,QUARTA-FEIRA,4.0,
B,docente,Prof104,QUINTA-FEIRA,2.0,
B,docente,Prof104,SEXTA-FEIRA,0.0,
B,docente,Prof105,SEGUNDA-FEIRA,4.0,
B,docente,Prof105,TERÇA-FEIRA,0.0,
B,docente,Prof105,QUARTA-FEIRA,0.0,
B,docente,Prof105,QUINTA-FEIRA,2.0,
B,docente,Prof105,SEXTA-FEIRA,0.0,
B,docente,Prof106,SEGUNDA-FEIRA,2.0,
B,docente,Prof106,TERÇA-FEIRA,0.0,
B,docente,Prof106,QUARTA-FEIRA,0.0,
B,docente,Prof106,QUINTA-FEIRA,0.0,
B,docente,Prof106,SEXTA-FEIRA,5.0,
B,docente,Prof107,SEGUNDA-FEIRA,2.0,
B,docente,Prof107,TERÇA-FEIRA,2.0,
B,docente,Prof107,QUARTA-FEIRA,0.0,
B,docente,Prof107,QUINTA-FEIRA,0.0,
B,docente,Prof107,SEXTA-FEIRA,0.0,
B,docente,Prof108,SEGUNDA-FEIRA,2.0,
B,docente,Prof108,TERÇA-FEIRA,0.0,
B,docente,Prof108,QUARTA-FEIRA,2.0,
B,docente,Prof108,QUINTA-FEIRA,0.0,
B,docente,Prof108,SEXTA-FEIRA,0.0,
B,docente,Prof109,SEGUNDA-FEIRA,0.0,
B,docente,Prof109,TERÇA-FEIRA,4.0,
B,docente,Prof109,QUARTA-FEIRA,0.0,
B,docente,Prof109,QUINTA-FEIRA,0.0,
B,docente,Prof109,SEXTA-FEIRA,0.0,
B,docente,Prof11,SEGUNDA-FEIRA,3.0,
B,docente,Prof11,TERÇA-FEIRA,2.0,
B,docente,Prof11,QUARTA-FEIRA,3.0,
B,docente,Prof11,QUINTA-FEIRA,0.0,
B,docente,Prof11,SEXTA-FEIRA,0.0,
B,docente,Prof110,SEGUNDA-FEIRA,4.0,
B,docente,Prof110,TERÇA-FEIRA,0.0,
B,docente,Prof110,QUARTA-FEIRA,0.0,
B,docente,Prof110,QUINTA-FEIRA,0.0,
B,docente,Prof110,SEXTA-FEIRA,0.0,
B,docente,Prof111,SEGUNDA-FEIRA,2.0,
B,docente,Prof111,TERÇA-FEIRA,0.0,
B,docente,Prof111,QUARTA-FEIRA,2.0,
B,docente,Prof111,QUINTA-FEIRA,0.0,
B,docente,Prof111,SEXTA-FEIRA,0.0,
B,docente,Prof112,SEGUNDA-FEIRA,0.0,
B,docente,Prof112,TERÇA-FEIRA,3.0,
B,docente,Prof112,QUARTA-FEIRA,0.0,
B,docente,Prof112,QUINTA-FEIRA,0.0,
B,docente,Prof112,SEXTA-FEIRA,3.0,
B,docente,Prof113,SEGUNDA-FEIRA,0.0,
B,docente,Prof113,TERÇA-FEIRA,3.0,
B,docente,Prof113,QUARTA-FEIRA,0.0,
B,docente,Prof113,QUINTA-FEIRA,0.0,
B,docente,Prof113,SEXTA-FEIRA,0.0,
B,docente,Prof114,SEGUNDA-FEIRA,0.0,
B,docente,Prof114,TERÇA-FEIRA,2.0,
B,docente,Prof114,QUARTA-FEIRA,0.0,
B,docente,Prof114,QUINTA-FEIRA,2.0,
B,docente,Prof114,SEXTA-FEIRA,0.0,
B,docente,Prof115,SEGUNDA-FEIRA,0.0,
B,docente,Prof115,TERÇA-FEIRA,2.0,
B,docente,Prof115,QUARTA-FEIRA,0.0,
B,docente,Prof115,QUINTA-FEIRA,2.0,
B,docente,Prof115,SEXTA-FEIRA,0.0,
B,docente,Prof116,SEGUNDA-FEIRA,2.0,
B,docente,Prof116,TERÇA-FEIRA,0.0,
B,docente,Prof116,QUARTA-FEIRA,0.0,
B,docente,Prof116,QUINTA-FEIRA,0.0,
B,docente,Prof116,SEXTA-FEIRA,2.0,
B,docente,Prof117,SEGUNDA-FEIRA,4.0,
B,docente,Prof117,TERÇA-FEIRA,0.0,
B,docente,Prof117,QUARTA-FEIRA,0.0,
B,docente,Prof117,QUINTA-FEIRA,2.0,
B,docente,Prof117,SEXTA-FEIRA,2.0,
B,docente,Prof118,SEGUNDA-FEIRA,2.0,
B,docente,Prof118,TERÇA-FEIRA,0.0,
B,docente,Prof118,QUARTA-FEIRA,0.0,
B,docente,Prof118,QUINTA-FEIRA,2.0,
B,docente,Prof118,SEXTA-FEIRA,0.0,
B,docente,Prof119,SEGUNDA-FEIRA,0.0,
B,docente,Prof119,TERÇA-FEIRA,2.0,
B,docente,Prof119,QUARTA-FEIRA,0.0,
B,docente,Prof119,QUINTA-FEIRA,0.0,
B,docente,Prof119,SEXTA-FEIRA,2.0,
B,docente,Prof12,SEGUNDA-FEIRA,2.0,
B,docente,Prof12,TERÇA-FEIRA,0.0,
B,docente,Prof12,QUARTA-FEIRA,0.0,
B,docente,Prof12,QUINTA-FEIRA,0.0,
B,docente,Prof12,SEXTA-FEIRA,2.0,
B,docente,Prof120,SEGUNDA-FEIRA,0.0,
B,docente,Prof120,TERÇA-FEIRA,0.0,
B,docente,Prof120,QUARTA-FEIRA,2.0,
B,docente,Prof120,QUINTA-FEIRA,2.0,
B,docente,Prof120,SEXTA-FEIRA,0.0,
B,docente,Prof121,SEGUNDA-FEIRA,0.0,
B,docente,Prof121,TERÇA-FEIRA,0.0,
B,docente,Prof121,QUARTA-FEIRA,4.0,
B,docente,Prof121,QUINTA-FEIRA,0.0,
B,docente,Prof121,SEXTA-FEIRA,0.0,
B,docente,Prof122,SEGUNDA-FEIRA,3.0,
B,docente,Prof122,TERÇA-FEIRA,3.0,
B,docente,Prof122,QUARTA-FEIRA,3.0,
B,docente,Prof122,QUINTA-FEIRA,0.0,
B,docente,Prof122,SEXTA-FEIRA,3.0,
B,docente,Prof123,SEGUNDA-FEIRA,3.0,
B,docente,Prof123,TERÇA-FEIRA,0.0,
B,docente,Prof123,QUARTA-FEIRA,0.0,
B,docente,Prof123,QUINTA-FEIRA,3.0,
B,docente,Prof123,SEXTA-FEIRA,4.0,
B,docente,Prof124,SEGUNDA-FEIRA,0.0,
B,docente,Prof124,TERÇA-FEIRA,2.0,
B,docente,Prof124,QUARTA-FEIRA,0.0,
B,docente,Prof124,QUINTA-FEIRA,2.0,
B,docente,Prof124,SEXTA-FEIRA,0.0,
B,docente,Prof125,SEGUNDA-FEIRA,4.0,
B,docente,Prof125,TERÇA-FEIRA,0.0,
B,docente,Prof125,QUARTA-FEIRA,0.0,
B,docente,Prof125,QUINTA-FEIRA,3.0,
B,docente,Prof125,SEXTA-FEIRA,0.0,
B,docente,Prof126,SEGUNDA-FEIRA,4.0,
B,docente,Prof126,TERÇA-FEIRA,4.0,
B,docente,Prof126,QUARTA-FEIRA,0.0,
B,docente,Prof126,QUINTA-FEIRA,3.0,
B,docente,Prof126,SEXTA-FEIRA,0.0,
B,docente,Prof127,SEGUNDA-FEIRA,3.0,
B,docente,Prof127,TERÇA-FEIRA,0.0,
B,docente,Prof127,QUARTA-FEIRA,3.0,
B,docente,Prof127,QUINTA-FEIRA,0.0,
B,docente,Prof127,SEXTA-FEIRA,0.0,
B,docente,Prof128,SEGUNDA-FEIRA,0.0,
B,docente,Prof128,TERÇA-FEIRA,3.0,
B,docente,Prof128,QUARTA-FEIRA,0.0,
B,docente,Prof128,QUINTA-FEIRA,5.0,
B,docente,Prof128,SEXTA-FEIRA,4.0,
B,docente,Prof129,SEGUNDA-FEIRA,0.0,
B,docente,Prof129,TERÇA-FEIRA,3.0,
B,docente,Prof129,QUARTA-FEIRA,0.0,
B,docente,Prof129,QUINTA-FEIRA,3.0,
B,docente,Prof129,SEXTA-FEIRA,4.0,
B,docente,Prof13,SEGUNDA-FEIRA,4.0,
B,docente,Prof13,TERÇA-FEIRA,0.0,
B,docente,Prof13,QUARTA-FEIRA,0.0,
B,docente,Prof13,QUINTA-FEIRA,3.0,
B,docente,Prof13,SEXTA-FEIRA,3.0,
B,docente,Prof130,SEGUNDA-FEIRA,3.0,
B,docente,Prof130,TERÇA-FEIRA,0.0,
B,docente,Prof130,QUARTA-FEIRA,4.0,
B,docente,Prof130,QUINTA-FEIRA,3.0,
B,docente,Prof130,SEXTA-FEIRA,0.0,
B,docente,Prof131,SEGUNDA-FEIRA,2.0,
B,docente,Prof131,TERÇA-FEIRA,2.0,
B,docente,Prof131,QUARTA-FEIRA,2.0,
B,docente,Prof131,QUINTA-FEIRA,2.0,
B,docente,Prof131,SEXTA-FEIRA,0.0,
B,docente,Prof132,SEGUNDA-FEIRA,4.0,
B,docente,Prof132,TERÇA-FEIRA,2.0,
B,docente,Prof132,QUARTA-FEIRA,0.0,
B,docente,Prof132,QUINTA-FEIRA,2.0,
B,docente,Prof132,SEXTA-FEIRA,2.0,
B,docente,Prof133,SEGUNDA-FEIRA,4.0,
B,docente,Prof133,TERÇA-FEIRA,3.0,
B,docente,Prof133,QUARTA-FEIRA,0.0,
B,docente,Prof133,QUINTA-FEIRA,0.0,
B,docente,Prof133,SEXTA-FEIRA,0.0,
B,docente,Prof14,SEGUNDA-FEIRA,0.0,
B,docente,Prof14,TERÇA-FEIRA,0.0,
B,docente,Prof14,QUARTA-FEIRA,2.0,
B,docente,Prof14,QUINTA-FEIRA,0.0,
B,docente,Prof14,SEXTA-FEIRA,2.0,
B,docente,Prof15,SEGUNDA-FEIRA,0.0,
B,docente,Prof15,TERÇA-FEIRA,3.0,
B,docente,Prof15,QUARTA-FEIRA,2.0,
B,docente,Prof15,QUINTA-FEIRA,3.0,
B,docente,Prof15,SEXTA-FEIRA,0.0,
B,docente,Prof16,SEGUNDA-FEIRA,2.0,
B,docente,Prof16,TERÇA-FEIRA,2.0,
B,docente,Prof16,QUARTA-FEIRA,2.0,
B,docente,Prof16,QUINTA-FEIRA,2.0,
B,docente,Prof16,SEXTA-FEIRA,0.0,
B,docente,Prof17,SEGUNDA-FEIRA,0.0,
B,docente,Prof17,TERÇA-FEIRA,5.0,
B,docente,Prof17,QUARTA-FEIRA,3.0,
B,docente,Prof17,QUINTA-FEIRA,2.0,
B,docente,Prof17,SEXTA-FEIRA,0.0,
B,docente,Prof18,SEGUNDA-FEIRA,4.0,
B,docente,Prof18,TERÇA-FEIRA,0.0,
B,docente,Prof18,QUARTA-FEIRA,0.0,
B,docente,Prof18,QUINTA-FEIRA,4.0,
B,docente,Prof18,SEXTA-FEIRA,6.0,
B,docente,Prof19,SEGUNDA-FEIRA,0.0,
B,docente,Prof19,TERÇA-FEIRA,0.0,
B,docente,Prof19,QUARTA-FEIRA,3.0,
B,docente,Prof19,QUINTA-FEIRA,0.0,
B,docente,Prof19,SEXTA-FEIRA,3.0,
B,docente,Prof20,SEGUNDA-FEIRA,3.0,
B,docente,Prof20,TERÇA-FEIRA,3.0,
B,docente,Prof20,QUARTA-FEIRA,3.0,
B,docente,Prof20,QUINTA-FEIRA,3.0,
B,docente,Prof20,SEXTA-FEIRA,0.0,
B,docente,Prof21,SEGUNDA-FEIRA,3.0,
B,docente,Prof21,TERÇA-FEIRA,2.0,
B,docente,Prof21,QUARTA-FEIRA,2.0,
B,docente,Prof21,QUINTA-FEIRA,0.0,
B,docente,Prof21,SEXTA-FEIRA,3.0,
B,docente,Prof22,SEGUNDA-FEIRA,0.0,
B,docente,Prof22,TERÇA-FEIRA,3.0,
B,docente,Prof22,QUARTA-FEIRA,0.0,
B,docente,Prof22,QUINTA-FEIRA,3.0,
B,docente,Prof22,SEXTA-FEIRA,0.0,
B,docente,Prof23,SEGUNDA-FEIRA,2.0,
B,docente,Prof23,TERÇA-FEIRA,0.0,
B,docente,Prof23,QUARTA-FEIRA,0.0,
B,docente,Prof23,QUINTA-FEIRA,0.0,
B,docente,Prof23,SEXTA-FEIRA,2.0,
B,docente,Prof24,SEGUNDA-FEIRA,0.0,
B,docente,Prof24,TERÇA-FEIRA,0.0,
B,docente,Prof24,QUARTA-FEIRA,3.0,
B,docente,Prof24,QUINTA-FEIRA,4.0,
B,docente,Prof24,SEXTA-FEIRA,3.0,
B,docente,Prof25,SEGUNDA-FEIRA,6.0,
B,docente,Prof25,TERÇA-FEIRA,4.0,
B,docente,Prof25,QUARTA-FEIRA,0.0,
B,docente,Prof25,QUINTA-FEIRA,0.0,
B,docente,Prof25,SEXTA-FEIRA,0.0,
B,docente,Prof26,SEGUNDA-FEIRA,6.0,
B,docente,Prof26,TERÇA-FEIRA,4.0,
B,docente,Prof26,QUARTA-FEIRA,3.0,
B,docente,Prof26,QUINTA-FEIRA,0.0,
B,docente,Prof26,SEXTA-FEIRA,3.0,
B,docente,Prof27,SEGUNDA-FEIRA,0.0,
B,docente,Prof27,TERÇA-FEIRA,4.0,
B,docente,Prof27,QUARTA-FEIRA,0.0,
B,docente,Prof27,QUINTA-FEIRA,3.0,
B,docente,Prof27,SEXTA-FEIRA,0.0,
B,docente,Prof28,SEGUNDA-FEIRA,4.0,
B,docente,Prof28,TERÇA-FEIRA,4.0,
B,docente,Prof28,QUARTA-FEIRA,0.0,
B,docente,Prof28,QUINTA-FEIRA,0.0,
B,docente,Prof28,SEXTA-FEIRA,0.0,
B,docente,Prof29,SEGUNDA-FEIRA,0.0,
B,docente,Prof29,TERÇA-FEIRA,0.0,
B,docente,Prof29,QUARTA-FEIRA,3.0,
B,docente,Prof29,QUINTA-FEIRA,4.0,
B,docente,Prof29,SEXTA-FEIRA,3.0,
B,docente,Prof30,SEGUNDA-FEIRA,6.0,
B,docente,Prof30,TERÇA-FEIRA,8.0,
B,docente,Prof30,QUARTA-FEIRA,3.0,
B,docente,Prof30,QUINTA-FEIRA,3.0,
B,docente,Prof30,SEXTA-FEIRA,0.0,
B,docente,Prof31,SEGUNDA-FEIRA,2.0,
B,docente,Prof31,TERÇA-FEIRA,2.0,
B,docente,Prof31,QUARTA-FEIRA,3.0,
B,docente,Prof31,QUINTA-FEIRA,2.0,
B,docente,Prof31,SEXTA-FEIRA,5.0,
B,docente,Prof32,SEGUNDA-FEIRA,0.0,
B,docente,Prof32,TERÇA-FEIRA,4.0,
B,docente,Prof32,QUARTA-FEIRA,0.0,
B,docente,Prof32,QUINTA-FEIRA,3.0,
B,docente,Prof32,SEXTA-FEIRA,0.0,
B,docente,Prof33,SEGUNDA-FEIRA,0.0,
B,docente,Prof33,TERÇA-FEIRA,0.0,
B,docente,Prof33,QUARTA-FEIRA,3.0,
B,docente,Prof33,QUINTA-FEIRA,0.0,
B,docente,Prof33,SEXTA-FEIRA,3.0,
B,docente,Prof34,SEGUNDA-FEIRA,4.0,
B,docente,Prof34,TERÇA-FEIRA,0.0,
B,docente,Prof34,QUARTA-FEIRA,3.0,
B,docente,Prof34,QUINTA-FEIRA,3.0,
B,docente,Prof34,SEXTA-FEIRA,3.0,
B,docente,Prof35,SEGUNDA-FEIRA,3.0,
B,docente,Prof35,TERÇA-FEIRA,0.0,
B,docente,Prof35,QUARTA-FEIRA,0.0,
B,docente,Prof35,QUINTA-FEIRA,0.0,
B,docente,Prof35,SEXTA-FEIRA,7.0,
B,docente,Prof36,SEGUNDA-FEIRA,3.0,
B,docente,Prof36,TERÇA-FEIRA,0.0,
B,docente,Prof36,QUARTA-FEIRA,2.0,
B,docente,Prof36,QUINTA-FEIRA,2.0,
B,docente,Prof36,SEXTA-FEIRA,7.0,
B,docente,Prof37,SEGUNDA-FEIRA,3.0,
B,docente,Prof37,TERÇA-FEIRA,0.0,
B,docente,Prof37,QUARTA-FEIRA,3.0,
B,docente,Prof37,QUINTA-FEIRA,0.0,
B,docente,Prof37,SEXTA-FEIRA,3.0,
B,docente,Prof38,SEGUNDA-FEIRA,3.0,
B,docente,Prof38,TERÇA-FEIRA,1.0,
B,docente,Prof38,QUARTA-FEIRA,3.0,
B,docente,Prof38,QUINTA-FEIRA,2.0,
B,docente,Prof38,SEXTA-FEIRA,4.0,
B,docente,Prof39,SEGUNDA-FEIRA,3.0,
B,docente,Prof39,TERÇA-FEIRA,0.0,
B,docente,Prof39,QUARTA-FEIRA,6.0,
B,docente,Prof39,QUINTA-FEIRA,3.0,
B,docente,Prof39,SEXTA-FEIRA,3.0,
B,docente,Prof40,SEGUNDA-FEIRA,0.0,
B,docente,Prof40,TERÇA-FEIRA,3.0,
B,docente,Prof40,QUARTA-FEIRA,3.0,
B,docente,Prof40,QUINTA-FEIRA,6.0,
B,docente,Prof40,SEXTA-FEIRA,4.0,
B,docente,Prof41,SEGUNDA-FEIRA,3.0,
B,docente,Prof41,TERÇA-FEIRA,0.0,
B,docente,Prof41,QUARTA-FEIRA,3.0,
B,docente,Prof41,QUINTA-FEIRA,0.0,
B,docente,Prof41,SEXTA-FEIRA,3.0,
B,docente,Prof42,SEGUNDA-FEIRA,0.0,
B,docente,Prof42,TERÇA-FEIRA,0.0,
B,docente,Prof42,QUARTA-FEIRA,3.0,
B,docente,Prof42,QUINTA-FEIRA,0.0,
B,docente,Prof42,SEXTA-FEIRA,0.0,
B,docente,Prof43,SEGUNDA-FEIRA,2.0,
B,docente,Prof43,TERÇA-FEIRA,2.0,
B,docente,Prof43,QUARTA-FEIRA,0.0,
B,docente,Prof43,QUINTA-FEIRA,2.0,
B,docente,Prof43,SEXTA-FEIRA,2.0,
B,docente,Prof44,SEGUNDA-FEIRA,2.0,
B,docente,Prof44,TERÇA-FEIRA,2.0,
B,docente,Prof44,QUARTA-FEIRA,0.0,
B,docente,Prof44,QUINTA-FEIRA,0.0,
B,docente,Prof44,SEXTA-FEIRA,0.0,
B,docente,Prof45,SEGUNDA-FEIRA,4.0,
B,docente,Prof45,TERÇA-FEIRA,0.0,
B,docente,Prof45,QUARTA-FEIRA,3.0,
B,docente,Prof45,QUINTA-FEIRA,2.0,
B,docente,Prof45,SEXTA-FEIRA,3.0,
B,docente,Prof46,SEGUNDA-FEIRA,1.0,
B,docente,Prof46,TERÇA-FEIRA,1.0,
B,docente,Prof46,QUARTA-FEIRA,2.0,
B,docente,Prof46,QUINTA-FEIRA,2.0,
B,docente,Prof46,SEXTA-FEIRA,2.0,
B,docente,Prof47,SEGUNDA-FEIRA,2.0,
B,docente,Prof47,TERÇA-FEIRA,2.0,
B,docente,Prof47,QUARTA-FEIRA,4.0,
B,docente,Prof47,QUINTA-FEIRA,0.0,
B,docente,Prof47,SEXTA-FEIRA,2.0,
B,docente,Prof48,SEGUNDA-FEIRA,4.0,
B,docente,Prof48,TERÇA-FEIRA,3.0,
B,docente,Prof48,QUARTA-FEIRA,3.0,
B,docente,Prof48,QUINTA-FEIRA,3.0,
B,docente,Prof48,SEXTA-FEIRA,0.0,
B,docente,Prof49,SEGUNDA-FEIRA,0.0,
B,docente,Prof49,TERÇA-FEIRA,0.0,
B,docente,Prof49,QUARTA-FEIRA,2.0,
B,docente,Prof49,QUINTA-FEIRA,2.0,
B,docente,Prof49,SEXTA-FEIRA,0.0,
B,docente,Prof50,SEGUNDA-FEIRA,0.0,
B,docente,Prof50,TERÇA-FEIRA,2.0,
B,docente,Prof50,QUARTA-FEIRA,0.0,
B,docente,Prof50,QUINTA-FEIRA,0.0,
B,docente,Prof50,SEXTA-FEIRA,0.0,
B,docente,Prof51,SEGUNDA-FEIRA,0.0,
B,docente,Prof51,TERÇA-FEIRA,0.0,
B,docente,Prof51,QUARTA-FEIRA,2.0,
B,docente,Prof51,QUINTA-FEIRA,0.0,
B,docente,Prof51,SEXTA-FEIRA,0.0,
B,docente,Prof52,SEGUNDA-FEIRA,2.0,
B,docente,Prof52,TERÇA-FEIRA,0.0,
B,docente,Prof52,QUARTA-FEIRA,2.0,
B,docente,Prof52,QUINTA-FEIRA,0.0,
B,docente,Prof52,SEXTA-FEIRA,0.0,
B,docente,Prof53,SEGUNDA-FEIRA,0.0,
B,docente,Prof53,TERÇA-FEIRA,2.0,
B,docente,Prof53,QUARTA-FEIRA,0.0,
B,docente,Prof53,QUINTA-FEIRA,0.0,
B,docente,Prof53,SEXTA-FEIRA,2.0,
B,docente,Prof54,SEGUNDA-FEIRA,2.0,
B,docente,Prof54,TERÇA-FEIRA,2.0,
B,docente,Prof54,QUARTA-FEIRA,4.0,
B,docente,Prof54,QUINTA-FEIRA,0.0,
B,docente,Prof54,SEXTA-FEIRA,0.0,
B,docente,Prof55,SEGUNDA-FEIRA,3.0,
B,docente,Prof55,TERÇA-FEIRA,4.0,
B,docente,Prof55,QUARTA-FEIRA,0.0,
B,docente,Prof55,QUINTA-FEIRA,2.0,
B,docente,Prof55,SEXTA-FEIRA,1.0,
B,docente,Prof56,SEGUNDA-FEIRA,0.0,
B,docente,Prof56,TERÇA-FEIRA,0.0,
B,docente,Prof56,QUARTA-FEIRA,2.0,
B,docente,Prof56,QUINTA-FEIRA,4.0,
B,docente,Prof56,SEXTA-FEIRA,0.0,
B,docente,Prof57,SEGUNDA-FEIRA,3.0,
B,docente,Prof57,TERÇA-FEIRA,0.0,
B,docente,Prof57,QUARTA-FEIRA,0.0,
B,docente,Prof57,QUINTA-FEIRA,0.0,
B,docente,Prof57,SEXTA-FEIRA,0.0,
B,docente,Prof58,SEGUNDA-FEIRA,0.0,
B,docente,Prof58,TERÇA-FEIRA,0.0,
B,docente,Prof58,QUARTA-FEIRA,2.0,
B,docente,Prof58,QUINTA-FEIRA,0.0,
B,docente,Prof58,SEXTA-FEIRA,0.0,
B,docente,Prof59,SEGUNDA-FEIRA,0.0,
B,docente,Prof59,TERÇA-FEIRA,0.0,
B,docente,Prof59,QUARTA-FEIRA,0.0,
B,docente,Prof59,QUINTA-FEIRA,0.0,
B,docente,Prof59,SEXTA-FEIRA,4.0,
B,docente,Prof60,SEGUNDA-FEIRA,2.0,
B,docente,Prof60,TERÇA-FEIRA,2.0,
B,docente,Prof60,QUARTA-FEIRA,0.0,
B,docente,Prof60,QUINTA-FEIRA,0.0,
B,docente,Prof60,SEXTA-FEIRA,0.0,
B,docente,Prof61,SEGUNDA-FEIRA,3.0,
B,docente,Prof61,TERÇA-FEIRA,2.0,
B,docente,Prof61,QUARTA-FEIRA,4.0,
B,docente,Prof61,QUINTA-FEIRA,3.0,
B,docente,Prof61,SEXTA-FEIRA,0.0,
B,docente,Prof62,SEGUNDA-FEIRA,0.0,
B,docente,Prof62,TERÇA-FEIRA,0.0,
B,docente,Prof62,QUARTA-FEIRA,3.0,
B,docente,Prof62,QUINTA-FEIRA,6.0,
B,docente,Prof62,SEXTA-FEIRA,3.0,
B,docente,Prof63,SEGUNDA-FEIRA,0.0,
B,docente,Prof63,TERÇA-FEIRA,0.0,
B,docente,Prof63,QUARTA-FEIRA,3.0,
B,docente,Prof63,QUINTA-FEIRA,0.0,
B,docente,Prof63,SEXTA-FEIRA,0.0,
B,docente,Prof64,SEGUNDA-FEIRA,0.0,
B,docente,Prof64,TERÇA-FEIRA,3.0,
B,docente,Prof64,QUARTA-FEIRA,3.0,
B,docente,Prof64,QUINTA-FEIRA,0.0,
B,docente,Prof64,SEXTA-FEIRA,0.0,
B,docente,Prof65,SEGUNDA-FEIRA,0.0,
B,docente,Prof65,TERÇA-FEIRA,0.0,
B,docente,Prof65,QUARTA-FEIRA,0.0,
B,docente,Prof65,QUINTA-FEIRA,0.0,
B,docente,Prof65,SEXTA-FEIRA,2.0,
B,docente,Prof66,SEGUNDA-FEIRA,0.0,
B,docente,Prof66,TERÇA-FEIRA,2.0,
B,docente,Prof66,QUARTA-FEIRA,2.0,
B,docente,Prof66,QUINTA-FEIRA,0.0,
B,docente,Prof66,SEXTA-FEIRA,0.0,
B,docente,Prof67,SEGUNDA-FEIRA,0.0,
B,docente,Prof67,TERÇA-FEIRA,3.0,
B,docente,Prof67,QUARTA-FEIRA,3.0,
B,docente,Prof67,QUINTA-FEIRA,0.0,
B,docente,Prof67,SEXTA-FEIRA,0.0,
B,docente,Prof68,SEGUNDA-FEIRA,0.0,
B,docente,Prof68,TERÇA-FEIRA,0.0,
B,docente,Prof68,QUARTA-FEIRA,0.0,
B,docente,Prof68,QUINTA-FEIRA,0.0,
B,docente,Prof68,SEXTA-FEIRA,4.0,
B,docente,Prof69,SEGUNDA-FEIRA,2.0,
B,docente,Prof69,TERÇA-FEIRA,0.0,
B,docente,Prof69,QUARTA-FEIRA,0.0,
B,docente,Prof69,QUINTA-FEIRA,0.0,
B,docente,Prof69,SEXTA-FEIRA,0.0,
B,docente,Prof70,SEGUNDA-FEIRA,3.0,
B,docente,Prof70,TERÇA-FEIRA,4.0,
B,docente,Prof70,QUARTA-FEIRA,0.0,
B,docente,Prof70,QUINTA-FEIRA,0.0,
B,docente,Prof70,SEXTA-FEIRA,3.0,
B,docente,Prof71,SEGUNDA-FEIRA,0.0,
B,docente,Prof71,TERÇA-FEIRA,0.0,
B,docente,Prof71,QUARTA-FEIRA,4.0,
B,docente,Prof71,QUINTA-FEIRA,4.0,
B,docente,Prof71,SEXTA-FEIRA,0.0,
B,docente,Prof72,SEGUNDA-FEIRA,0.0,
B,docente,Prof72,TERÇA-FEIRA,3.0,
B,docente,Prof72,QUARTA-FEIRA,3.0,
B,docente,Prof72,QUINTA-FEIRA,3.0,
B,docente,Prof72,SEXTA-FEIRA,3.0,
B,docente,Prof73,SEGUNDA-FEIRA,2.0,
B,docente,Prof73,TERÇA-FEIRA,2.0,
B,docente,Prof73,QUARTA-FEIRA,2.0,
B,docente,Prof73,QUINTA-FEIRA,2.0,
B,docente,Prof73,SEXTA-FEIRA,0.0,
B,docente,Prof74,SEGUNDA-FEIRA,3.0,
B,docente,Prof74,TERÇA-FEIRA,4.0,
B,docente,Prof74,QUARTA-FEIRA,0.0,
B,docente,Prof74,QUINTA-FEIRA,0.0,
B,docente,Prof74,SEXTA-FEIRA,3.0,
B,docente,Prof75,SEGUNDA-FEIRA,3.0,
B,docente,Prof75,TERÇA-FEIRA,3.0,
B,docente,Prof75,QUARTA-FEIRA,0.0,
B,docente,Prof75,QUINTA-FEIRA,3.0,
B,docente,Prof75,SEXTA-FEIRA,3.0,
B,docente,Prof76,SEGUNDA-FEIRA,0.0,
B,docente,Prof76,TERÇA-FEIRA,0.0,
B,docente,Prof76,QUARTA-FEIRA,0.0,
B,docente,Prof76,QUINTA-FEIRA,3.0,
B,docente,Prof76,SEXTA-FEIRA,3.0,
B,docente,Prof77,SEGUNDA-FEIRA,0.0,
B,docente,Prof77,TERÇA-FEIRA,3.0,
B,docente,Prof77,QUARTA-FEIRA,3.0,
B,docente,Prof77,QUINTA-FEIRA,3.0,
B,docente,Prof77,SEXTA-FEIRA,3.0,
B,docente,Prof78,SEGUNDA-FEIRA,3.0,
B,docente,Prof78,TERÇA-FEIRA,3.0,
B,docente,Prof78,QUARTA-FEIRA,0.0,
B,docente,Prof78,QUINTA-FEIRA,4.0,
B,docente,Prof78,SEXTA-FEIRA,0.0,
B,docente,Prof79,SEGUNDA-FEIRA,3.0,
B,docente,Prof79,TERÇA-FEIRA,0.0,
B,docente,Prof79,QUARTA-FEIRA,0.0,
B,docente,Prof79,QUINTA-FEIRA,3.0,
B,docente,Prof79,SEXTA-FEIRA,3.0,
B,docente,Prof80,SEGUNDA-FEIRA,2.0,
B,docente,Prof80,TERÇA-FEIRA,3.0,
B,docente,Prof80,QUARTA-FEIRA,3.0,
B,docente,Prof80,QUINTA-FEIRA,0.0,
B,docente,Prof80,SEXTA-FEIRA,2.0,
B,docente,Prof81,SEGUNDA-FEIRA,0.0,
B,docente,Prof81,TERÇA-FEIRA,0.0,
B,docente,Prof81,QUARTA-FEIRA,3.0,
B,docente,Prof81,QUINTA-FEIRA,0.0,
B,docente,Prof81,SEXTA-FEIRA,0.0,
B,docente,Prof82,SEGUNDA-FEIRA,0.0,
B,docente,Prof82,TERÇA-FEIRA,0.0,
B,docente,Prof82,QUARTA-FEIRA,4.0,
B,docente,Prof82,QUINTA-FEIRA,0.0,
B,docente,Prof82,SEXTA-FEIRA,0.0,
B,docente,Prof83,SEGUNDA-FEIRA,0.0,
B,docente,Prof83,TERÇA-FEIRA,3.0,
B,docente,Prof83,QUARTA-FEIRA,0.0,
B,docente,Prof83,QUINTA-FEIRA,4.0,
B,docente,Prof83,SEXTA-FEIRA,0.0,
B,docente,Prof84,SEGUNDA-FEIRA,0.0,
B,docente,Prof84,TERÇA-FEIRA,0.0,
B,docente,Prof84,QUARTA-FEIRA,2.0,
B,docente,Prof84,QUINTA-FEIRA,2.0,
B,docente,Prof84,SEXTA-FEIRA,0.0,
B,docente,Prof85,SEGUNDA-FEIRA,4.0,
B,docente,Prof85,TERÇA-FEIRA,0.0,
B,docente,Prof85,QUARTA-FEIRA,3.0,
B,docente,Prof85,QUINTA-FEIRA,0.0,
B,docente,Prof85,SEXTA-FEIRA,3.0,
B,docente,Prof86,SEGUNDA-FEIRA,3.0,
B,docente,Prof86,TERÇA-FEIRA,4.0,
B,docente,Prof86,QUARTA-FEIRA,0.0,
B,docente,Prof86,QUINTA-FEIRA,3.0,
B,docente,Prof86,SEXTA-FEIRA,0.0,
B,docente,Prof87,SEGUNDA-FEIRA,4.0,
B,docente,Prof87,TERÇA-FEIRA,0.0,
B,docente,Prof87,QUARTA-FEIRA,4.0,
B,docente,Prof87,QUINTA-FEIRA,4.0,
B,docente,Prof87,SEXTA-FEIRA,6.0,
B,docente,Prof88,SEGUNDA-FEIRA,2.0,
B,docente,Prof88,TERÇA-FEIRA,4.0,
B,docente,Prof88,QUARTA-FEIRA,4.0,
B,docente,Prof88,QUINTA-FEIRA,2.0,
B,docente,Prof88,SEXTA-FEIRA,0.0,
B,docente,Prof89,SEGUNDA-FEIRA,0.0,
B,docente,Prof89,TERÇA-FEIRA,0.0,
B,docente,Prof89,QUARTA-FEIRA,0.0,
B,docente,Prof89,QUINTA-FEIRA,3.0,
B,docente,Prof89,SEXTA-FEIRA,0.0,
B,docente,Prof90,SEGUNDA-FEIRA,3.0,
B,docente,Prof90,TERÇA-FEIRA,4.0,
B,docente,Prof90,QUARTA-FEIRA,0.0,
B,docente,Prof90,QUINTA-FEIRA,3.0,
B,docente,Prof90,SEXTA-FEIRA,0.0,
B,docente,Prof91,SEGUNDA-FEIRA,3.0,
B,docente,Prof91,TERÇA-FEIRA,4.0,
B,docente,Prof91,QUARTA-FEIRA,0.0,
B,docente,Prof91,QUINTA-FEIRA,3.0,
B,docente,Prof91,SEXTA-FEIRA,0.0,
B,docente,Prof92,SEGUNDA-FEIRA,0.0,
B,docente,Prof92,TERÇA-FEIRA,0.0,
B,docente,Prof92,QUARTA-FEIRA,2.0,
B,docente,Prof92,QUINTA-FEIRA,0.0,
B,docente,Prof92,SEXTA-FEIRA,2.0,
B,docente,Prof93,SEGUNDA-FEIRA,3.0,
B,docente,Prof93,TERÇA-FEIRA,0.0,
B,docente,Prof93,QUARTA-FEIRA,3.0,
B,docente,Prof93,QUINTA-FEIRA,0.0,
B,docente,Prof93,SEXTA-FEIRA,3.0,
C,etapa_aluno,ARQU/1,SEGUNDA-FEIRA,3.0,"ARQ01001:B, ARQ01044:A, ARQ01045:A, ARQ01046:A, ARQ03004:C, ARQ03006:A"
C,etapa_aluno,ARQU/1,TERÇA-FEIRA,5.0,"ARQ01001:B, ARQ01044:A, ARQ01045:A, ARQ01046:A, ARQ03004:C, ARQ03006:A"
C,etapa_aluno,ARQU/1,QUARTA-FEIRA,5.0,"ARQ01001:B, ARQ01044:A, ARQ01045:A, ARQ01046:A, ARQ03004:C, ARQ03006:A"
C,etapa_aluno,ARQU/1,QUINTA-FEIRA,5.0,"ARQ01001:B, ARQ01044:A, ARQ01045:A, ARQ01046:A, ARQ03004:C, ARQ03006:A"
C,etapa_aluno,ARQU/1,SEXTA-FEIRA,6.0,"ARQ01001:B, ARQ01044:A, ARQ01045:A, ARQ01046:A, ARQ03004:C, ARQ03006:A"
C,etapa_aluno,ARQU/2,SEGUNDA-FEIRA,3.0,"ARQ01003:A, ARQ01047:A, ARQ01049:A, ARQ01075:C1, ARQ02020:B, ENG01139:A"
C,etapa_aluno,ARQU/2,TERÇA-FEIRA,3.0,"ARQ01003:A, ARQ01047:A, ARQ01049:A, ARQ01075:C1, ARQ02020:B, ENG01139:A"
C,etapa_aluno,ARQU/2,QUARTA-FEIRA,5.0,"ARQ01003:A, ARQ01047:A, ARQ01049:A, ARQ01075:C1, ARQ02020:B, ENG01139:A"
C,etapa_aluno,ARQU/2,QUINTA-FEIRA,7.0,"ARQ01003:A, ARQ01047:A, ARQ01049:A, ARQ01075:C1, ARQ02020:B, ENG01139:A"
C,etapa_aluno,ARQU/2,SEXTA-FEIRA,8.0,"ARQ01003:A, ARQ01047:A, ARQ01049:A, ARQ01075:C1, ARQ02020:B, ENG01139:A"
C,etapa_aluno,ARQU/3,SEGUNDA-FEIRA,9.0,"ARQ01004:B, ARQ01005:A, ARQ01007:A, ARQ01076:A, ARQ01085:B, ARQ01087:A, ENG01169:A"
C,etapa_aluno,ARQU/3,TERÇA-FEIRA,4.0,"ARQ01004:B, ARQ01005:A, ARQ01007:A, ARQ01076:A, ARQ01085:B, ARQ01087:A, ENG01169:A"
C,etapa_aluno,ARQU/3,QUARTA-FEIRA,8.0,"ARQ01004:B, ARQ01005:A, ARQ01007:A, ARQ01076:A, ARQ01085:B, ARQ01087:A, ENG01169:A"
C,etapa_aluno,ARQU/3,QUINTA-FEIRA,4.0,"ARQ01004:B, ARQ01005:A, ARQ01007:A, ARQ01076:A, ARQ01085:B, ARQ01087:A, ENG01169:A"
C,etapa_aluno,ARQU/3,SEXTA-FEIRA,5.0,"ARQ01004:B, ARQ01005:A, ARQ01007:A, ARQ01076:A, ARQ01085:B, ARQ01087:A, ENG01169:A"
C,etapa_aluno,ARQU/4,SEGUNDA-FEIRA,8.0,"ARQ01008:A, ARQ01086:A, ARQ02201:A, ENG01171:U, IPH02045:A, IPH02046:B"
C,etapa_aluno,ARQU/4,TERÇA-FEIRA,5.0,"ARQ01008:A, ARQ01086:A, ARQ02201:A, ENG01171:U, IPH02045:A, IPH02046:B"
C,etapa_aluno,ARQU/4,QUARTA-FEIRA,5.0,"ARQ01008:A, ARQ01086:A, ARQ02201:A, ENG01171:U, IPH02045:A, IPH02046:B"
C,etapa_aluno,ARQU/4,QUINTA-FEIRA,3.0,"ARQ01008:A, ARQ01086:A, ARQ02201:A, ENG01171:U, IPH02045:A, IPH02046:B"
C,etapa_aluno,ARQU/4,SEXTA-FEIRA,5.0,"ARQ01008:A, ARQ01086:A, ARQ02201:A, ENG01171:U, IPH02045:A, IPH02046:B"
C,etapa_aluno,ARQU/5,SEGUNDA-FEIRA,0.0,"ARQ01009:A, ARQ01094:A, ARQ02001:A, ENG01172:U"
C,etapa_aluno,ARQU/5,TERÇA-FEIRA,8.0,"ARQ01009:A, ARQ01094:A, ARQ02001:A, ENG01172:U"
C,etapa_aluno,ARQU/5,QUARTA-FEIRA,2.0,"ARQ01009:A, ARQ01094:A, ARQ02001:A, ENG01172:U"
C,etapa_aluno,ARQU/5,QUINTA-FEIRA,7.0,"ARQ01009:A, ARQ01094:A, ARQ02001:A, ENG01172:U"
C,etapa_aluno,ARQU/5,SEXTA-FEIRA,3.0,"ARQ01009:A, ARQ01094:A, ARQ02001:A, ENG01172:U"
C,etapa_aluno,ARQU/6,SEGUNDA-FEIRA,3.0,"ARQ01011:A, ARQ01088:A, ARQ02002:A, ENG01173:U, ENG01176:A"
C,etapa_aluno,ARQU/6,TERÇA-FEIRA,9.0,"ARQ01011:A, ARQ01088:A, ARQ02002:A, ENG01173:U, ENG01176:A"
C,etapa_aluno,ARQU/6,QUARTA-FEIRA,4.0,"ARQ01011:A, ARQ01088:A, ARQ02002:A, ENG01173:U, ENG01176:A"
C,etapa_aluno,ARQU/6,QUINTA-FEIRA,6.0,"ARQ01011:A, ARQ01088:A, ARQ02002:A, ENG01173:U, ENG01176:A"
C,etapa_aluno,ARQU/6,SEXTA-FEIRA,4.0,"ARQ01011:A, ARQ01088:A, ARQ02002:A, ENG01173:U, ENG01176:A"
C,etapa_aluno,ARQU/7,SEGUNDA-FEIRA,5.0,"ARQ01013:C, ARQ01073:A, ARQ02003:A, ARQ02213:A, ENG01174:U, ENG03015:A"
C,etapa_aluno,ARQU/7,TERÇA-FEIRA,9.0,"ARQ01013:C, ARQ01073:A, ARQ02003:A, ARQ02213:A, ENG01174:U, ENG03015:A"
C,etapa_aluno,ARQU/7,QUARTA-FEIRA,6.0,"ARQ01013:C, ARQ01073:A, ARQ02003:A, ARQ02213:A, ENG01174:U, ENG03015:A"
C,etapa_aluno,ARQU/7,QUINTA-FEIRA,4.0,"ARQ01013:C, ARQ01073:A, ARQ02003:A, ARQ02213:A, ENG01174:U, ENG03015:A"
C,etapa_aluno,ARQU/7,SEXTA-FEIRA,7.0,"ARQ01013:C, ARQ01073:A, ARQ02003:A, ARQ02213:A, ENG01174:U, ENG03015:A"
C,etapa_aluno,ARQU/8,SEGUNDA-FEIRA,10.0,"ARQ01016:A, ARQ01017:U, ARQ01089:A, ARQ01090:D1, ARQ02004:A, ARQ02005:A, ENG01175:U"
C,etapa_aluno,ARQU/8,TERÇA-FEIRA,6.0,"ARQ01016:A, ARQ01017:U, ARQ01089:A, ARQ01090:D1, ARQ02004:A, ARQ02005:A, ENG01175:U"
C,etapa_aluno,ARQU/8,QUARTA-FEIRA,6.0,"ARQ01016:A, ARQ01017:U, ARQ01089:A, ARQ01090:D1, ARQ02004:A, ARQ02005:A, ENG01175:U"
C,etapa_aluno,ARQU/8,QUINTA-FEIRA,3.0,"ARQ01016:A, ARQ01017:U, ARQ01089:A, ARQ01090:D1, ARQ02004:A, ARQ02005:A, ENG01175:U"
C,etapa_aluno,ARQU/8,SEXTA-FEIRA,5.0,"ARQ01016:A, ARQ01017:U, ARQ01089:A, ARQ01090:D1, ARQ02004:A, ARQ02005:A, ENG01175:U"
C,etapa_aluno,ARQU/9,SEGUNDA-FEIRA,7.0,"ARQ01018:A, ARQ01020:A, ARQ01091:D2, ARQ01099:A, ARQ02006:A"
C,etapa_aluno,ARQU/9,TERÇA-FEIRA,8.0,"ARQ01018:A, ARQ01020:A, ARQ01091:D2, ARQ01099:A, ARQ02006:A"
C,etapa_aluno,ARQU/9,QUARTA-FEIRA,1.0,"ARQ01018:A, ARQ01020:A, ARQ01091:D2, ARQ01099:A, ARQ02006:A"
C,etapa_aluno,ARQU/9,QUINTA-FEIRA,6.0,"ARQ01018:A, ARQ01020:A, ARQ01091:D2, ARQ01099:A, ARQ02006:A"
C,etapa_aluno,ARQU/9,SEXTA-FEIRA,2.0,"ARQ01018:A, ARQ01020:A, ARQ01091:D2, ARQ01099:A, ARQ02006:A"
C,etapa_aluno,DPRO/1,SEGUNDA-FEIRA,4.0,"ARQ03062:A, ARQ03063:A, ARQ03064:A, ARQ03066:A, ARQ03318:M"
C,etapa_aluno,DPRO/1,TERÇA-FEIRA,6.0,"ARQ03062:A, ARQ03063:A, ARQ03064:A, ARQ03066:A, ARQ03318:M"
C,etapa_aluno,DPRO/1,QUARTA-FEIRA,2.0,"ARQ03062:A, ARQ03063:A, ARQ03064:A, ARQ03066:A, ARQ03318:M"
C,etapa_aluno,DPRO/1,QUINTA-FEIRA,6.0,"ARQ03062:A, ARQ03063:A, ARQ03064:A, ARQ03066:A, ARQ03318:M"
C,etapa_aluno,DPRO/1,SEXTA-FEIRA,0.0,"ARQ03062:A, ARQ03063:A, ARQ03064:A, ARQ03066:A, ARQ03318:M"
C,etapa_aluno,DPRO/2,SEGUNDA-FEIRA,6.0,"ARQ03065:A, ARQ03067:A, ARQ03111:A, ARQ03149:A"
C,etapa_aluno,DPRO/2,TERÇA-FEIRA,2.0,"ARQ03065:A, ARQ03067:A, ARQ03111:A, ARQ03149:A"
C,etapa_aluno,DPRO/2,QUARTA-FEIRA,2.0,"ARQ03065:A, ARQ03067:A, ARQ03111:A, ARQ03149:A"
C,etapa_aluno,DPRO/2,QUINTA-FEIRA,2.0,"ARQ03065:A, ARQ03067:A, ARQ03111:A, ARQ03149:A"
C,etapa_aluno,DPRO/2,SEXTA-FEIRA,2.0,"ARQ03065:A, ARQ03067:A, ARQ03111:A, ARQ03149:A"
C,etapa_aluno,DPRO/3,SEGUNDA-FEIRA,0.0,"ARQ03071:A, ARQ03098:A, ARQ03112:A, ARQ03139:A"
C,etapa_aluno,DPRO/3,TERÇA-FEIRA,6.0,"ARQ03071:A, ARQ03098:A, ARQ03112:A, ARQ03139:A"
C,etapa_aluno,DPRO/3,QUARTA-FEIRA,2.0,"ARQ03071:A, ARQ03098:A, ARQ03112:A, ARQ03139:A"
C,etapa_aluno,DPRO/3,QUINTA-FEIRA,4.0,"ARQ03071:A, ARQ03098:A, ARQ03112:A, ARQ03139:A"
C,etapa_aluno,DPRO/3,SEXTA-FEIRA,2.0,"ARQ03071:A, ARQ03098:A, ARQ03112:A, ARQ03139:A"
C,etapa_aluno,DPRO/4,SEGUNDA-FEIRA,2.0,"ARQ03072:A, ARQ03092:A, ARQ03114:A, ARQ03140:A"
C,etapa_aluno,DPRO/4,TERÇA-FEIRA,5.0,"ARQ03072:A, ARQ03092:A, ARQ03114:A, ARQ03140:A"
C,etapa_aluno,DPRO/4,QUARTA-FEIRA,0.0,"ARQ03072:A, ARQ03092:A, ARQ03114:A, ARQ03140:A"
C,etapa_aluno,DPRO/4,QUINTA-FEIRA,3.0,"ARQ03072:A, ARQ03092:A, ARQ03114:A, ARQ03140:A"
C,etapa_aluno,DPRO/4,SEXTA-FEIRA,3.0,"ARQ03072:A, ARQ03092:A, ARQ03114:A, ARQ03140:A"
C,etapa_aluno,DPRO/5,SEGUNDA-FEIRA,4.0,"ARQ03077:A, ARQ03079:A, ARQ03080:A, ARQ03138:A, ENG03019:C"
C,etapa_aluno,DPRO/5,TERÇA-FEIRA,3.0,"ARQ03077:A, ARQ03079:A, ARQ03080:A, ARQ03138:A, ENG03019:C"
C,etapa_aluno,DPRO/5,QUARTA-FEIRA,2.0,"ARQ03077:A, ARQ03079:A, ARQ03080:A, ARQ03138:A, ENG03019:C"
C,etapa_aluno,DPRO/5,QUINTA-FEIRA,6.0,"ARQ03077:A, ARQ03079:A, ARQ03080:A, ARQ03138:A, ENG03019:C"
C,etapa_aluno,DPRO/5,SEXTA-FEIRA,2.0,"ARQ03077:A, ARQ03079:A, ARQ03080:A, ARQ03138:A, ENG03019:C"
C,etapa_aluno,DPRO/6,SEGUNDA-FEIRA,3.0,"ARQ03081:A, ARQ03082:A"
C,etapa_aluno,DPRO/6,TERÇA-FEIRA,0.0,"ARQ03081:A, ARQ03082:A"
C,etapa_aluno,DPRO/6,QUARTA-FEIRA,3.0,"ARQ03081:A, ARQ03082:A"
C,etapa_aluno,DPRO/6,QUINTA-FEIRA,4.0,"ARQ03081:A, ARQ03082:A"
C,etapa_aluno,DPRO/6,SEXTA-FEIRA,0.0,"ARQ03081:A, ARQ03082:A"
C,etapa_aluno,DPRO/7,SEGUNDA-FEIRA,3.0,"ARQ03083:A, ARQ03085:A, ARQ03129:A, ENG03040:U"
C,etapa_aluno,DPRO/7,TERÇA-FEIRA,2.0,"ARQ03083:A, ARQ03085:A, ARQ03129:A, ENG03040:U"
C,etapa_aluno,DPRO/7,QUARTA-FEIRA,6.0,"ARQ03083:A, ARQ03085:A, ARQ03129:A, ENG03040:U"
C,etapa_aluno,DPRO/7,QUINTA-FEIRA,4.0,"ARQ03083:A, ARQ03085:A, ARQ03129:A, ENG03040:U"
C,etapa_aluno,DPRO/7,SEXTA-FEIRA,3.0,"ARQ03083:A, ARQ03085:A, ARQ03129:A, ENG03040:U"
C,etapa_aluno,DPRO/8,SEGUNDA-FEIRA,3.0,ARQ03086:A
C,etapa_aluno,DPRO/8,TERÇA-FEIRA,0.0,ARQ03086:A
C,etapa_aluno,DPRO/8,QUARTA-FEIRA,0.0,ARQ03086:A
C,etapa_aluno,DPRO/8,QUINTA-FEIRA,0.0,ARQ03086:A
C,etapa_aluno,DPRO/8,SEXTA-FEIRA,3.0,ARQ03086:A
C,etapa_aluno,DPRO/9,SEGUNDA-FEIRA,0.0,"ARQ03090:A, ARQ03091:A"
C,etapa_aluno,DPRO/9,TERÇA-FEIRA,3.0,"ARQ03090:A, ARQ03091:A"
C,etapa_aluno,DPRO/9,QUARTA-FEIRA,2.0,"ARQ03090:A, ARQ03091:A"
C,etapa_aluno,DPRO/9,QUINTA-FEIRA,3.0,"ARQ03090:A, ARQ03091:A"
C,etapa_aluno,DPRO/9,SEXTA-FEIRA,0.0,"ARQ03090:A, ARQ03091:A"
C,etapa_aluno,DVIS/1,SEGUNDA-FEIRA,4.0,"ARQ03062:A, ARQ03063:A, ARQ03064:A, ARQ03066:A, ARQ03318:M"
C,etapa_aluno,DVIS/1,TERÇA-FEIRA,6.0,"ARQ03062:A, ARQ03063:A, ARQ03064:A, ARQ03066:A, ARQ03318:M"
C,etapa_aluno,DVIS/1,QUARTA-FEIRA,2.0,"ARQ03062:A, ARQ03063:A, ARQ03064:A, ARQ03066:A, ARQ03318:M"
C,etapa_aluno,DVIS/1,QUINTA-FEIRA,6.0,"ARQ03062:A, ARQ03063:A, ARQ03064:A, ARQ03066:A, ARQ03318:M"
C,etapa_aluno,DVIS/1,SEXTA-FEIRA,0.0,"ARQ03062:A, ARQ03063:A, ARQ03064:A, ARQ03066:A, ARQ03318:M"
C,etapa_aluno,DVIS/2,SEGUNDA-FEIRA,6.0,"ARQ03065:A, ARQ03067:A, ARQ03095:AA, ARQ03111:A, ARQ03113:A, ARQ03150:B"
C,etapa_aluno,DVIS/2,TERÇA-FEIRA,5.0,"ARQ03065:A, ARQ03067:A, ARQ03095:AA, ARQ03111:A, ARQ03113:A, ARQ03150:B"
C,etapa_aluno,DVIS/2,QUARTA-FEIRA,2.0,"ARQ03065:A, ARQ03067:A, ARQ03095:AA, ARQ03111:A, ARQ03113:A, ARQ03150:B"
C,etapa_aluno,DVIS/2,QUINTA-FEIRA,2.0,"ARQ03065:A, ARQ03067:A, ARQ03095:AA, ARQ03111:A, ARQ03113:A, ARQ03150:B"
C,etapa_aluno,DVIS/2,SEXTA-FEIRA,4.0,"ARQ03065:A, ARQ03067:A, ARQ03095:AA, ARQ03111:A, ARQ03113:A, ARQ03150:B"
C,etapa_aluno,DVIS/3,SEGUNDA-FEIRA,2.0,"ARQ03070:B, ARQ03071:A, ARQ03098:A, ARQ03112:A, ARQ03139:A, ARQ03148:A"
C,etapa_aluno,DVIS/3,TERÇA-FEIRA,6.0,"ARQ03070:B, ARQ03071:A, ARQ03098:A, ARQ03112:A, ARQ03139:A, ARQ03148:A"
C,etapa_aluno,DVIS/3,QUARTA-FEIRA,4.0,"ARQ03070:B, ARQ03071:A, ARQ03098:A, ARQ03112:A, ARQ03139:A, ARQ03148:A"
C,etapa_aluno,DVIS/3,QUINTA-FEIRA,4.0,"ARQ03070:B, ARQ03071:A, ARQ03098:A, ARQ03112:A, ARQ03139:A, ARQ03148:A"
C,etapa_aluno,DVIS/3,SEXTA-FEIRA,4.0,"ARQ03070:B, ARQ03071:A, ARQ03098:A, ARQ03112:A, ARQ03139:A, ARQ03148:A"
C,etapa_aluno,DVIS/4,SEGUNDA-FEIRA,4.0,"ARQ03073:A, ARQ03075:A, ARQ03092:A, ARQ03114:A, ARQ03140:A"
C,etapa_aluno,DVIS/4,TERÇA-FEIRA,2.0,"ARQ03073:A, ARQ03075:A, ARQ03092:A, ARQ03114:A, ARQ03140:A"
C,etapa_aluno,DVIS/4,QUARTA-FEIRA,2.0,"ARQ03073:A, ARQ03075:A, ARQ03092:A, ARQ03114:A, ARQ03140:A"
C,etapa_aluno,DVIS/4,QUINTA-FEIRA,3.0,"ARQ03073:A, ARQ03075:A, ARQ03092:A, ARQ03114:A, ARQ03140:A"
C,etapa_aluno,DVIS/4,SEXTA-FEIRA,6.0,"ARQ03073:A, ARQ03075:A, ARQ03092:A, ARQ03114:A, ARQ03140:A"
C,etapa_aluno,DVIS/5,SEGUNDA-FEIRA,7.0,"ARQ03078:A, ARQ03079:A, ARQ03080:A, ARQ03130:A"
C,etapa_aluno,DVIS/5,TERÇA-FEIRA,3.0,"ARQ03078:A, ARQ03079:A, ARQ03080:A, ARQ03130:A"
C,etapa_aluno,DVIS/5,QUARTA-FEIRA,2.0,"ARQ03078:A, ARQ03079:A, ARQ03080:A, ARQ03130:A"
C,etapa_aluno,DVIS/5,QUINTA-FEIRA,0.0,"ARQ03078:A, ARQ03079:A, ARQ03080:A, ARQ03130:A"
C,etapa_aluno,DVIS/5,SEXTA-FEIRA,2.0,"ARQ03078:A, ARQ03079:A, ARQ03080:A, ARQ03130:A"
C,etapa_aluno,DVIS/6,SEGUNDA-FEIRA,3.0,"ARQ03081:A, ARQ03082:A, ARQ03142:A"
C,etapa_aluno,DVIS/6,TERÇA-FEIRA,4.0,"ARQ03081:A, ARQ03082:A, ARQ03142:A"
C,etapa_aluno,DVIS/6,QUARTA-FEIRA,3.0,"ARQ03081:A, ARQ03082:A, ARQ03142:A"
C,etapa_aluno,DVIS/6,QUINTA-FEIRA,4.0,"ARQ03081:A, ARQ03082:A, ARQ03142:A"
C,etapa_aluno,DVIS/6,SEXTA-FEIRA,0.0,"ARQ03081:A, ARQ03082:A, ARQ03142:A"
C,etapa_aluno,DVIS/7,SEGUNDA-FEIRA,0.0,"ARQ03084:A, ARQ03085:A, ARQ03129:A"
C,etapa_aluno,DVIS/7,TERÇA-FEIRA,5.0,"ARQ03084:A, ARQ03085:A, ARQ03129:A"
C,etapa_aluno,DVIS/7,QUARTA-FEIRA,4.0,"ARQ03084:A, ARQ03085:A, ARQ03129:A"
C,etapa_aluno,DVIS/7,QUINTA-FEIRA,5.0,"ARQ03084:A, ARQ03085:A, ARQ03129:A"
C,etapa_aluno,DVIS/7,SEXTA-FEIRA,0.0,"ARQ03084:A, ARQ03085:A, ARQ03129:A"
C,etapa_aluno,DVIS/8,SEGUNDA-FEIRA,0.0,"ARQ03087:A, ARQ03099:A"
C,etapa_aluno,DVIS/8,TERÇA-FEIRA,3.0,"ARQ03087:A, ARQ03099:A"
C,etapa_aluno,DVIS/8,QUARTA-FEIRA,4.0,"ARQ03087:A, ARQ03099:A"
C,etapa_aluno,DVIS/8,QUINTA-FEIRA,3.0,"ARQ03087:A, ARQ03099:A"
C,etapa_aluno,DVIS/8,SEXTA-FEIRA,0.0,"ARQ03087:A, ARQ03099:A"
C,etapa_aluno,DVIS/9,SEGUNDA-FEIRA,0.0,"ARQ03090:A, ARQ03091:A"
C,etapa_aluno,DVIS/9,TERÇA-FEIRA,3.0,"ARQ03090:A, ARQ03091:A"
C,etapa_aluno,DVIS/9,QUARTA-FEIRA,2.0,"ARQ03090:A, ARQ03091:A"
C,etapa_aluno,DVIS/9,QUINTA-FEIRA,3.0,"ARQ03090:A, ARQ03091:A"
C,etapa_aluno,DVIS/9,SEXTA-FEIRA,0.0,"ARQ03090:A, ARQ03091:A"
C,docente,Prof01,SEGUNDA-FEIRA,3.0,
C,docente,Prof01,TERÇA-FEIRA,6.0,
C,docente,Prof01,QUARTA-FEIRA,6.0,
C,docente,Prof01,QUINTA-FEIRA,6.0,
C,docente,Prof01,SEXTA-FEIRA,3.0,
C,docente,Prof02,SEGUNDA-FEIRA,4.0,
C,docente,Prof02,TERÇA-FEIRA,3.0,
C,docente,Prof02,QUARTA-FEIRA,2.0,
C,docente,Prof02,QUINTA-FEIRA,3.0,
C,docente,Prof02,SEXTA-FEIRA,4.0,
C,docente,Prof03,SEGUNDA-FEIRA,4.0,
C,docente,Prof03,TERÇA-FEIRA,0.0,
C,docente,Prof03,QUARTA-FEIRA,4.0,
C,docente,Prof03,QUINTA-FEIRA,0.0,
C,docente,Prof03,SEXTA-FEIRA,4.0,
C,docente,Prof04,SEGUNDA-FEIRA,4.0,
C,docente,Prof04,TERÇA-FEIRA,0.0,
C,docente,Prof04,QUARTA-FEIRA,4.0,
C,docente,Prof04,QUINTA-FEIRA,0.0,
C,docente,Prof04,SEXTA-FEIRA,2.0,
C,docente,Prof05,SEGUNDA-FEIRA,3.0,
C,docente,Prof05,TERÇA-FEIRA,0.0,
C,docente,Prof05,QUARTA-FEIRA,5.0,
C,docente,Prof05,QUINTA-FEIRA,0.0,
C,docente,Prof05,SEXTA-FEIRA,0.0,
C,docente,Prof06,SEGUNDA-FEIRA,0.0,
C,docente,Prof06,TERÇA-FEIRA,4.0,
C,docente,Prof06,QUARTA-FEIRA,2.0,
C,docente,Prof06,QUINTA-FEIRA,4.0,
C,docente,Prof06,SEXTA-FEIRA,2.0,
C,docente,Prof07,SEGUNDA-FEIRA,0.0,
C,docente,Prof07,TERÇA-FEIRA,4.0,
C,docente,Prof07,QUARTA-FEIRA,0.0,
C,docente,Prof07,QUINTA-FEIRA,3.0,
C,docente,Prof07,SEXTA-FEIRA,3.0,
C,docente,Prof08,SEGUNDA-FEIRA,3.0,
C,docente,Prof08,TERÇA-FEIRA,3.0,
C,docente,Prof08,QUARTA-FEIRA,3.0,
C,docente,Prof08,QUINTA-FEIRA,6.0,
C,docente,Prof08,SEXTA-FEIRA,3.0,
C,docente,Prof09,SEGUNDA-FEIRA,4.0,
C,docente,Prof09,TERÇA-FEIRA,0.0,
C,docente,Prof09,QUARTA-FEIRA,4.0,
C,docente,Prof09,QUINTA-FEIRA,0.0,
C,docente,Prof09,SEXTA-FEIRA,0.0,
C,docente,Prof10,SEGUNDA-FEIRA,2.0,
C,docente,Prof10,TERÇA-FEIRA,2.0,
C,docente,Prof10,QUARTA-FEIRA,2.0,
C,docente,Prof10,QUINTA-FEIRA,2.0,
C,docente,Prof10,SEXTA-FEIRA,4.0,
C,docente,Prof100,SEGUNDA-FEIRA,0.0,
C,docente,Prof100,TERÇA-FEIRA,4.0,
C,docente,Prof100,QUARTA-FEIRA,0.0,
C,docente,Prof100,QUINTA-FEIRA,0.0,
C,docente,Prof100,SEXTA-FEIRA,0.0,
C,docente,Prof101,SEGUNDA-FEIRA,3.0,
C,docente,Prof101,TERÇA-FEIRA,3.0,
C,docente,Prof101,QUARTA-FEIRA,3.0,
C,docente,Prof101,QUINTA-FEIRA,3.0,
C,docente,Prof101,SEXTA-FEIRA,3.0,
C,docente,Prof102,SEGUNDA-FEIRA,2.0,
C,docente,Prof102,TERÇA-FEIRA,0.0,
C,docente,Prof102,QUARTA-FEIRA,2.0,
C,docente,Prof102,QUINTA-FEIRA,0.0,
C,docente,Prof102,SEXTA-FEIRA,0.0,
C,docente,Prof103,SEGUNDA-FEIRA,0.0,
C,docente,Prof103,TERÇA-FEIRA,2.0,
C,docente,Prof103,QUARTA-FEIRA,0.0,
C,docente,Prof103,QUINTA-FEIRA,2.0,
C,docente,Prof103,SEXTA-FEIRA,0.0,
C,docente,Prof104,SEGUNDA-FEIRA,2.0,
C,docente,Prof104,TERÇA-FEIRA,4.0,
C,docente,Prof104,QUARTA-FEIRA,2.0,
C,docente,Prof104,QUINTA-FEIRA,0.0,
C,docente,Prof104,SEXTA-FEIRA,0.0,
C,docente,Prof105,SEGUNDA-FEIRA,4.0,
C,docente,Prof105,TERÇA-FEIRA,0.0,
C,docente,Prof105,QUARTA-FEIRA,2.0,
C,docente,Prof105,QUINTA-FEIRA,0.0,
C,docente,Prof105,SEXTA-FEIRA,0.0,
C,docente,Prof106,SEGUNDA-FEIRA,0.0,
C,docente,Prof106,TERÇA-FEIRA,0.0,
C,docente,Prof106,QUARTA-FEIRA,2.0,
C,docente,Prof106,QUINTA-FEIRA,0.0,
C,docente,Prof106,SEXTA-FEIRA,5.0,
C,docente,Prof107,SEGUNDA-FEIRA,0.0,
C,docente,Prof107,TERÇA-FEIRA,0.0,
C,docente,Prof107,QUARTA-FEIRA,2.0,
C,docente,Prof107,QUINTA-FEIRA,0.0,
C,docente,Prof107,SEXTA-FEIRA,2.0,
C,docente,Prof108,SEGUNDA-FEIRA,0.0,
C,docente,Prof108,TERÇA-FEIRA,0.0,
C,docente,Prof108,QUARTA-FEIRA,2.0,
C,docente,Prof108,QUINTA-FEIRA,0.0,
C,docente,Prof108,SEXTA-FEIRA,2.0,
C,docente,Prof109,SEGUNDA-FEIRA,4.0,
C,docente,Prof109,TERÇA-FEIRA,0.0,
C,docente,Prof109,QUARTA-FEIRA,0.0,
C,docente,Prof109,QUINTA-FEIRA,0.0,
C,docente,Prof109,SEXTA-FEIRA,0.0,
C,docente,Prof11,SEGUNDA-FEIRA,3.0,
C,docente,Prof11,TERÇA-FEIRA,3.0,
C,docente,Prof11,QUARTA-FEIRA,2.0,
C,docente,Prof11,QUINTA-FEIRA,0.0,
C,docente,Prof11,SEXTA-FEIRA,0.0,
C,docente,Prof110,SEGUNDA-FEIRA,4.0,
C,docente,Prof110,TERÇA-FEIRA,0.0,
C,docente,Prof110,QUARTA-FEIRA,0.0,
C,docente,Prof110,QUINTA-FEIRA,0.0,
C,docente,Prof110,SEXTA-FEIRA,0.0,
C,docente,Prof111,SEGUNDA-FEIRA,2.0,
C,docente,Prof111,TERÇA-FEIRA,2.0,
C,docente,Prof111,QUARTA-FEIRA,0.0,
C,docente,Prof111,QUINTA-FEIRA,0.0,
C,docente,Prof111,SEXTA-FEIRA,0.0,
C,docente,Prof112,SEGUNDA-FEIRA,3.0,
C,docente,Prof112,TERÇA-FEIRA,0.0,
C,docente,Prof112,QUARTA-FEIRA,0.0,
C,docente,Prof112,QUINTA-FEIRA,0.0,
C,docente,Prof112,SEXTA-FEIRA,3.0,
C,docente,Prof113,SEGUNDA-FEIRA,3.0,
C,docente,Prof113,TERÇA-FEIRA,0.0,
C,docente,Prof113,QUARTA-FEIRA,0.0,
C,docente,Prof113,QUINTA-FEIRA,0.0,
C,docente,Prof113,SEXTA-FEIRA,0.0,
C,docente,Prof114,SEGUNDA-FEIRA,0.0,
C,docente,Prof114,TERÇA-FEIRA,2.0,
C,docente,Prof114,QUARTA-FEIRA,0.0,
C,docente,Prof114,QUINTA-FEIRA,2.0,
C,docente,Prof114,SEXTA-FEIRA,0.0,
C,docente,Prof115,SEGUNDA-FEIRA,0.0,
C,docente,Prof115,TERÇA-FEIRA,2.0,
C,docente,Prof115,QUARTA-FEIRA,0.0,
C,docente,Prof115,QUINTA-FEIRA,2.0,
C,docente,Prof115,SEXTA-FEIRA,0.0,
C,docente,Prof116,SEGUNDA-FEIRA,0.0,
C,docente,Prof116,TERÇA-FEIRA,2.0,
C,docente,Prof116,QUARTA-FEIRA,0.0,
C,docente,Prof116,QUINTA-FEIRA,2.0,
C,docente,Prof116,SEXTA-FEIRA,0.0,
C,docente,Prof117,SEGUNDA-FEIRA,0.0,
C,docente,Prof117,TERÇA-FEIRA,4.0,
C,docente,Prof117,QUARTA-FEIRA,0.0,
C,docente,Prof117,QUINTA-FEIRA,4.0,
C,docente,Prof117,SEXTA-FEIRA,0.0,
C,docente,Prof118,SEGUNDA-FEIRA,0.0,
C,docente,Prof118,TERÇA-FEIRA,2.0,
C,docente,Prof118,QUARTA-FEIRA,0.0,
C,docente,Prof118,QUINTA-FEIRA,2.0,
C,docente,Prof118,SEXTA-FEIRA,0.0,
C,docente,Prof119,SEGUNDA-FEIRA,0.0,
C,docente,Prof119,TERÇA-FEIRA,2.0,
C,docente,Prof119,QUARTA-FEIRA,0.0,
C,docente,Prof119,QUINTA-FEIRA,2.0,
C,docente,Prof119,SEXTA-FEIRA,0.0,
C,docente,Prof12,SEGUNDA-FEIRA,0.0,
C,docente,Prof12,TERÇA-FEIRA,0.0,
C,docente,Prof12,QUARTA-FEIRA,2.0,
C,docente,Prof12,QUINTA-FEIRA,2.0,
C,docente,Prof12,SEXTA-FEIRA,0.0,
C,docente,Prof120,SEGUNDA-FEIRA,2.0,
C,docente,Prof120,TERÇA-FEIRA,0.0,
C,docente,Prof120,QUARTA-FEIRA,0.0,
C,docente,Prof120,QUINTA-FEIRA,0.0,
C,docente,Prof120,SEXTA-FEIRA,2.0,
C,docente,Prof121,SEGUNDA-FEIRA,0.0,
C,docente,Prof121,TERÇA-FEIRA,0.0,
C,docente,Prof121,QUARTA-FEIRA,4.0,
C,docente,Prof121,QUINTA-FEIRA,0.0,
C,docente,Prof121,SEXTA-FEIRA,0.0,
C,docente,Prof122,SEGUNDA-FEIRA,3.0,
C,docente,Prof122,TERÇA-FEIRA,0.0,
C,docente,Prof122,QUARTA-FEIRA,3.0,
C,docente,Prof122,QUINTA-FEIRA,3.0,
C,docente,Prof122,SEXTA-FEIRA,3.0,
C,docente,Prof123,SEGUNDA-FEIRA,4.0,
C,docente,Prof123,TERÇA-FEIRA,3.0,
C,docente,Prof123,QUARTA-FEIRA,0.0,
C,docente,Prof123,QUINTA-FEIRA,3.0,
C,docente,Prof123,SEXTA-FEIRA,0.0,
C,docente,Prof124,SEGUNDA-FEIRA,0.0,
C,docente,Prof124,TERÇA-FEIRA,2.0,
C,docente,Prof124,QUARTA-FEIRA,0.0,
C,docente,Prof124,QUINTA-FEIRA,2.0,
C,docente,Prof124,SEXTA-FEIRA,0.0,
C,docente,Prof125,SEGUNDA-FEIRA,0.0,
C,docente,Prof125,TERÇA-FEIRA,3.0,
C,docente,Prof125,QUARTA-FEIRA,0.0,
C,docente,Prof125,QUINTA-FEIRA,4.0,
C,docente,Prof125,SEXTA-FEIRA,0.0,
C,docente,Prof126,SEGUNDA-FEIRA,0.0,
C,docente,Prof126,TERÇA-FEIRA,3.0,
C,docente,Prof126,QUARTA-FEIRA,4.0,
C,docente,Prof126,QUINTA-FEIRA,4.0,
C,docente,Prof126,SEXTA-FEIRA,0.0,
C,docente,Prof127,SEGUNDA-FEIRA,3.0,
C,docente,Prof127,TERÇA-FEIRA,0.0,
C,docente,Prof127,QUARTA-FEIRA,0.0,
C,docente,Prof127,QUINTA-FEIRA,0.0,
C,docente,Prof127,SEXTA-FEIRA,3.0,
C,docente,Prof128,SEGUNDA-FEIRA,3.0,
C,docente,Prof128,TERÇA-FEIRA,6.0,
C,docente,Prof128,QUARTA-FEIRA,0.0,
C,docente,Prof128,QUINTA-FEIRA,3.0,
C,docente,Prof128,SEXTA-FEIRA,0.0,
C,docente,Prof129,SEGUNDA-FEIRA,3.0,
C,docente,Prof129,TERÇA-FEIRA,4.0,
C,docente,Prof129,QUARTA-FEIRA,0.0,
C,docente,Prof129,QUINTA-FEIRA,3.0,
C,docente,Prof129,SEXTA-FEIRA,0.0,
C,docente,Prof13,SEGUNDA-FEIRA,4.0,
C,docente,Prof13,TERÇA-FEIRA,0.0,
C,docente,Prof13,QUARTA-FEIRA,3.0,
C,docente,Prof13,QUINTA-FEIRA,0.0,
C,docente,Prof13,SEXTA-FEIRA,3.0,
C,docente,Prof130,SEGUNDA-FEIRA,0.0,
C,docente,Prof130,TERÇA-FEIRA,4.0,
C,docente,Prof130,QUARTA-FEIRA,0.0,
C,docente,Prof130,QUINTA-FEIRA,3.0,
C,docente,Prof130,SEXTA-FEIRA,3.0,
C,docente,Prof131,SEGUNDA-FEIRA,0.0,
C,docente,Prof131,TERÇA-FEIRA,2.0,
C,docente,Prof131,QUARTA-FEIRA,2.0,
C,docente,Prof131,QUINTA-FEIRA,2.0,
C,docente,Prof131,SEXTA-FEIRA,2.0,
C,docente,Prof132,SEGUNDA-FEIRA,4.0,
C,docente,Prof132,TERÇA-FEIRA,4.0,
C,docente,Prof132,QUARTA-FEIRA,0.0,
C,docente,Prof132,QUINTA-FEIRA,2.0,
C,docente,Prof132,SEXTA-FEIRA,0.0,
C,docente,Prof133,SEGUNDA-FEIRA,4.0,
C,docente,Prof133,TERÇA-FEIRA,0.0,
C,docente,Prof133,QUARTA-FEIRA,0.0,
C,docente,Prof133,QUINTA-FEIRA,3.0,
C,docente,Prof133,SEXTA-FEIRA,0.0,
C,docente,Prof14,SEGUNDA-FEIRA,2.0,
C,docente,Prof14,TERÇA-FEIRA,0.0,
C,docente,Prof14,QUARTA-FEIRA,2.0,
C,docente,Prof14,QUINTA-FEIRA,0.0,
C,docente,Prof14,SEXTA-FEIRA,0.0,
C,docente,Prof15,SEGUNDA-FEIRA,0.0,
C,docente,Prof15,TERÇA-FEIRA,0.0,
C,docente,Prof15,QUARTA-FEIRA,2.0,
C,docente,Prof15,QUINTA-FEIRA,3.0,
C,docente,Prof15,SEXTA-FEIRA,3.0,
C,docente,Prof16,SEGUNDA-FEIRA,4.0,
C,docente,Prof16,TERÇA-FEIRA,0.0,
C,docente,Prof16,QUARTA-FEIRA,4.0,
C,docente,Prof16,QUINTA-FEIRA,0.0,
C,docente,Prof16,SEXTA-FEIRA,0.0,
C,docente,Prof17,SEGUNDA-FEIRA,0.0,
C,docente,Prof17,TERÇA-FEIRA,3.0,
C,docente,Prof17,QUARTA-FEIRA,0.0,
C,docente,Prof17,QUINTA-FEIRA,3.0,
C,docente,Prof17,SEXTA-FEIRA,4.0,
C,docente,Prof18,SEGUNDA-FEIRA,4.0,
C,docente,Prof18,TERÇA-FEIRA,0.0,
C,docente,Prof18,QUARTA-FEIRA,3.0,
C,docente,Prof18,QUINTA-FEIRA,0.0,
C,docente,Prof18,SEXTA-FEIRA,7.0,
C,docente,Prof19,SEGUNDA-FEIRA,0.0,
C,docente,Prof19,TERÇA-FEIRA,3.0,
C,docente,Prof19,QUARTA-FEIRA,0.0,
C,docente,Prof19,QUINTA-FEIRA,3.0,
C,docente,Prof19,SEXTA-FEIRA,0.0,
C,docente,Prof20,SEGUNDA-FEIRA,0.0,
C,docente,Prof20,TERÇA-FEIRA,3.0,
C,docente,Prof20,QUARTA-FEIRA,3.0,
C,docente,Prof20,QUINTA-FEIRA,3.0,
C,docente,Prof20,SEXTA-FEIRA,3.0,
C,docente,Prof21,SEGUNDA-FEIRA,5.0,
C,docente,Prof21,TERÇA-FEIRA,2.0,
C,docente,Prof21,QUARTA-FEIRA,3.0,
C,docente,Prof21,QUINTA-FEIRA,0.0,
C,docente,Prof21,SEXTA-FEIRA,0.0,
C,docente,Prof22,SEGUNDA-FEIRA,0.0,
C,docente,Prof22,TERÇA-FEIRA,3.0,
C,docente,Prof22,QUARTA-FEIRA,0.0,
C,docente,Prof22,QUINTA-FEIRA,3.0,
C,docente,Prof22,SEXTA-FEIRA,0.0,
C,docente,Prof23,SEGUNDA-FEIRA,0.0,
C,docente,Prof23,TERÇA-FEIRA,2.0,
C,docente,Prof23,QUARTA-FEIRA,0.0,
C,docente,Prof23,QUINTA-FEIRA,2.0,
C,docente,Prof23,SEXTA-FEIRA,0.0,
C,docente,Prof24,SEGUNDA-FEIRA,3.0,
C,docente,Prof24,TERÇA-FEIRA,4.0,
C,docente,Prof24,QUARTA-FEIRA,0.0,
C,docente,Prof24,QUINTA-FEIRA,0.0,
C,docente,Prof24,SEXTA-FEIRA,3.0,
C,docente,Prof25,SEGUNDA-FEIRA,4.0,
C,docente,Prof25,TERÇA-FEIRA,0.0,
C,docente,Prof25,QUARTA-FEIRA,3.0,
C,docente,Prof25,QUINTA-FEIRA,0.0,
C,docente,Prof25,SEXTA-FEIRA,3.0,
C,docente,Prof26,SEGUNDA-FEIRA,4.0,
C,docente,Prof26,TERÇA-FEIRA,3.0,
C,docente,Prof26,QUARTA-FEIRA,3.0,
C,docente,Prof26,QUINTA-FEIRA,0.0,
C,docente,Prof26,SEXTA-FEIRA,6.0,
C,docente,Prof27,SEGUNDA-FEIRA,0.0,
C,docente,Prof27,TERÇA-FEIRA,4.0,
C,docente,Prof27,QUARTA-FEIRA,0.0,
C,docente,Prof27,QUINTA-FEIRA,3.0,
C,docente,Prof27,SEXTA-FEIRA,0.0,
C,docente,Prof28,SEGUNDA-FEIRA,4.0,
C,docente,Prof28,TERÇA-FEIRA,4.0,
C,docente,Prof28,QUARTA-FEIRA,0.0,
C,docente,Prof28,QUINTA-FEIRA,0.0,
C,docente,Prof28,SEXTA-FEIRA,0.0,
C,docente,Prof29,SEGUNDA-FEIRA,3.0,
C,docente,Prof29,TERÇA-FEIRA,4.0,
C,docente,Prof29,QUARTA-FEIRA,0.0,
C,docente,Prof29,QUINTA-FEIRA,0.0,
C,docente,Prof29,SEXTA-FEIRA,3.0,
C,docente,Prof30,SEGUNDA-FEIRA,7.0,
C,docente,Prof30,TERÇA-FEIRA,7.0,
C,docente,Prof30,QUARTA-FEIRA,3.0,
C,docente,Prof30,QUINTA-FEIRA,0.0,
C,docente,Prof30,SEXTA-FEIRA,3.0,
C,docente,Prof31,SEGUNDA-FEIRA,2.0,
C,docente,Prof31,TERÇA-FEIRA,7.0,
C,docente,Prof31,QUARTA-FEIRA,0.0,
C,docente,Prof31,QUINTA-FEIRA,2.0,
C,docente,Prof31,SEXTA-FEIRA,3.0,
C,docente,Prof32,SEGUNDA-FEIRA,0.0,
C,docente,Prof32,TERÇA-FEIRA,4.0,
C,docente,Prof32,QUARTA-FEIRA,0.0,
C,docente,Prof32,QUINTA-FEIRA,3.0,
C,docente,Prof32,SEXTA-FEIRA,0.0,
C,docente,Prof33,SEGUNDA-FEIRA,0.0,
C,docente,Prof33,TERÇA-FEIRA,3.0,
C,docente,Prof33,QUARTA-FEIRA,0.0,
C,docente,Prof33,QUINTA-FEIRA,0.0,
C,docente,Prof33,SEXTA-FEIRA,3.0,
C,docente,Prof34,SEGUNDA-FEIRA,4.0,
C,docente,Prof34,TERÇA-FEIRA,3.0,
C,docente,Prof34,QUARTA-FEIRA,0.0,
C,docente,Prof34,QUINTA-FEIRA,3.0,
C,docente,Prof34,SEXTA-FEIRA,3.0,
C,docente,Prof35,SEGUNDA-FEIRA,3.0,
C,docente,Prof35,TERÇA-FEIRA,4.0,
C,docente,Prof35,QUARTA-FEIRA,0.0,
C,docente,Prof35,QUINTA-FEIRA,3.0,
C,docente,Prof35,SEXTA-FEIRA,0.0,
C,docente,Prof36,SEGUNDA-FEIRA,5.0,
C,docente,Prof36,TERÇA-FEIRA,4.0,
C,docente,Prof36,QUARTA-FEIRA,0.0,
C,docente,Prof36,QUINTA-FEIRA,5.0,
C,docente,Prof36,SEXTA-FEIRA,0.0,
C,docente,Prof37,SEGUNDA-FEIRA,0.0,
C,docente,Prof37,TERÇA-FEIRA,3.0,
C,docente,Prof37,QUARTA-FEIRA,0.0,
C,docente,Prof37,QUINTA-FEIRA,3.0,
C,docente,Prof37,SEXTA-FEIRA,3.0,
C,docente,Prof38,SEGUNDA-FEIRA,0.0,
C,docente,Prof38,TERÇA-FEIRA,3.0,
C,docente,Prof38,QUARTA-FEIRA,4.0,
C,docente,Prof38,QUINTA-FEIRA,3.0,
C,docente,Prof38,SEXTA-FEIRA,3.0,
C,docente,Prof39,SEGUNDA-FEIRA,0.0,
C,docente,Prof39,TERÇA-FEIRA,3.0,
C,docente,Prof39,QUARTA-FEIRA,3.0,
C,docente,Prof39,QUINTA-FEIRA,3.0,
C,docente,Prof39,SEXTA-FEIRA,6.0,
C,docente,Prof40,SEGUNDA-FEIRA,3.0,
C,docente,Prof40,TERÇA-FEIRA,7.0,
C,docente,Prof40,QUARTA-FEIRA,0.0,
C,docente,Prof40,QUINTA-FEIRA,3.0,
C,docente,Prof40,SEXTA-FEIRA,3.0,
C,docente,Prof41,SEGUNDA-FEIRA,0.0,
C,docente,Prof41,TERÇA-FEIRA,3.0,
C,docente,Prof41,QUARTA-FEIRA,0.0,
C,docente,Prof41,QUINTA-FEIRA,3.0,
C,docente,Prof41,SEXTA-FEIRA,3.0,
C,docente,Prof42,SEGUNDA-FEIRA,0.0,
C,docente,Prof42,TERÇA-FEIRA,0.0,
C,docente,Prof42,QUARTA-FEIRA,3.0,
C,docente,Prof42,QUINTA-FEIRA,0.0,
C,docente,Prof42,SEXTA-FEIRA,0.0,
C,docente,Prof43,SEGUNDA-FEIRA,0.0,
C,docente,Prof43,TERÇA-FEIRA,2.0,
C,docente,Prof43,QUARTA-FEIRA,4.0,
C,docente,Prof43,QUINTA-FEIRA,2.0,
C,docente,Prof43,SEXTA-FEIRA,0.0,
C,docente,Prof44,SEGUNDA-FEIRA,2.0,
C,docente,Prof44,TERÇA-FEIRA,0.0,
C,docente,Prof44,QUARTA-FEIRA,2.0,
C,docente,Prof44,QUINTA-FEIRA,0.0,
C,docente,Prof44,SEXTA-FEIRA,0.0,
C,docente,Prof45,SEGUNDA-FEIRA,4.0,
C,docente,Prof45,TERÇA-FEIRA,0.0,
C,docente,Prof45,QUARTA-FEIRA,5.0,
C,docente,Prof45,QUINTA-FEIRA,0.0,
C,docente,Prof45,SEXTA-FEIRA,3.0,
C,docente,Prof46,SEGUNDA-FEIRA,0.0,
C,docente,Prof46,TERÇA-FEIRA,0.0,
C,docente,Prof46,QUARTA-FEIRA,4.0,
C,docente,Prof46,QUINTA-FEIRA,2.0,
C,docente,Prof46,SEXTA-FEIRA,2.0,
C,docente,Prof47,SEGUNDA-FEIRA,0.0,
C,docente,Prof47,TERÇA-FEIRA,4.0,
C,docente,Prof47,QUARTA-FEIRA,2.0,
C,docente,Prof47,QUINTA-FEIRA,4.0,
C,docente,Prof47,SEXTA-FEIRA,0.0,
C,docente,Prof48,SEGUNDA-FEIRA,4.0,
C,docente,Prof48,TERÇA-FEIRA,3.0,
C,docente,Prof48,QUARTA-FEIRA,0.0,
C,docente,Prof48,QUINTA-FEIRA,6.0,
C,docente,Prof48,SEXTA-FEIRA,0.0,
C,docente,Prof49,SEGUNDA-FEIRA,0.0,
C,docente,Prof49,TERÇA-FEIRA,0.0,
C,docente,Prof49,QUARTA-FEIRA,2.0,
C,docente,Prof49,QUINTA-FEIRA,0.0,
C,docente,Prof49,SEXTA-FEIRA,2.0,
C,docente,Prof50,SEGUNDA-FEIRA,0.0,
C,docente,Prof50,TERÇA-FEIRA,2.0,
C,docente,Prof50,QUARTA-FEIRA,0.0,
C,docente,Prof50,QUINTA-FEIRA,0.0,
C,docente,Prof50,SEXTA-FEIRA,0.0,
C,docente,Prof51,SEGUNDA-FEIRA,0.0,
C,docente,Prof51,TERÇA-FEIRA,0.0,
C,docente,Prof51,QUARTA-FEIRA,0.0,
C,docente,Prof51,QUINTA-FEIRA,2.0,
C,docente,Prof51,SEXTA-FEIRA,0.0,
C,docente,Prof52,SEGUNDA-FEIRA,0.0,
C,docente,Prof52,TERÇA-FEIRA,0.0,
C,docente,Prof52,QUARTA-FEIRA,2.0,
C,docente,Prof52,QUINTA-FEIRA,2.0,
C,docente,Prof52,SEXTA-FEIRA,0.0,
C,docente,Prof53,SEGUNDA-FEIRA,4.0,
C,docente,Prof53,TERÇA-FEIRA,0.0,
C,docente,Prof53,QUARTA-FEIRA,0.0,
C,docente,Prof53,QUINTA-FEIRA,0.0,
C,docente,Prof53,SEXTA-FEIRA,0.0,
C,docente,Prof54,SEGUNDA-FEIRA,2.0,
C,docente,Prof54,TERÇA-FEIRA,4.0,
C,docente,Prof54,QUARTA-FEIRA,0.0,
C,docente,Prof54,QUINTA-FEIRA,2.0,
C,docente,Prof54,SEXTA-FEIRA,0.0,
C,docente,Prof55,SEGUNDA-FEIRA,2.0,
C,docente,Prof55,TERÇA-FEIRA,4.0,
C,docente,Prof55,QUARTA-FEIRA,4.0,
C,docente,Prof55,QUINTA-FEIRA,0.0,
C,docente,Prof55,SEXTA-FEIRA,0.0,
C,docente,Prof56,SEGUNDA-FEIRA,0.0,
C,docente,Prof56,TERÇA-FEIRA,0.0,
C,docente,Prof56,QUARTA-FEIRA,4.0,
C,docente,Prof56,QUINTA-FEIRA,2.0,
C,docente,Prof56,SEXTA-FEIRA,0.0,
C,docente,Prof57,SEGUNDA-FEIRA,3.0,
C,docente,Prof57,TERÇA-FEIRA,0.0,
C,docente,Prof57,QUARTA-FEIRA,0.0,
C,docente,Prof57,QUINTA-FEIRA,0.0,
C,docente,Prof57,SEXTA-FEIRA,0.0,
C,docente,Prof58,SEGUNDA-FEIRA,0.0,
C,docente,Prof58,TERÇA-FEIRA,2.0,
C,docente,Prof58,QUARTA-FEIRA,0.0,
C,docente,Prof58,QUINTA-FEIRA,0.0,
C,docente,Prof58,SEXTA-FEIRA,0.0,
C,docente,Prof59,SEGUNDA-FEIRA,0.0,
C,docente,Prof59,TERÇA-FEIRA,0.0,
C,docente,Prof59,QUARTA-FEIRA,0.0,
C,docente,Prof59,QUINTA-FEIRA,0.0,
C,docente,Prof59,SEXTA-FEIRA,4.0,
C,docente,Prof60,SEGUNDA-FEIRA,4.0,
C,docente,Prof60,TERÇA-FEIRA,0.0,
C,docente,Prof60,QUARTA-FEIRA,0.0,
C,docente,Prof60,QUINTA-FEIRA,0.0,
C,docente,Prof60,SEXTA-FEIRA,0.0,
C,docente,Prof61,SEGUNDA-FEIRA,0.0,
C,docente,Prof61,TERÇA-FEIRA,4.0,
C,docente,Prof61,QUARTA-FEIRA,0.0,
C,docente,Prof61,QUINTA-FEIRA,3.0,
C,docente,Prof61,SEXTA-FEIRA,5.0,
C,docente,Prof62,SEGUNDA-FEIRA,3.0,
C,docente,Prof62,TERÇA-FEIRA,3.0,
C,docente,Prof62,QUARTA-FEIRA,0.0,
C,docente,Prof62,QUINTA-FEIRA,3.0,
C,docente,Prof62,SEXTA-FEIRA,3.0,
C,docente,Prof63,SEGUNDA-FEIRA,0.0,
C,docente,Prof63,TERÇA-FEIRA,0.0,
C,docente,Prof63,QUARTA-FEIRA,3.0,
C,docente,Prof63,QUINTA-FEIRA,0.0,
C,docente,Prof63,SEXTA-FEIRA,0.0,
C,docente,Prof64,SEGUNDA-FEIRA,0.0,
C,docente,Prof64,TERÇA-FEIRA,3.0,
C,docente,Prof64,QUARTA-FEIRA,3.0,
C,docente,Prof64,QUINTA-FEIRA,0.0,
C,docente,Prof64,SEXTA-FEIRA,0.0,
C,docente,Prof65,SEGUNDA-FEIRA,0.0,
C,docente,Prof65,TERÇA-FEIRA,0.0,
C,docente,Prof65,QUARTA-FEIRA,0.0,
C,docente,Prof65,QUINTA-FEIRA,2.0,
C,docente,Prof65,SEXTA-FEIRA,0.0,
C,docente,Prof66,SEGUNDA-FEIRA,0.0,
C,docente,Prof66,TERÇA-FEIRA,0.0,
C,docente,Prof66,QUARTA-FEIRA,2.0,
C,docente,Prof66,QUINTA-FEIRA,0.0,
C,docente,Prof66,SEXTA-FEIRA,2.0,
C,docente,Prof67,SEGUNDA-FEIRA,0.0,
C,docente,Prof67,TERÇA-FEIRA,0.0,
C,docente,Prof67,QUARTA-FEIRA,0.0,
C,docente,Prof67,QUINTA-FEIRA,6.0,
C,docente,Prof67,SEXTA-FEIRA,0.0,
C,docente,Prof68,SEGUNDA-FEIRA,0.0,
C,docente,Prof68,TERÇA-FEIRA,0.0,
C,docente,Prof68,QUARTA-FEIRA,4.0,
C,docente,Prof68,QUINTA-FEIRA,0.0,
C,docente,Prof68,SEXTA-FEIRA,0.0,
C,docente,Prof69,SEGUNDA-FEIRA,2.0,
C,docente,Prof69,TERÇA-FEIRA,0.0,
C,docente,Prof69,QUARTA-FEIRA,0.0,
C,docente,Prof69,QUINTA-FEIRA,0.0,
C,docente,Prof69,SEXTA-FEIRA,0.0,
C,docente,Prof70,SEGUNDA-FEIRA,4.0,
C,docente,Prof70,TERÇA-FEIRA,0.0,
C,docente,Prof70,QUARTA-FEIRA,3.0,
C,docente,Prof70,QUINTA-FEIRA,0.0,
C,docente,Prof70,SEXTA-FEIRA,3.0,
C,docente,Prof71,SEGUNDA-FEIRA,0.0,
C,docente,Prof71,TERÇA-FEIRA,4.0,
C,docente,Prof71,QUARTA-FEIRA,0.0,
C,docente,Prof71,QUINTA-FEIRA,4.0,
C,docente,Prof71,SEXTA-FEIRA,0.0,
C,docente,Prof72,SEGUNDA-FEIRA,3.0,
C,docente,Prof72,TERÇA-FEIRA,3.0,
C,docente,Prof72,QUARTA-FEIRA,3.0,
C,docente,Prof72,QUINTA-FEIRA,3.0,
C,docente,Prof72,SEXTA-FEIRA,0.0,
C,docente,Prof73,SEGUNDA-FEIRA,0.0,
C,docente,Prof73,TERÇA-FEIRA,2.0,
C,docente,Prof73,QUARTA-FEIRA,0.0,
C,docente,Prof73,QUINTA-FEIRA,4.0,
C,docente,Prof73,SEXTA-FEIRA,2.0,
C,docente,Prof74,SEGUNDA-FEIRA,4.0,
C,docente,Prof74,TERÇA-FEIRA,0.0,
C,docente,Prof74,QUARTA-FEIRA,3.0,
C,docente,Prof74,QUINTA-FEIRA,0.0,
C,docente,Prof74,SEXTA-FEIRA,3.0,
C,docente,Prof75,SEGUNDA-FEIRA,0.0,
C,docente,Prof75,TERÇA-FEIRA,6.0,
C,docente,Prof75,QUARTA-FEIRA,0.0,
C,docente,Prof75,QUINTA-FEIRA,6.0,
C,docente,Prof75,SEXTA-FEIRA,0.0,
C,docente,Prof76,SEGUNDA-FEIRA,0.0,
C,docente,Prof76,TERÇA-FEIRA,3.0,
C,docente,Prof76,QUARTA-FEIRA,0.0,
C,docente,Prof76,QUINTA-FEIRA,3.0,
C,docente,Prof76,SEXTA-FEIRA,0.0,
C,docente,Prof77,SEGUNDA-FEIRA,3.0,
C,docente,Prof77,TERÇA-FEIRA,3.0,
C,docente,Prof77,QUARTA-FEIRA,3.0,
C,docente,Prof77,QUINTA-FEIRA,3.0,
C,docente,Prof77,SEXTA-FEIRA,0.0,
C,docente,Prof78,SEGUNDA-FEIRA,0.0,
C,docente,Prof78,TERÇA-FEIRA,4.0,
C,docente,Prof78,QUARTA-FEIRA,0.0,
C,docente,Prof78,QUINTA-FEIRA,3.0,
C,docente,Prof78,SEXTA-FEIRA,3.0,
C,docente,Prof79,SEGUNDA-FEIRA,3.0,
C,docente,Prof79,TERÇA-FEIRA,0.0,
C,docente,Prof79,QUARTA-FEIRA,3.0,
C,docente,Prof79,QUINTA-FEIRA,0.0,
C,docente,Prof79,SEXTA-FEIRA,3.0,
C,docente,Prof80,SEGUNDA-FEIRA,3.0,
C,docente,Prof80,TERÇA-FEIRA,0.0,
C,docente,Prof80,QUARTA-FEIRA,4.0,
C,docente,Prof80,QUINTA-FEIRA,0.0,
C,docente,Prof80,SEXTA-FEIRA,3.0,
C,docente,Prof81,SEGUNDA-FEIRA,0.0,
C,docente,Prof81,TERÇA-FEIRA,0.0,
C,docente,Prof81,QUARTA-FEIRA,0.0,
C,docente,Prof81,QUINTA-FEIRA,0.0,
C,docente,Prof81,SEXTA-FEIRA,3.0,
C,docente,Prof82,SEGUNDA-FEIRA,0.0,
C,docente,Prof82,TERÇA-FEIRA,0.0,
C,docente,Prof82,QUARTA-FEIRA,4.0,
C,docente,Prof82,QUINTA-FEIRA,0.0,
C,docente,Prof82,SEXTA-FEIRA,0.0,
C,docente,Prof83,SEGUNDA-FEIRA,0.0,
C,docente,Prof83,TERÇA-FEIRA,3.0,
C,docente,Prof83,QUARTA-FEIRA,0.0,
C,docente,Prof83,QUINTA-FEIRA,4.0,
C,docente,Prof83,SEXTA-FEIRA,0.0,
C,docente,Prof84,SEGUNDA-FEIRA,0.0,
C,docente,Prof84,TERÇA-FEIRA,2.0,
C,docente,Prof84,QUARTA-FEIRA,0.0,
C,docente,Prof84,QUINTA-FEIRA,2.0,
C,docente,Prof84,SEXTA-FEIRA,0.0,
C,docente,Prof85,SEGUNDA-FEIRA,4.0,
C,docente,Prof85,TERÇA-FEIRA,0.0,
C,docente,Prof85,QUARTA-FEIRA,3.0,
C,docente,Prof85,QUINTA-FEIRA,0.0,
C,docente,Prof85,SEXTA-FEIRA,3.0,
C,docente,Prof86,SEGUNDA-FEIRA,3.0,
C,docente,Prof86,TERÇA-FEIRA,4.0,
C,docente,Prof86,QUARTA-FEIRA,0.0,
C,docente,Prof86,QUINTA-FEIRA,3.0,
C,docente,Prof86,SEXTA-FEIRA,0.0,
C,docente,Prof87,SEGUNDA-FEIRA,0.0,
C,docente,Prof87,TERÇA-FEIRA,7.0,
C,docente,Prof87,QUARTA-FEIRA,4.0,
C,docente,Prof87,QUINTA-FEIRA,7.0,
C,docente,Prof87,SEXTA-FEIRA,0.0,
C,docente,Prof88,SEGUNDA-FEIRA,2.0,
C,docente,Prof88,TERÇA-FEIRA,6.0,
C,docente,Prof88,QUARTA-FEIRA,0.0,
C,docente,Prof88,QUINTA-FEIRA,4.0,
C,docente,Prof88,SEXTA-FEIRA,0.0,
C,docente,Prof89,SEGUNDA-FEIRA,0.0,
C,docente,Prof89,TERÇA-FEIRA,0.0,
C,docente,Prof89,QUARTA-FEIRA,3.0,
C,docente,Prof89,QUINTA-FEIRA,0.0,
C,docente,Prof89,SEXTA-FEIRA,0.0,
C,docente,Prof90,SEGUNDA-FEIRA,4.0,
C,docente,Prof90,TERÇA-FEIRA,0.0,
C,docente,Prof90,QUARTA-FEIRA,3.0,
C,docente,Prof90,QUINTA-FEIRA,0.0,
C,docente,Prof90,SEXTA-FEIRA,3.0,
C,docente,Prof91,SEGUNDA-FEIRA,4.0,
C,docente,Prof91,TERÇA-FEIRA,0.0,
C,docente,Prof91,QUARTA-FEIRA,3.0,
C,docente,Prof91,QUINTA-FEIRA,0.0,
C,docente,Prof91,SEXTA-FEIRA,3.0,
C,docente,Prof92,SEGUNDA-FEIRA,0.0,
C,docente,Prof92,TERÇA-FEIRA,0.0,
C,docente,Prof92,QUARTA-FEIRA,2.0,
C,docente,Prof92,QUINTA-FEIRA,0.0,
C,docente,Prof92,SEXTA-FEIRA,2.0,
C,docente,Prof93,SEGUNDA-FEIRA,3.0,
C,docente,Prof93,TERÇA-FEIRA,0.0,
C,docente,Prof93,QUARTA-FEIRA,3.0,
C,docente,Prof93,QUINTA-FEIRA,0.0,
C,docente,Prof93,SEXTA-FEIRA,3.0,
